# vtk DataFile Version 4.2
PointVolumeInterpolator scattered point cloud (UNSTRUCTURED_GRID)
ASCII
DATASET UNSTRUCTURED_GRID
POINTS 2000 float
0.47213595500000016 -0.34314575051999996 0.4641016151399999
-1.0557280899999997 1.31370849896 -0.07179676972000015
1.416407865 -1.02943725156 -0.60769515458
-0.11145617999999935 0.6274169979200002 0.8564064605599997
-1.6393202249999987 -1.7157287526000005 0.3205080756999994
0.8328157300000001 -0.0588745031200002 -0.21539030916000002
-0.6950483149999975 1.59797974636 -0.7512886940200012
1.7770876400000013 -0.7451660041599997 0.7128129211199994
0.24922359500000013 0.9116882453200006 0.17691453625999998
-1.2786404499999975 -1.431457505200001 -0.3589838486000012
1.1934955050000013 0.22539674428000112 -0.8948822334600024
-0.3343685399999998 1.8822509937599996 0.56921938168
-1.862232585000001 -0.46089475675999836 0.03332099681999878
0.6099033700000049 1.1959594927200001 -0.5025773880400024
-0.9179606749999962 -1.1471862577999978 0.9615242271
1.5541752800000026 0.5096679916800007 0.4256258422399988
0.02631123500000143 -1.8334777588400009 -0.11027254262000241
-1.5015528099999997 -0.17662350935999882 -0.64617092748
0.9705831450000062 1.4802307401199997 0.8179306876599988
-0.557280899999995 -0.8629150104000018 0.2820323027999976
1.9148550550000039 0.7939392390800037 -0.25386608206000005
0.3869910100000027 -1.5492065114399978 -0.7897644669200048
-1.1408730349999985 0.10764773804000072 0.6743371482199976
1.3312629200000003 1.7645019875199992 0.13843876335999994
-0.19660112499999371 -0.5786437630000023 -0.3974596215000048
-1.724465170000002 1.0782104864800033 -0.9333580063600024
0.747670785000011 -1.2649352640399982 0.5307436087799999
-0.7801932599999901 0.39191898544000026 -0.005154776080004808
1.6919426950000087 -1.9512267650800013 -0.5410531609400024
0.16407865000000754 -0.29437251559999567 0.9230484541999999
-1.3637853949999936 1.3624817338800028 0.3871500693399952
1.1083505600000052 -0.9806640166399987 -0.14874831552000245
-0.41951348499999597 0.6761902328399998 -0.6846467003800001
-1.9473775299999971 -1.6669555176800017 0.7794549147599952
0.5247584250000017 -0.010101268199996127 0.24355652989999754
-1.0031056199999995 1.6467529812800024 -0.2923418549600001
1.4690303349999994 -0.6963927692399992 -0.8282402398200048
-0.058833709999987605 0.9604614802399993 0.6358613753199975
-1.5866977549999888 -1.382684270279995 0.0999629904599999
0.8854382000000101 0.2741699791999963 -0.43593539440000484
-0.6424258449999911 1.931024228680002 -0.9718337792600025
1.8297101100000077 -0.4121215218399925 0.4922678358799999
0.30184606500000655 1.2447327276399989 -0.043630548980004846
-1.2260179799999946 -1.0984130228799955 -0.5795289338400096
1.2461179750000042 0.5584412265999958 0.8845726812999999
-0.28174606999999696 -1.7847045239199986 0.34867429643999515
-1.8096101149999981 -0.12785027443999297 -0.1872240884200096
0.6625258400000007 1.5290039750399984 -0.7231224732800001
-0.8653382049999863 -0.814141775479996 0.7409791418599951
1.6067977500000126 0.8427124739999954 0.2050807569999904
0.0789337050000114 -1.500433276519999 -0.33081762786000013
-1.448930340000004 0.15642097296000657 -0.8667160127200049
1.0232056149999949 1.813275222439998 0.5973856024199904
-0.5046584299999779 -0.5298705280799965 0.06148721755999986
1.967477525000021 1.1269837214000091 -0.4744111673000049
0.43961348000001976 -1.2161620291199995 0.9896904478399904
-1.0882505649999814 0.4406922203600061 0.45379206297999986
1.3838853900000174 -1.9024535301600025 -0.08210632188000488
-0.14397865499998375 -0.24559928067999692 -0.6180047067400096
-1.671842699999985 1.4112549688000087 0.8460969083999998
0.8002932550000139 -0.93189078172 0.3101985235399951
-0.7275707899999873 0.7249634677600056 -0.22569986132000963
1.7445651650000116 -1.618182282760003 -0.7615982461800002
0.2167011200000104 0.038671966720002615 0.7025033689599951
-1.3111629249999908 1.6955262162000082 0.16660498409999036
1.160973030000008 -0.6476195343200004 -0.36929340076000017
-0.3668910149999931 1.0092347151600052 -0.9051917856200049
-1.8947550599999943 -1.3339110353600034 0.5589098295199904
0.5773808950000046 0.32294321412000215 0.023011444659999825
-0.9504831499999966 1.9797974636000077 -0.5128869402000049
1.5216528050000022 -0.3633482869200009 0.9512146749399903
-0.006211239999998952 1.2935059625600047 0.4153162900799998
-1.5340752850000001 -1.049639787960004 -0.12058209478000492
0.9380606699999987 0.6072144615200017 -0.6564804796400097
-0.589803374999974 -1.7359312889999927 0.8076211354999998
1.8823325800000248 -0.07907703952000134 0.27172275063999507
0.3544685350000236 1.5777772099600043 -0.26417563422000967
-1.1733955099999775 -0.7653685405599902 -0.8000740190800002
1.2987404450000213 0.8914857089200154 0.6640275960599951
-0.2291235999999799 -1.4516600416000074 0.12812921119999032
-1.756987644999981 0.2051942078799982 -0.4077691736600002
0.7151483100000178 1.8620484573600038 -0.943667558520005
-0.8127157349999834 -0.4810972931599906 0.5204340566199903
1.6594202200000154 1.175756956320015 -0.015464328240000214
0.13155617500001426 -1.1673887942000079 -0.551362713100005
-1.396307869999987 0.48946545527999774 0.9127389020399903
1.075828085000012 -1.8536802952399967 0.3768405171799998
-0.45203595999998925 -0.19682604575999108 -0.15905786768001917
-1.9799000049999904 1.4600282037200145 -0.6949562525400097
0.4922359500000084 -0.8831175468000083 0.7691453625999998
-1.0356280949999928 0.7737367026799973 0.23324697773998082
1.436507860000006 -1.5694090478399971 -0.3026514071200097
-0.0913561849999951 0.08744520164000846 -0.8385497919800002
-1.6192202299999963 1.744299451120014 0.6255518231599808
0.8529157250000026 -0.5988462994000088 0.08965343829999028
-0.6749483199999986 1.0580079500799968 -0.44624494656000024
1.7971876350000286 -1.2851378004399976 -0.9821433314200192
0.2693235900000275 0.371716449040008 0.4819582837199903
-1.2585404549999737 -1.9714293014799864 -0.05394010114000025
1.2135955000000251 -0.31457505200000924 -0.5898384860000192
-0.31426854499997603 1.3422791974799964 0.8742631291399903
-1.8421325899999772 -1.000866553039998 0.33836474427999974
0.6300033650000216 0.6559876964400075 -0.1975336405800192
-0.897860680000008 -1.6871580540799869 -0.7334320254400097
1.5742752749999909 -0.0303038046000097 0.7306695896999997
0.0464112299999897 1.626550444879996 0.19477120483998078
-1.4814528149999546 -0.7165953056399985 -0.34112718002000975
0.9906831400000442 0.9402589438400071 -0.8770255648800003
-0.537180904999957 -1.4028868066799873 0.5870760502599808
1.9349550500000419 0.25396744280001826 0.051177665399990246
0.4070910050000407 1.9108216922799954 -0.4847207194600003
-1.1207730399999605 -0.432324058239999 0.9793808956799808
1.3513629150000384 1.2245301912400066 0.44348251081999024
-0.1765011299999628 -1.1186155592799878 -0.09241587404000029
-1.704365174999964 0.5382386902000178 -0.6283142589000192
0.7677707800000348 -1.804907060320005 0.8357873562399902
-0.7600932649999663 -0.14805281083999944 0.2998889713799997
1.7120426900000325 1.5088014386400062 -0.23600941348001925
0.18417864500003134 -0.8343443118799883 -0.7719077983400098
-1.3436853999999698 0.8225099376000173 0.6921938167999997
1.128450555000029 -1.5206358129200055 0.15629543193998074
-0.39941348999997217 0.1362184365600001 -0.3796029529200098
-1.9272775349999733 1.7930726860400057 -0.9155013377800003
0.5448584200000255 -0.5500730644799887 0.5486002773599807
-0.9830056249999757 1.1067811850000169 0.012701892499990208
1.4891303300000232 -1.236364565520006 -0.5231964923600003
-0.03873371499997802 0.42048968395999964 0.9409051227799807
-1.5665977599999792 -1.9226560665599948 0.4050067379199902
0.9055381950000196 -0.2658018170799892 -0.13089164694000033
-0.6223258499999815 1.3910524324000164 -0.6667900318000193
1.8498101050000173 -0.9520933181200064 0.7973115833399902
0.32194606000001613 0.7047609313599992 0.26141319847999966
-1.205917984999985 -1.6383848191599952 -0.2744851863800193
1.2662179700000138 0.01846943032001036 -0.8103835712400098
-0.2616460749999874 1.675323679800016 0.6537180438999997
-1.7895101199999885 -0.6678220707200069 0.1178196590399807
0.6826258350000103 0.9890321787599987 -0.4180787258200098
-0.8452382099999909 -1.3541135717599957 -0.9539771106800004
1.626897745000008 0.3027406777200099 0.5101245044599807
0.09903370000000677 1.9595949272000155 -0.02577388040000983
-1.4288303449999944 -0.38355082332000734 -0.5616722652600004
1.0433056100000044 1.2733034261599983 0.9024293498799807
-0.48455843499999673 -1.0698423243599962 0.36653096501999016
1.987577520000002 0.5870119251200094 -0.16936741984000037
0.4597134750000009 -1.756133825399985 -0.7052658047000193
-1.0681505700000002 -0.0992795759200078 0.7588358104399902
1.4039853849999986 1.5575746735599978 0.22293742557999963
-0.12387866000000258 -0.7855710769599966 -0.3129609592800193
-1.6517427050000038 0.871283172520009 -0.8488593441400099
0.8203932500000519 -1.4718625779999854 0.6152422709999996
-0.7074707949999492 0.18499167148002016 0.07934388613998067
1.7646651600000496 1.8418459209599973 -0.45655449872000986
0.2368011150000484 -0.5012998295599971 -0.9924528835800004
-1.2910629299999528 1.1555544199200085 0.47164873155998066
1.181073025000046 -1.1875913306000143 -0.06424965330000987
-0.3467910199999551 0.4692629188800197 -0.6001480381600004
-1.8746550649999563 -1.8738828316400031 0.8639535769799807
0.5974808900000426 -0.21702858215996912 0.3280551921199901
-0.9303831549999586 1.439825667320008 -0.2078431927400004
1.5417528000000402 -0.9033200832000148 -0.7437415776000194
0.013888755000039055 0.7535341662800192 0.7203600375399901
-1.5139752899999621 -1.5896115842400036 0.1844616526799996
0.9581606650000367 0.06724266524003042 -0.35143673218001936
-0.5697033799999645 1.7240969147200076 -0.8873351170400099
1.9024325750000344 -0.6190488358000152 0.5767664980999996
0.3745685300000332 1.0378054136800188 0.04086811323998063
-1.153295514999968 -1.305340336840004 -0.4950302716200099
1.3188404400000309 0.35151391264002996 0.9690713435199996
-0.2090236049999703 -1.9916318378799929 0.4331729586599806
-1.7368876499999715 -0.3347775884000157 -0.1027254262000099
0.7352483050000274 1.3220766610800183 -0.6386238110600004
-0.7926157399999738 -1.0210690894400045 0.8254778040799806
1.679520215000025 0.6357851600400295 0.2895794192199901
0.15165617000002385 -1.7073605904799933 -0.24631896564000044
-1.3762078749999773 -0.050506341000016164 -0.782217350499991
1.0959280800000215 1.6063479084800178 0.6818842646399617
-0.43193596499997966 -0.736797842040005 0.14598587977997113
-1.9598000099999808 0.920056407440029 -0.3899125050800194
0.512335945000018 -1.4230893430799938 -0.9258108899400099
-1.0155280999999832 0.23376490639998337 0.5382907251999995
1.4566078550000157 1.8906191558800174 0.0023923403400090137
-0.07125618999998551 -0.45252659464000544 -0.5335060445200384
-1.5991202349999867 1.2043276548400286 0.9305955706199711
0.8730157200000122 -1.1388180956799943 0.3946971857599806
-0.654848324999989 0.5180361537999829 -0.14120119910000994
1.8172876300000098 -1.825109596719983 -0.6770995839600005
0.28942358500000864 -0.1682553472400059 0.787002031180009
-1.2384404599999925 1.488598902240028 0.2511036463199616
1.2336954950000063 -0.8545468482799947 -0.2847947385400289
-0.29416854999999487 0.8023074011999825 -0.8206931234000194
-1.822032594999996 -1.5408383493199835 0.64340849173999
0.6501033600000028 0.11601590015999363 0.10751010687999951
-0.8777606849999415 1.7728701496400276 -0.428388277979991
1.5943752700000573 -0.5702756008799952 -0.9642866628400384
0.06651122500005613 1.086578648599982 0.4998149522999711
-1.461352819999945 -1.256567101919984 -0.036083432560019446
1.0107831350000538 0.4002871475599932 -0.57198181742001
-0.5170809099999474 -1.9428586029599728 0.8921197977199995
1.9550550450000515 -0.28600435347999564 0.35622141286000897
0.4271910000000503 1.3708498959999815 -0.1796769720000384
-1.100673044999951 -0.9722958545199845 -0.7155753568600289
1.371462910000048 0.6845583949599927 0.7485262582799805
-0.15640113499995323 -1.6585873555599733 0.21262787341999
-1.6842651799999544 -0.0017331060799961051 -0.3232705114400005
0.7878707750000444 1.655121143399981 -0.859168896299991
-0.7399932699999567 -0.6880246071199849 0.6049327188399616
1.732142685000042 0.9688296423599922 0.06903433397997105
0.20427863999998408 -1.3743161081599737 -0.4668640508800195
-1.323585405000017 0.28253814132000343 0.99723756425999
1.1485505499999817 1.9393923907999806 0.46133917939999947
-0.37931349500001943 -0.4037533597199854 -0.07455920545999106
-1.9071775400000206 1.2531008897599918 -0.6104575903200384
0.5649584149999782 -1.0900448607599742 0.853644024819971
-0.9629056299999093 0.566809388720003 0.3177456399599805
1.5092303250000896 -1.776336361799963 -0.21815274490001002
-0.01863371999991159 -0.11948211231998584 -0.7540511297600005
-1.5464977649999128 1.5373721371599913 0.7100504853800089
0.9256381900000861 -0.8057736133599747 0.17415210051996155
-0.6022258549999151 0.8510806361200025 -0.361746284340029
1.8699101000000837 -1.4920651143999635 -0.8976446692000195
0.34204605500008256 0.1647891350800137 0.56645694593999
-1.1858179899999186 1.8216433845599909 0.030558561079999436
1.2863179650000802 -0.5215023659599751 -0.5053398237799911
-0.24154607999992095 1.135351883520002 0.9587617913599615
-1.7694101249999221 -1.207793866999964 0.422863406499971
0.7027258300000767 0.44906038248001323 -0.11303497836001952
-0.8251382149999245 -1.8940853680400096 -0.64893336322001
1.6469977400000744 -0.23723111855997558 0.8151682519199994
0.1191336950000732 1.4196231309200016 0.2792698670600089
-1.408730349999928 -0.9235226195999644 -0.2566285178000385
1.0634056050000709 0.7333316298800128 -0.792526902660029
-0.4644584399999303 -1.60981412064001 0.6715747124799805
-1.9923224849999315 0.047040128840023954 0.13567632761998993
0.47981347000006735 1.7038943783200011 -0.4002220572400006
-1.0480505749999338 -0.6392513721999649 -0.9361204420999911
1.424085380000065 1.0176028772800123 0.5279811730399615
-0.10377866499993615 -1.3255428732400105 -0.007917211820029024
-1.6316427099999373 0.3313113762400235 -0.5438155966800196
0.8404932450000615 1.9881656257200007 0.9202860184599899
-0.6873707999999397 -0.3549801247999653 0.3843876335999994
1.7847651550000592 1.3018741246800118 -0.15151075125999114
0.256901110000058 -1.041271625840011 -0.6874091361200385
-1.2709629349999432 0.615582623640023 0.776692479019971
1.2011730200000557 -1.7275631268799998 0.24079409415998043
-0.3266910249999455 -0.07070887739996579 -0.2951042907000101
-1.8545550699999467 1.5861453720800114 -0.8310026755600006
0.6175808850000521 -0.7570003784400114 0.6330989395800088
-0.910283159999949 0.8998538710400226 0.09720055471996147
1.5618527950000498 -1.4432918794800003 -0.43869783014002905
0.03398875000004864 0.21356237000003375 -0.9745962150000196
-1.4938752949999525 1.870416619480011 0.4895054001399899
0.9782606600000463 -0.4727291310400119 -0.04639298472000064
-0.5496033849999549 1.184125118440022 -0.5822913695799912
1.922532570000044 -1.1590206320800007 0.8818102455599615
0.3946685250000428 0.4978336174000333 0.34591186069997093
-1.1331955199999584 -1.8453121331199895 -0.1899865241600196
1.3389404350000405 -0.18845788364001237 -0.7258849090200101
-0.18892360999996072 1.4683963658400216 0.7382167061199993
-1.7167876549999619 -0.8747493846800012 0.20231832125995197
0.7553483000000369 0.7821048648000328 -0.33358006360003856
-0.7725157449999642 -1.56104088571999 -0.8694784484600291
1.6996202100000346 0.09581336375998717 0.5946231666799804
0.17175616500003343 1.7526676132400212 0.05872478181998986
-1.3561078799999677 -0.5904781372800016 -0.47717360304000067
1.116028075000031 1.0663761122000324 0.986928012099952
-0.4118359699999701 -1.2767696383199905 0.45102962723996143
-1.9397000149999712 0.3800846111599867 -0.0848687576200291
0.5324359400000276 -1.9630611393599793 -0.6207671424800196
-0.9954281049999736 -0.3062068898800021 0.8433344726599898
1.4767078500000252 1.350647359600032 0.3074360877999993
-0.051156194999975924 -0.9924983909199909 -0.22846229706004806
-1.579020239999977 0.6643558585599862 -0.7643606819200386
0.8931157150000217 -1.6787898919599797 0.6997409332199709
-0.6347483299999794 -0.02193564248000257 0.16384254835998036
1.8373876250000194 1.6349186070000314 -0.3720558365000102
0.30952358000001823 -0.7082271435199914 -0.9079542213600007
-1.218340464999983 0.9486271059599858 0.5561473937799519
1.2537954900000159 -1.3945186445599802 0.020249008919961398
-0.2740685549999853 0.26233560491999697 -0.5156493759400291
-1.8019325999999865 1.919189854400031 0.9484522391999803
0.6702033550000124 -0.42395589611999185 0.4125538543399898
-0.8576606899999888 1.2328983533599853 -0.12334453052000072
1.61447526500001 -1.1102473971599807 -0.6592429153800481
0.08661122000000887 0.5466068523199965 0.8048586997599614
-1.4412528249999923 -1.7965388981999695 0.26896031489997085
1.0308831300000065 -0.1396846487199923 -0.2669380699600197
-0.49698091499999464 1.5171696007599849 -0.8028364548200102
1.9751550400000042 -0.8259761497599811 0.6612651603199993
0.447290995000003 0.830878099719996 0.1253667754599519
-1.0805730499999981 -1.51226765079997 -0.41053160940003863
1.3915629050000007 0.14458659868000723 -0.9464299942600292
-0.1363011400000005 1.8014408481599844 0.5176716208799803
-1.6641651850000017 -0.5417049023599816 -0.01822676398001022
0.8079707699999972 1.1151493471199956 -0.5541251488400007
-0.719893275000004 -1.2279964033999704 0.9099764662999519
1.7522426799999948 0.42885784608000677 0.37407808143996135
0.22437863499999366 -1.914287904440016 -0.16182030342002918
-1.3034854100000075 -0.25743365495998205 -0.6977186882800197
1.168650545000105 1.3994205945199951 0.7663829268599898
-0.35921349999989616 -0.9437251559999709 0.23048454199999924
-1.8870775449998973 0.7131290934800063 -0.30541384286004813
0.5850584100001015 -1.6300166570399597 -0.8413122277200387
-0.9428056349998997 0.026837592440017488 0.6227893874199708
1.5293303200000992 1.6836918419199947 0.08689100255998028
0.001466275000097994 -0.6594539085999713 -0.44900738230001025
-1.5263977699999032 0.9974003408800058 -0.9849057671600008
0.9457381850000957 -1.3457454096399601 0.47919584797995185
-0.5821258599999055 0.311108839840017 -0.05670253688003868
1.8900100950000933 1.9679630893199942 -0.5926009217400292
0.36214605000009215 -0.37518266120002863 0.8715006933999803
-1.165717994999909 1.2816715882800054 0.33560230853998974
1.3064179600000898 -1.0614741622399606 -0.2002960763200008
-0.22144608499991136 0.5953800872399597 -0.7361944611800482
-1.7493101299999125 -1.7477656632800063 0.7279071539599613
0.7228258250000863 -0.09091141379997225 0.19200876909997078
-0.8050382199999149 1.5659428356800618 -0.34388961576001975
1.667097735000084 -0.7772029148400179 -0.8797880006200103
0.1392336900000828 0.8796513346400161 0.5843136145199992
-1.3886303549999184 -1.4634944158799499 0.04841522965995182
1.0835056000000804 0.19335983359997044 -0.4874831552000387
-0.4443584449999207 1.8502140830800045 0.9766184599399708
-1.972222489999922 -0.49293166743996153 0.44072007507998023
0.49991346500007694 1.1639225820399588 -0.0951783097800103
-1.0279505799999242 -1.1792231684800072 -0.6310766946400008
1.4441853750000746 0.4776310810000268 0.8330249204999518
-0.08367866999992657 -1.8655146695199392 0.2971265356399613
-1.6115427149999277 -0.20866042004001883 -0.23877184922002925
0.8605932400000711 1.4481938294400152 -0.7746702340800198
-0.6672708049999301 -0.8949519210799508 0.6894313810599897
1.8048651500000688 0.7619023283999695 0.15353299619999916
0.2770011050000676 -1.5812434221199965 -0.3823653886600482
-1.2508629399999336 0.07561082736003755 -0.9182637735200387
1.2212730150000652 1.7324650768399579 0.5458378416199707
-0.3065910299999359 -0.6106806736800081 0.009939456759980203
-1.834455074999937 1.046173575800026 -0.5259589281000103
0.6376808800000617 -1.29697217471994 0.9381426870399991
-0.8901831649999394 0.35988207475998024 0.4022443021799518
1.5819527900000594 -1.9832636757599857 -0.13365408268003875
0.054088745000058225 -0.32640942627995173 -0.6695524675400293
-1.473775299999943 1.3304448231999686 0.7945491475999802
0.9983606550000559 -1.0127009273199974 0.25865076273998966
-0.5295033899999453 0.6441533221600366 -0.27724762212000087
1.9426325650000535 -1.6989924283599294 -0.8131460069800482
0.4147685200000524 -0.042138178880009036 0.6509556081599612
-1.1130955249999488 1.614716070600025 0.1150572232999707
1.35904043000005 -0.728429679919941 -0.4208411615600198
-0.16882361499995113 0.9284245695599793 -0.9567395464200104
-1.6966876599999523 -1.4147211809599867 0.5073620687199991
0.7754482950000465 0.24213306852004735 -0.028536316140048257
-0.7524157499999546 1.8989873179999677 -0.5644347009999819
1.7197202050000442 -0.4441584325199983 0.8996669141399707
0.19185616000004302 1.2126958169600357 0.3637685292799233
-1.3360078849999582 -1.1304499335599303 -0.17212985558001037
1.1361280700000407 0.52640431591999 -0.7080282404400577
-0.3917359749999605 -1.816741434599976 0.7560733747000086
-1.9196000199999617 -0.15988718511994193 0.2201749898399612
0.5525359350000372 1.4969670643599784 -0.3157233950199725
-0.975328109999964 -0.8461786861599876 -0.8516217798800199
1.4968078450000348 0.8106755633200464 0.6124798352599328
-0.03105619999996634 -1.5324701872000333 0.07658145039999908
-1.5589202449999675 0.12438406228000076 -0.4593169344600483
0.9132157100000313 1.7812383117600348 -0.995215319319982
-0.6146483349999698 -0.5619074387599312 0.46888629581997066
1.857487620000029 1.0949468107199891 -0.06701208904007672
0.3296235750000278 -1.2481989397999769 -0.6029104739000104
-1.1982404699999734 0.40865530968005714 0.8611911412399422
1.2738954850000255 -1.9344904408400225 0.32529275638000854
-0.2539685599999757 -0.2776361913599885 -0.21060562848003883
-1.7818326049999769 1.3792180581200455 -0.7465040133399725
0.690303350000022 -0.9639276924000342 0.7175976017999801
-0.8375606949999792 0.6929265570799998 0.18169921693993274
1.6345752600000196 -1.6502191934399661 -0.35419916792000095
0.10671121500001846 0.006635056040067866 -0.8900975527800483
-1.4211528299999827 1.6634893055199882 0.574004062360018
1.0509831250000161 -0.6796564449999778 0.038105677499970625
-0.47688091999998505 0.9771978044800562 -0.49779270736007675
1.9952550350000138 -1.3659479460400235 0.9663089077799896
0.4673909900000126 0.29090630344001056 0.4304105229199422
-1.0604730549999886 1.9477605529200446 -0.10548786193999149
1.4116629000000103 -0.3953851976000351 -0.6413862468000389
-0.1162011449999909 1.261469051879999 0.8227153683400275
-1.644065189999992 -1.081676698639967 0.2868169834799801
0.8280707650000068 0.5751775508400669 -0.2490814013800673
-0.6997932799999944 -1.7679681996800127 -0.784979786240001
1.772342675000118 -0.11111395019997872 0.6791218288999517
0.24447863000011694 1.5457402992800553 0.14322344404001797
-1.2833854149998842 -0.7974054512400244 -0.3926749408200294
1.1887505400001146 0.8594487982400096 -0.9285733256800768
-0.3391135049998866 -1.4836969522799563 0.5355282894599895
-1.8669775499998877 0.17315729719996398 -0.0003700954000578349
0.6051584050001111 1.830011546679998 -0.5362684802599915
-0.9227056399998901 -0.513134203839968 0.9278331348799611
1.5494303150001087 1.143720045640066 0.39193475001991374
0.02156627000010758 -1.1994257048800137 -0.14396363484001995
-1.5062977749998936 0.45742854460002036 -0.6798620197000673
0.9658381800001052 -1.8857172059199456 0.784239595439999
-0.5620258649998959 -0.2288629564400253 0.24834121057995162
1.910110090000103 1.4279912930400087 -0.28755717427998206
0.38224604500010173 -0.9151544574799573 -0.8234555591400294
-1.1456179999998994 0.741699791999963 0.6406460559999232
1.3265179550000994 -1.601445958520003 0.1047476711399895
-0.20134608999990178 0.05540829096003108 -0.43115071372005787
-1.729210134999903 1.712262540440065 -0.9670490985799916
0.7429258200000959 -0.6308832100800146 0.4970525165599611
-0.7849382249999053 1.0259710394000194 -0.038845868300086295
1.6871977300000935 -1.3171747111199466 -0.57474425316002
0.15933368500009237 0.3396795383599738 0.8893573619799326
-1.3685303599999088 1.9965337878400078 0.35345897711999896
1.10360559500009 -0.3466119626799582 -0.1824394077400484
-0.42425844999991114 1.3102422867999621 -0.7183377925999821
-1.9521224949999123 -1.0329034637200039 0.7457638225399705
0.5200134600000865 0.6239507857600302 0.20986543767992316
-1.0078505849999146 -1.7191949647599358 -0.3260329471800105
1.4642853700000842 -0.0623407152800155 -0.8619313320400579
-0.06357867499991698 1.5945135342000185 0.6021702831000084
-1.5914427200000318 -0.7486322163199475 0.06627189823996105
0.8806932350000807 0.9082220331599729 -0.4696264866200863
-0.6471708100000342 -1.4349237173599931 0.99447512851998
1.8249651450000783 0.22193053212004088 0.4585767436599326
0.2971010999999635 1.8787847815999612 -0.07732164120000107
-1.230762944999924 -0.4643609689200048 -0.6132200260600484
1.2413730099999611 1.1924932805600292 0.8508815890800179
-0.28649103499992634 -1.1506524699599368 0.3149832042199705
-1.8143550800000412 0.5062017795199836 -0.22091518064007687
0.6577808750000713 -1.8369439709999824 -0.7568135655000106
-0.8700831700000435 -0.1800897215199484 0.7072880496399421
1.602052785000069 1.476764527959972 0.1713896647800084
0.0741887400001815 -0.8663812225599941 -0.364508720080039
-1.4536753049999334 0.79047302692004 -0.9004071049400864
1.0184606500001792 -1.552672723599926 0.56369451019998
-0.5094033949999357 0.1041815258799943 0.027796125339932587
1.9627325600001768 1.7610357753600283 -0.5081022595200011
0.43486851500006196 -0.5821099751599377 0.9559993556199515
-1.0929955299998255 1.0747442743199827 0.42010097076001784
1.3791404250000596 -1.2684014761999833 -0.11579741410002953
-0.14872361999982786 0.3884527732800507 -0.6516957989600769
-1.6765876649999427 -1.954692977240029 0.8124058161799894
0.7955482900001698 -0.297838727759995 0.27650743131994204
-0.7323157549999451 1.359015521720039 -0.25939095353999164
1.7398202000001675 -0.984130228799927 -0.795289338400039
0.2119561550000526 0.6727240206799934 0.6688122767399136
-1.3159078899998349 -1.6704217298399726 0.13291389187997993
1.1562280650000503 -0.0135674803599386 -0.40298449298006744
-0.3716359799998372 1.6432867691199817 -0.9388828778400011
-1.899500024999952 -0.6998589813999843 0.5252187372999515
0.5726359300001604 0.9569952680800498 -0.010679647559982186
-0.9552281149999544 -1.38615048244003 -0.5465780324200296
1.516907840000158 0.2707037670400041 0.9175235827199231
-0.010956204999956753 1.927558016520038 0.3816251978599894
-1.5388202499998442 -0.4155877339999279 -0.154273187000058
0.9333157050000409 1.2412665154799924 -0.6901715718599917
-0.5945483399998466 -1.1018792350399735 0.773930043279961
1.8775876150000386 0.5549750144400605 0.23803165841991358
0.3497235700001511 -1.7881707360800192 -0.2978667264400201
-1.1781404749999638 -0.13131648659998518 -0.8337651113000675
1.2939954800001487 1.5255377628800488 0.6303365038399988
-0.2338685649999661 -0.8176079876400308 0.09443811897995147
-1.7617326099998536 0.8392462618400032 -0.4414602658799822
0.7104033450000315 -1.5038994886799628 -0.9773586507400296
-0.8174606999998559 0.1529547608000712 0.48674296439992304
1.6546752550000292 1.8098090102799915 -0.049155420460010646
0.12681121000014173 -0.5333367402399745 -0.585053805320058
-1.4010528349999731 1.1235175092400596 0.8790478098200083
1.0710831200001394 -1.2196282412800201 0.3431494249599609
-0.45678092499997547 0.4372260082000139 -0.19274895990008645
-1.984644969999863 -1.905919742319952 -0.7286473447600201
0.4874909850000222 -0.24906549284003177 0.7354542703799325
-1.0403730599998653 1.4077887566400022 0.1995558855199988
1.4317628950000199 -0.9353569938799637 -0.33634249934004856
-0.09610114999986763 0.7214972556000703 -0.8722408841999822
-1.6239651949999825 -1.6216484949200094 0.5918607309399704
0.84817076000013 0.035205754560024616 0.05596234607992301
-0.6796932849999848 1.6920600040400586 -0.4799360387800107
1.7924426700001277 -0.651085746480021 0.984165576359942
0.26457862500001283 1.005768503000013 0.44826719150000827
-1.2632854199998746 -1.337377247519953 -0.0876311933600391
1.2088505350000105 0.3194770019599673 -0.6235295782200865
-0.319013509999877 1.9763312514400013 0.8405720369199798
-1.8468775549999918 -0.36681449907996466 0.30467365205993246
0.6252584000001207 1.2900397504000694 -0.23122473280000122
-0.9026056449999942 -1.0531060001200103 -0.7671231176600486
1.5695303100001183 0.6037482493600237 0.6969784974800177
0.04166626500000348 -1.7393975011599423 0.16108011261997035
-1.486197779999884 -0.08254325168002197 -0.374818272240077
0.9859381750000011 1.574310997800012 -0.9107166571000107
-0.5419258699998863 -0.7688347527199539 0.5533849580399419
1.9302100849999988 0.8880194967599664 0.017486573180008236
0.4023460400001113 -1.4551262537599996 -0.5184118116800391
-1.1255180050000035 0.20172799572003441 0.9456898034599135
1.346617950000109 1.8585822452000684 0.4097914185999798
-0.18124609500000588 -0.48456350532001125 -0.12610696626006757
-1.7091101399998934 1.1722907441600228 -0.6620053511200013
0.7630258149999918 -1.1708550063599432 0.8020962640199514
-0.7648382299998957 0.4859992431199771 0.2661978791600177
1.7072977249999894 -1.8571465073999889 -0.2697005057000297
0.17943368000010196 -0.20029225791995486 -0.805598890560077
-1.348430365000013 1.4565619915599655 0.6585027245799893
1.1237055900000996 -0.8865837589600005 0.12260433971994189
-0.40415845500001524 0.7702704905200335 -0.4132940451399918
-1.9320224999999027 -1.5728752599999325 -0.9491924300000392
0.5401134549999824 0.08397898947998783 0.5149091851399135
-0.9877505899999051 1.7408332389600218 -0.020989199720020224
1.48438536499998 -0.6023125115599441 -0.5568875845800676
-0.0434786799999074 1.0545417379199762 0.9072140305599987
-1.5713427250000223 -1.2886040125999898 0.37131564569995135
0.9007932300000903 0.3682502368800442 -0.16458273915998234
-0.6270708150000246 -1.9748955136400355 -0.7004811240200297
1.845065140000088 -0.31804126416000145 0.7636204911199229
0.31720109499997307 1.3388129853200326 0.22772210625998923
-1.2106629499999144 -1.0043327651999334 -0.30817627860005814
1.2614730049999707 0.6525214842799869 -0.8440746634599918
-0.26639103999991676 -1.690624266239979 0.6200269516799608
-1.7942550849998042 -0.033770016759945065 0.08412856681991343
0.6778808700000809 1.6230842327199753 -0.45176981804002025
-0.8499831749998066 -0.7200615177999907 -0.9876682029000676
1.6221527800000786 0.9367927316800433 0.4764334122399987
0.09428873500019108 -1.4063530188399227 -0.059464972620048684
-1.4335753099999238 0.25050123063999763 -0.5953633574800961
1.0385606450001887 1.9073554801200316 0.8687382576599703
-0.4893033999999261 -0.43579027039993434 0.3328398727999229
1.9828325550001864 1.221063979079986 -0.2030585120600108
0.45496851000007155 -1.12208177143998 -0.7389568969200582
-1.072895534999816 0.534772478040054 0.7251447182200081
1.3992404200000692 -1.8083732724800257 0.18924633335996077
-0.12862362499981828 -0.15151902299999165 -0.3466520515000866
-1.6564876699999331 1.5053352264800424 -0.8825504363600203
0.8156482850001794 -0.8378105240399236 0.5815511787799323
-0.7122157599999355 0.8190437254399967 0.04565279391999866
1.759920195000177 -1.5241020250799693 -0.4902455909400487
0.2320561500000622 0.13275222440006473 0.9738560241999039
-1.2958078949998253 1.789606473879985 0.43795763933997023
1.1763280600000598 -0.5535392766399809 -0.09794074552007714
-0.35153598499982763 1.103314972840053 -0.6338391303800108
-1.8794000299999425 -1.2398307776800266 0.8302624847599418
0.59273592500017 0.41702347180000743 0.2943640999000081
-0.9351281199999448 -1.9261222787199586 -0.24153428496003926
1.5370078350001677 -0.26926802923992454 -0.7774326698200866
0.009143790000052832 1.3875862202399958 0.6866689453199797
-1.5187202549998347 -0.9555595302799702 0.1507705604599323
0.9534157000000505 0.7012947192000638 -0.3851278244000014
-0.574448344999837 -1.6418510313200159 -0.9210262092600487
1.8976876100000482 0.01500321816001815 0.5430754058799039
0.36982356500016067 1.6718574676400522 0.007177021019970198
-1.1580404799999542 -0.6712882828800275 -0.5287213638400772
1.3140954750001583 0.9855659666000065 0.9353802512999891
-0.21376856999995653 -1.3575797839199595 0.39948186643994177
-1.741632614999844 0.29927446556007453 -0.13641651841999192
0.7305033400000411 1.9561287150399949 -0.6723149032800393
-0.7973607049998463 -0.3870170354799711 0.7917867118599133
1.6747752500000388 1.2698372140000629 0.25588832699997965
0.1469112050001513 -1.0733085365200168 -0.2800100578600677
-1.3809528399999635 0.5835457129600172 -0.8159084427200014
1.091183115000149 -1.7596000375599488 0.6481931724199512
-0.4366809299999659 -0.10274578808002843 0.11229478755990385
-1.9645449749998534 1.5541084614000056 -0.42360359730002983
0.5075909800000318 -0.7890372891199604 -0.9595019821600772
-1.0202730649998557 0.8678169603600736 0.5045996329799891
1.4518628900000294 -1.475328790160006 -0.03129875188005826
-0.07600115499985804 0.18152545932002795 -0.567197136739992
-1.603865199999973 1.838379708800062 0.8969044783999607
0.8682707550001396 -0.5047660417200177 0.3610060935399133
-0.6595932899999752 1.1520882077600163 -0.17489229132002038
1.8125426650001373 -1.1910575427599497 -0.7107906761800677
0.2846786200000224 0.46579670671997064 0.7533109389599986
-1.243185424999865 -1.8773490437999953 0.2174125540999512
1.22895053000002 -0.22049479431996133 -0.3184858307600962
-0.2989135149998674 1.4363594551600727 -0.8543842156200299
-1.8267775599999823 -0.906786295360007 0.6097173995199228
0.6453583950001303 0.750067954120027 0.07381901465998908
-0.8825056499999846 -1.593077796399939 -0.4620793702000583
1.589630305000128 0.06377645307998137 -0.997977755059992
0.06176626000001306 1.7206307025600154 0.46612386007996065
-1.4660977849998744 -0.6225150479599506 -0.06977452478008672
1.0060381700000107 1.0343392015199697 -0.6056729096400204
-0.5218258749998768 -1.3088065489999963 0.8584287054999322
1.9503100800000084 0.34804770048003775 0.32253032063999854
0.4224460350001209 -1.9950980500399282 -0.21336806422004884
-1.105418009999994 -0.3382438005600079 -0.7492664490800962
1.3667179450001186 1.318610448920026 0.7148351660599701
-0.1611460999999963 -1.0245353015999399 0.17893678119992273
-1.6890101449998838 0.6323189478799804 -0.35696160366001095
0.7831258100000014 -1.7108268026399855 -0.8928599885200583
-0.7447382349998861 -0.05397255315995153 0.571241626620008
1.727397719999999 1.6028816963199688 0.03534324175996062
0.19953367500011154 -0.7402640541999972 -0.5005551431000868
-1.3283303700000033 0.9165901952800368 0.9635464720399796
1.1438055850001092 -1.4265555552399292 0.4276480871799322
-0.38405846000000565 0.23029869423999116 -0.1082502976800015
-1.9119225049998931 1.8871529437200252 -0.6441486825400489
0.560213449999992 -0.4559928067999408 0.8199529325999038
-0.9676505949998955 1.2008614426799795 0.2840545477399701
1.5044853599999897 -1.1422843078399865 -0.2518438371200773
-0.023378684999897814 0.5145699416400475 -0.787742221980011
-1.5512427300000127 -1.8285758088800321 0.6763593931599416
0.9208932250000998 -0.1717215593999981 0.14046100830000796
-0.606970820000015 1.485132690080036 -0.3954373765600394
1.8651651350000975 -0.8580130604399301 -0.9313357614200868
0.33730109000021 0.7988411890399902 0.5327658537199795
-1.1905629549999048 -1.5443045614799757 -0.00313253114006784
1.2815730000002077 0.11254968800005827 -0.5390309160000015
-0.24629104499990717 1.7694039374799786 0.9250706991399511
-1.7741550899997947 -0.5737418130399874 0.38917231427990373
0.6979808650000905 1.0831124364400466 -0.14672607058002995
-0.829883179999797 -1.2600333140799194 -0.6826244554400773
1.6422527750000881 0.39682093540000096 0.781477159699989
0.11438873000020067 -1.946324815119965 0.24557877483994162
-1.4134753149999142 -0.289470565639931 -0.29031961001999207
1.0586606400001983 1.3673836838399893 -0.8262179948800394
-0.46920340499991653 -0.9757620666799767 0.6378836202599132
-1.997067449999804 0.6810921828000573 0.1019852353999795
0.47506850500008113 -1.6620535677200223 -0.43391314946006787
-1.0527955399998064 -0.005199318239988315 -0.9698115343200016
1.4193404150000788 1.6516549312400457 0.49429008081995107
-0.10852362999980869 -0.6914908192799203 -0.0416083040400963
-1.6363876749999235 0.9653634302 -0.57750668890003
0.835748280000189 -1.377782320319966 0.8865949262399226
-0.6921157649999259 0.27907192916006807 0.35069654137998896
1.7800201900001866 1.9359261786399884 -0.18520184348005841
0.2521561450000718 -0.4072195718799776 -0.7211002283399921
-1.2757078999998157 1.2496346775999427 0.7430013867999605
1.1964280550000694 -1.0935110729199096 0.20710300193991316
-0.33143598999981805 0.5633431765600108 -0.32879538292002053
-1.859300034999933 -1.779802573960069 -0.8646937677800679
0.6128359200001796 -0.12294832447992121 0.5994078473599984
-0.9150281249999352 1.5339059249999991 0.06350946249995104
1.5571078300001773 -0.8092398255200806 -0.47238892236009633
0.029243785000062417 0.8476144239600671 0.99171269277997
-1.498620259999825 -1.4955313265600125 0.4558143079199226
0.9735156950000601 0.16132292292013517 -0.08008407694001107
-0.5543483499998274 1.8181771724000555 -0.6159824618000584
1.9177876050000577 -0.5249685781200242 0.8481191533400079
0.38992356000017026 1.1318856713601235 0.3122207684799605
-1.1379404849999446 -1.2112600791599561 -0.22367761638008687
1.334195470000168 0.4455941703199642 -0.7595760012400206
-0.19366857499994694 -1.8975515801998881 0.7045256138999321
-1.7215326199998344 -0.2406973307199678 0.16862722903999838
0.7506033350000507 1.4161569187599525 -0.367271155820049
-0.7772607099998368 -0.9269888317598998 -0.9031695406800964
1.6948752450000484 0.7298654177200206 0.56093207445997
0.1670112000001609 -1.6132803328000591 0.02503368959992258
-1.360852844999954 0.04357391668008859 -0.5108646952600111
1.1112831100001586 1.700428166160009 0.9532369198799415
-0.4165809349999563 -0.6427175843600708 0.41733853501989415
-1.9444449799998438 1.014136665120077 -0.11855984984003953
0.5276909750000414 -1.3290090854000027 -0.6544582347000869
-1.0001730699998461 0.3278451640799176 0.8096433804399794
1.471962885000039 1.9846994135600653 0.27374499557993204
-0.05590115999984846 -0.3584463369600144 -0.26215338928000165
-1.5837652049999633 1.2984079125201333 -0.798051774140049
0.8883707500001492 -1.0447378379999464 0.6660498409999036
-0.6394932949999657 0.612116411479974 0.13015145613996992
1.8326426600001469 -1.7310293390398783 -0.40574692872007745
0.304778615000032 -0.074175089559958 -0.9416453135800111
-1.2230854299998555 1.5826791599199623 0.5224563015599415
1.2490505250000297 -0.76046659059989 -0.013442083300105878
-0.2788135199998578 0.8963876588800304 -0.5493404681600396
-1.8066775649999727 -1.4467580916400493 0.9147611469799131
0.6654583900001398 0.21009615784009839 0.3788627621199794
-0.862405654999975 1.8669504073200187 -0.157035622740068
1.6097303000001375 -0.47619534320006096 -0.6929340076000017
0.08186625500002265 1.1806589062800867 0.771167607539951
-1.4459977899998648 -1.162486844239993 0.23526922267990358
1.0261381650000203 0.4943674052399274 -0.3006291621800301
-0.5017258799998672 -1.848778345279925 -0.8365275470400775
1.970410075000018 -0.19192409580000458 0.6275740680999888
0.4425460300001305 1.4649301536799157 0.09167568323994146
-1.0853180149999844 -0.8782155968399366 -0.4442227016201059
1.3868179400001281 0.7786386526399838 -0.9801210864800396
-0.1410461049999867 -1.5645070978798685 0.48398052865991303
-1.6689101499998742 0.0923471516000518 -0.05191785620002065
0.803225805000011 1.7492014010799721 -0.587816241060068
-0.7246382399998765 -0.5939443494398802 0.8762853740799983
1.7474977150000086 1.0629099000400402 0.3403869892199509
0.21963367000012113 -1.2802358504800395 -0.19551139564009645
-1.3082303749999937 0.3766183990001082 -0.7314097805000301
1.1639055800001188 -1.9665273515199715 0.7326918346399225
-0.36395846499999607 -0.30967310204005116 0.1967934497799888
-1.8918225099998836 1.3471811474400965 -0.33910493508005857
0.5803134450000016 -0.9959646030799831 -0.8750033199401059
-0.9475505999998859 0.6608896463999372 0.5890982951999604
1.5245853549999993 -1.682256104119915 0.053199910339913004
-0.003278689999888229 -0.02540185463999478 -0.4826984745200207
-1.5311427349997757 1.6314523948399255 0.981403140619932
0.9409932200001094 -0.7116933556799268 0.44550475575999826
-0.586870824999778 0.9451608937999936 -0.09039362910004911
1.885265130000107 -1.3979848567198587 -0.6262920139600965
0.3574010850002196 0.2588693927600616 0.8378096011799698
-1.1704629599998952 1.915723642239982 0.30191121631992246
1.3016729950002173 -0.42742210827987037 -0.23398716854001123
-0.2261910499998976 1.22943214120005 -0.7698855534000586
-1.754055094999785 -1.1137136093200297 0.694216061739894
0.7180808600001001 0.543140640160118 0.15831767687996035
-0.8097831849997874 -1.8000051103599617 -0.377580707980087
1.6623527700000977 -0.14315086088004136 -0.9134790928400207
0.13448872500021025 1.5137033886001063 0.5506225222999319
-1.3933753199999046 -0.8294423619199733 0.01472413743999823
1.078760635000208 0.827411887559947 -0.5211742474200491
-0.44910340999990694 -1.5157338629599053 0.9429273677199035
-1.9769674549997944 0.14112038652001502 0.4070289828599698
0.4951685000000907 1.7979746359999353 -0.12886940199996388
-1.0326955449997968 -0.545171114519917 -0.6647677868600113
1.4394404100000884 1.1116831349600034 0.7993338282799414
-0.0884236349997991 -1.2314626155600763 0.263435443419894
-1.616287679999914 0.4253916339200714 -0.27246294144015337
0.8558482750001986 -1.9177541166000083 -0.8083613262999734
-0.6720157699999163 -0.2608998671198606 0.6557402888399793
1.8001201850001962 1.3959543823600598 0.11984190397993189
0.27225614000008136 -0.9471913681600199 -0.4160564808801155
-1.2556079049998061 0.7096628813201278 -0.9519548657401629
1.216528050000079 -1.633482869199952 0.5121467494000171
-0.31133599499980846 0.023371380279968434 -0.02375163546003023
-1.8392000399999233 1.6802256297601161 -0.5596500203200776
0.6329359150001892 -0.6629201207599635 0.904451594819875
-0.8949281299999257 0.9939341287199568 0.36855320996005503
1.5772078250001869 -1.3492116217998955 -0.16734517489999234
0.049343780000072 0.3076426276800248 -0.7032435597600397
-1.4785202649998155 1.9644968771599451 0.7608580553799129
0.9936156900000697 -0.37864887335990716 0.22495967051986554
-0.5342483549998178 1.2782053761200132 -0.31093871433995446
1.9378876000000673 -1.0649403744000665 -0.8468370992000018
0.41002355500017984 0.5919138750800812 0.6172645159399508
-1.117840489999935 -1.7512318754399985 0.08136613107990343
1.3542954650001775 -0.09437762596007815 -0.45453225378014395
-0.17356857999993736 1.5624766235200696 -0.990430638639964
-1.7014326249998248 -0.7806691270000101 0.4736709764999887
0.7707033300000603 0.8761851224801376 -0.06222740836005869
-0.7571607149998272 -1.466960628039942 -0.5981257932201061
1.714975240000058 0.18989362143997823 0.8659758219198466
0.18711119500017048 1.846747870920126 0.33007743706002657
-1.3407528499999444 -0.49639787959995374 -0.2058209478000208
1.1313831050001681 1.1604563698799666 -0.7417193326600682
-0.3964809399999467 -1.1826893806398857 0.7223822824798845
-1.9243449849998342 0.4741648688400346 0.18648389761983708
0.547790970000051 -1.868980881680045 -0.3494144872399829
-0.9800730749998365 -0.21212663219989736 -0.8853128721000303
1.4920628800000486 1.444727617280023 0.5787887430399223
-0.035801164999838875 -0.8984181332400567 0.042890358179874966
-1.5636652099999537 0.758436116240091 -0.49300802667994503
0.9084707450001588 -1.5847096342799887 0.9710935884600076
-0.6193932999999561 0.07214461519993165 0.4351952035999602
1.8527426550001564 1.7289988646800794 -0.10070318126008715
0.3248786100000416 -0.6141468858400003 -0.6366015661201345
-1.202985434999846 1.04270736363992 0.8275000490200455
1.2691505200000393 -1.3004383868799323 0.2916016641599981
-0.25871352499984823 0.35641586259998803 -0.24429672070004926
-1.786577569999963 -1.9867298879198643 -0.7801951055600966
0.6855583850001494 -0.32987563843994394 0.683906509579856
-0.8423056599999654 1.3269786110399764 0.148008124720036
1.629830295000147 -1.016167139479876 -0.3878902601400114
0.10196625000003223 0.6406871100000444 -0.9237886450000588
-1.4258977949998553 -1.7024586405200353 0.5403129701398939
1.04623816000003 -0.04560439103988756 0.004414585279846506
-0.4816258849998576 1.6112498584400328 -0.5314837995799735
1.9905100700000276 -0.7318958920800469 0.9326178155599791
0.46264602500014007 0.9249583574001008 0.39671943069993176
-1.0652180199999748 -1.4181873931199789 -0.1391789541601156
1.4069179350001377 0.23866685635994145 -0.675077339020163
-0.12094610999997712 1.8955211058400891 0.789024276120017
-1.6488101549998646 -0.4476246446799905 0.25312589125996965
0.8233258000000205 1.2092296047999298 -0.2827724936000777
-0.704538244999867 -1.1339161457199225 -0.8186708784601251
1.7675977100000182 0.5229381037599978 0.6454307366800549
0.2397336650001307 -1.8202076467600818 0.10953235182000753
-1.2881303799999841 -0.16335339727993414 -0.42636603304003984
1.1840055750001284 1.4935008521999862 -0.9622644179000872
-0.3438584699999865 -0.8496448983198661 0.5018371972398654
-1.871722514999874 0.8072093511600542 -0.03406118761995458
0.6004134400000112 -1.5359363993600255 -0.569959572480002
-0.9274506049998763 0.12091785012012224 0.8941420426599507
1.5446853500002362 1.7777720996000426 0.3582436577999033
0.016821305000121356 -0.5653736509200371 -0.17765472706014407
-1.5110427399997661 1.0914805985601106 -0.7135531119199641
0.961093215000119 -1.251665151959969 0.7505485032199886
-0.5667708299997685 0.40518909751995125 0.2146501183599412
1.9053651250001167 -1.937956652999901 -0.3212482665001062
0.3775010800002292 -0.2811024035199807 -0.8571466513601536
-1.1503629649998857 1.3757518459599396 0.6069549637800264
1.3217729900002269 -0.9673939045599127 0.07105657891997907
-0.206091054999888 0.6894603449200076 -0.4648418059400683
-1.7339550999997755 -1.653685405600072 0.9992598091998843
0.7381808550001097 0.0031688438800756558 0.46336142433983696
-0.7896831899997778 1.660023093359996 -0.07253696051998304
1.6824527650001073 -0.6831226571598563 -0.6084353453800304
0.15458872000021984 0.973731592320064 0.8556662697599222
-1.373275324999895 -1.3694141582000157 0.31976788489987484
1.0988606300002175 0.28744009128013204 -0.21613049996017253
-0.42900341499989736 1.9442943407600524 -0.7520288848199925
-1.9568674599997848 -0.3988514097600273 0.7120727303199601
0.5152684950001003 1.2580028397201204 0.17617434545991273
-1.0125955499997872 -1.0851429107999593 -0.35972403940013464
1.459540405000098 0.571711338679961 -0.8956224242599546
-0.06832363999978952 -1.7714344118398913 0.568479190879998
-1.5961876849999044 -0.11458016235997093 0.032580806019950614
0.8759482700002081 1.5422740871199494 -0.5033175788400968
-0.6519157749999067 -0.8008716633999029 0.9607840362998559
1.8202201800002058 0.8559825860800174 0.42488565144003587
0.29235613500009094 -1.4871631644400622 -0.1110127334200115
-1.2355079099997965 0.16969108504008545 -0.6469111182800589
1.2366280450000886 1.8265453345200058 0.8171904968598938
-0.2912359999997989 -0.5166004160000739 0.2812921119998464
-1.8191000449999137 1.1402538334800738 -0.2546062728599736
0.6530359100001988 -1.2028919170400059 -0.790504657720021
-0.8748281349999161 0.45396233244014184 0.6735969574199316
1.5973078200001964 -1.8891834180799378 0.13769857255988427
0.06944377500008159 -0.2323291686000175 -0.3981998123001631
-1.458420269999806 1.4245250808801302 -0.9340981971599831
1.0137156850000792 -0.9186206696399495 0.5300034179799695
-0.5141483599998082 0.7382335798399708 -0.005894966880077845
1.957987595000077 -1.6049121706798815 -0.5417933517401252
0.4301235500001894 0.05194207880003887 0.9223082633998274
-1.0977404949999254 1.7087963282799592 0.3864098785400074
1.374395460000187 -0.6343494222398931 -0.14948850632003996
-0.15346858499992777 1.0225048272400272 -0.6853868911800873
-1.6813326299998153 -1.3206409232800524 0.7787147239598653
0.7908033250000699 0.33621332620009525 0.2428163391000453
-0.7370607199998176 1.9930675756800156 -0.2930820457600021
1.7350752350000676 -0.3500781748400641 -0.8289804306200494
0.20721119000018007 1.3067760746400836 0.6351211845199032
-1.3206528549999348 -1.036369675879996 0.09922279965985581
1.1514831000001777 0.6204845735999243 -0.4366755851999642
-0.37638094499993713 -1.722661176919928 -0.9725739700600116
-1.9042449899998246 -0.06580692744000771 0.49152764507994107
0.5678909650000605 1.59104732204014 -0.044370739780106305
-0.959973079999827 -0.7520984284799397 -0.5802691246401537
1.5121628750000582 0.9047558209999806 0.8838324905000263
-0.01570116999982929 -1.4383899295198717 0.34793410563997895
-1.5435652149999441 0.21846431996004867 -0.18796427922006842
0.9285707400001684 1.875318569439969 -0.7238626640801158
-0.5992933049997191 -0.4678271810798833 0.7402389510598368
1.872842650000166 1.189027068400037 0.20434056620001684
0.3449786050000512 -1.1541186821200426 -0.33155781866003053
-1.1828854400000637 0.502735567360105 -0.8674562035200779
1.2892505150002762 -1.8404101831599746 0.5966454116198747
-0.23861352999983865 -0.1835559336800543 0.06074702675982735
-1.7664775749999535 1.4732983158000934 -0.47515135809999265
0.7056583799999316 -0.8698474347199863 0.98895025703996
-0.8222056649997285 0.7870068147599341 0.4530518721799126
1.6499302900001567 -1.5561389357599182 -0.08284651268013477
0.12206624500004182 0.10071531372000209 -0.6187448975399548
-1.405797800000073 1.7575695631999224 0.8453567175999979
1.0663381550002669 -0.5855761873199299 0.3094583327399505
-0.461525889999848 1.0712780621599904 -0.22644005212009688
-1.9893899349999629 -1.2718676883598619 -0.7623384369801443
0.4827460199999223 0.38498656112005847 0.7017631781600357
-1.0451180249997378 -1.9581591894000212 0.16586479329998838
1.4270179300001473 -0.3013049399198735 -0.370033591560059
-0.10084611499996754 1.3555493095600468 -0.9059319764201064
-1.6287101600000824 -0.9875964409600329 0.5581696387198463
0.8434257950002575 0.6692578085201148 0.022271253860026263
-0.6844382499998574 -1.6738879419999648 -0.5136271310000211
1.7876977050000278 -0.017033692520044497 0.9504744841399315
0.2598336599999129 1.6398205569601032 0.41457609927988415
-1.2680303849997472 -0.7033251935599765 -0.12132228558016322
1.204105570000138 0.9535290559199439 -0.6572206704399832
-0.3237584749999769 -1.3896166945999084 0.8068809446999694
-1.851622519999637 0.2672375548800119 0.27098255983992203
0.6205134350002481 1.9240918043599322 -0.26491582502012534
-0.9073506099998667 -0.4190539461599201 -0.8008142098801727
1.5647853450000184 1.2378003033200002 0.6632874052600073
0.036921300000358315 -1.105345447199852 0.12738902039995992
-1.4909427449997565 0.5515088022800683 -0.40850936446008745
0.9811932100001286 -1.7916369482400114 -0.9444077493201348
-0.5466708349999863 -0.1347826987598637 0.5196938658200452
1.9254651200003536 1.5220715507200566 -0.016204519040002197
0.3976010750002388 -0.821074199800023 -0.5521029039000496
-1.130262969999876 0.8357800496801246 0.9119987112399031
1.341872985000009 -1.507365700839955 0.3761003263798557
-0.18599105999965104 0.1494885486399653 -0.1597980584799643
-1.713855104999766 1.806342798120113 -0.6956964433400117
0.7582808500001192 -0.5368029523999667 0.768405171799941
-0.7695831949999956 1.1200512970799537 0.23250678693989357
1.7025527600003443 -1.2230944534398986 -0.3033915979201538
0.17468871500022942 0.4337597960400217 -0.8392899827799738
-1.3531753299998854 -1.909385954480058 0.6248116323599788
1.1189606249999997 -0.2525317049999103 0.08891324749993146
-0.4089034199996604 1.40432254448001 -0.4469851373601159
-1.9367674649997753 -0.9388232060400696 -0.9828835222201633
0.5353684900001099 0.7180310434400781 0.4812180929200167
-0.992495555000005 -1.6251147070800016 -0.054680291940030656
1.479640400000335 0.03173954240014609 -0.590578676800078
-0.048223644999779935 1.6885937918800664 0.8735229383398746
-1.5760876899998948 -0.6545519586400133 0.3376245534798272
0.8960482649999904 1.0023022908401344 -0.19827383137999277
-0.6318157799996698 -1.3408434596799452 -0.7341722162400401
1.8403201750002154 0.3160107897999751 0.7299293988999125
0.31245613000010053 1.9728650392801228 0.1940310140398651
-1.2154079150000143 -0.3702807112399569 -0.3418673708199549
1.2567280400003256 1.2865735382399635 -0.8777657556800023
-0.2711360049997893 -1.0565722122798888 0.5863358594599504
-1.7990000499999041 0.6002820372000315 0.050437474599903
0.673135904999981 -1.7428637133200482 -0.4854609102601444
-0.8547281399996791 -0.08600946383990049 0.9786407048800356
1.617407815000206 1.5708447856400198 0.44274232001998826
0.08954377000009117 -0.7723009648800598 -0.09315606484005912
-1.4383202750000237 0.8845532846000879 -0.6290544497001065
1.0338156800003162 -1.4585924659199918 0.8350471654398461
-0.49404836499979865 0.19826178355992852 0.29914878058002614
1.9780875900000865 1.8551160330400762 -0.23674960428002123
0.45022354499997164 -0.48802971748000346 -0.7726479891400686
-1.0776404999996885 1.1688245320001442 0.691453625999884
1.3944954550001967 -1.1743212185199354 0.15555524113983665
-0.13336858999991819 0.4825330309599849 -0.38034314371998335
-1.661232635000033 -1.8606127195598674 -0.9162415285800307
0.8109033200003068 -0.20375847007994707 0.5478600865599219
-0.716960724999808 1.4530957793999733 0.011961701699874538
1.7551752300000771 -0.890049971119879 -0.5239366831601728
0.22731118499996228 0.7668042783600413 0.9401649319800072
-1.3005528599996978 -1.5763414721600384 0.4042665471199598
1.1715830950001873 0.08051277732010931 -0.13163183774008758
-0.35628094999992754 1.7373670268000296 -0.667530222600135
-1.8841449950000424 -0.60577872372005 0.7965713925398177
0.5879909600002975 1.0510755257600977 0.2606730076799977
-0.9398730849998174 -1.292070224759982 -0.2752253771800497
1.5322628700000678 0.3647840247199383 -0.8111237620400971
0.004398824999952922 -1.978361725799914 0.6529778530998556
-1.5234652199997072 -0.32150747631999366 0.11707946824003557
0.948670735000178 1.3353467731599267 -0.4188189166200118
-0.5791933099999369 -1.0077989773599256 -0.9547173014800592
1.8929426449999482 0.6490552721199947 0.5093843136598935
0.36507860000028813 -1.6940904783998576 -0.02651407120015392
-1.1627854449998267 -0.037236228919937275 -0.5624124560599739
1.3093505100000584 1.619618020559983 0.9016891590799787
-0.21851353500005644 -0.7235277299598692 0.36579077421993134
-1.7463775799997165 0.9333265195200511 -0.17010761064011604
0.7257583750001686 -1.4098192310000286 -0.7060059955001634
-0.8021056699999463 0.2470350184801191 0.7580956196400166
1.6700302849999389 1.9038892679600394 0.22219723477996922
0.14216624000027878 -0.43925648256004024 -0.31370115008007815
-1.385697804999836 1.2175977669201075 -0.8495995349401255
1.086438150000049 -1.1255479835999722 0.6145020801998271
-0.4414258950000658 0.5313062658799481 0.07860369534000711
-1.969289939999726 -1.8118394846399042 -0.45729468952004027
0.5028460150001592 -0.15498523515998386 -0.9931930743800876
-1.0250180299999556 1.5018690143199365 0.470908540759865
1.4471179249999295 -0.8412767361999158 -0.06498984410018238
-0.08074611999973058 0.8155775132800045 -0.6008882289600024
-1.6086101649998454 -1.5275682372400752 0.8632133861799502
0.8635257900000397 0.12928601224007252 0.3273150013199029
-0.6643382549996204 1.7861402617199928 -0.2085833835401445
1.8077977000002647 -0.5570054887998594 -0.7444817683999645
0.2799336550001499 1.0998487606800609 0.7196198467399881
-1.247930389999965 -1.2432969898400188 0.18372146187994076
1.224205565000375 0.4135572596401289 -0.3521769229801066
-0.30365847999973994 -1.9295884908799508 -0.888075307840154
-1.8315225249998548 -0.27273424140003044 0.576026307300026
0.6406134300000303 1.3841200080801173 0.04012792243997865
-0.8872506149996298 -0.9590257424399624 -0.4957704624200687
1.5848853400002554 0.6978285070399579 0.9683311527198839
0.057021295000140526 -1.6453172434798944 0.43243276785983653
-1.4708427499999743 0.01153700600002594 -0.10346561699998347
1.0012932050003656 1.6683912554799463 -0.6393640018600308
-0.5265708399997493 -0.674754495039906 0.8247376132799218
1.9455651150001358 0.9820997544400143 0.2888392284198744
0.417701070000021 -1.3610459960800654 -0.24705915644017296
-1.1101629749996391 0.2958082534000823 -0.782957541299993
1.361972980000246 1.9526625028800026 0.6811440738399597
-0.16589106499986883 -0.39048324763984965 0.1452456889799123
-1.6937551099999837 1.2663710018400707 -0.39065269588013507
0.7783808450003562 -1.076774748680009 -0.9265510807401824
-0.7494831999997587 0.5800795008001387 0.5375505343999976
1.7226527550001265 -1.763066249719941 0.0016521495399501873
0.19478871000001163 -0.10621200024002064 -0.5342462353200972
-1.3330753349996485 1.550642249240127 0.9298553798198554
1.1390606200002367 -0.7925035012799526 0.39395699496003544
-0.3888034249998782 0.8643507481999677 -0.14194138990001193
-1.916667469999993 -1.4787950023198846 -0.6778397747600593
0.5554684850003468 0.17805924716003574 0.7862618403798933
-0.972395559999768 1.834913496639956 0.25036345551984596
1.4997403950001171 -0.5082322538798962 -0.28553492933997404
-0.028123649999997724 1.148621995600024 -0.8214333142000214
-1.5559876949996578 -1.1945237549200556 0.6426683009399312
0.9161482600002273 0.4623304945600921 0.10676991607988384
-0.6117157849998875 -1.8808152559599876 -0.42912846878016353
1.8604201699999976 -0.22396100648006723 -0.9650268536399835
0.3325561250003375 1.4328932430000805 0.4990747614999691
-1.1953079199997774 -0.9102525075199992 -0.03682362336007827
1.2768280350001078 0.7466017419601485 -0.5727220082201256
-0.2510360100000071 -1.5965440085599312 0.891379606919827
-1.7789000549996672 0.060310240919989155 0.355481222060007
0.693235900000218 1.7171644904001369 -0.1804171628000404
-0.8346281449998969 -0.6259812601199428 -0.7163155476600878
1.6375078099999882 1.0308729893599775 0.7477860674798649
0.10964376500032813 -1.3122727611598748 0.2118876826198175
-1.4182202799997867 0.34458148832004554 -0.3240107022400025
1.0539156750000984 -1.9985642622000341 -0.8599090871000499
-0.47394837000001644 -0.34171001271988644 0.6041925280399028
1.9981875850003235 1.315144236760034 0.06829414317985538
0.4703235400002086 -1.0280015137600458 -0.4676042416799646
-1.0575405049999063 0.6288527357201019 0.996497373459988
1.4145954499999789 -1.7142930147999778 0.46059898859994064
-0.11326859499968123 -0.05743876532005743 -0.07529939626010673
-1.641132639999796 1.5994154841600903 -0.6111977811201541
0.8310033150000891 -0.7437302663599894 0.8529038340200259
-0.6968607300000258 0.9131239831199309 0.3170054491599785
1.775275225000314 -1.4300217673999214 -0.21889293570006885
0.24741118000019924 0.22683248207999895 -0.7547913205601162
-1.2804528649999156 1.8836867315601467 0.7093102945798364
1.1916830899999695 -0.459459018959933 0.1734119097200164
-0.3361809549996906 1.1973952305199873 -0.36248647514003096
-1.8640449999998054 -1.145750519999865 -0.8983848600000783
0.6080909550000797 0.5111037294800553 0.5657167551398743
-0.9197730900000352 -1.8320420210400243 0.029818370279826922
1.5523628650003047 -0.17518777155987664 -0.5060800145799931
0.02449882000018988 1.4816664779200437 0.9580216005599596
-1.503365224999925 -0.861479272600036 0.4221232156999122
0.9687707299999602 0.7953749768801117 -0.11377516916013519
-0.5590933149996999 -1.547770773639968 -0.6496735540201826
1.9130426400001852 0.10908347583995237 0.8144280611199974
0.38517859500007035 1.7659377253201 0.27852967625995007
-1.1426854500000445 -0.5772080251999796 -0.2573687086000973
1.3294505050002954 1.0796462242799407 -0.7932670934601447
-0.19841353999981948 -1.2634995262399116 0.6708345216800353
-1.7262775849999343 0.39335472324000875 0.13493613681998795
0.7458583699999508 -1.949791027280071 -0.4009622480400594
-0.7820056749997093 -0.2929367777999232 -0.9368606329001068
1.6901302800001758 1.363917471679997 0.5272409822398458
0.162266235000061 -0.9792282788398552 -0.008657402619974164
-1.3655978100000539 0.6776259706400651 -0.5445557874800215
1.106538145000286 -1.6655197798800145 0.9195458276599311
-0.42132589999982883 -0.008665530399866839 0.3836474427998837
-1.9491899449999437 1.6481887190800535 -0.15225094206016365
0.5229460099999415 -0.6949570314400262 -0.6881493269199837
-1.0049180349997187 0.9618972180401215 0.775952288219969
1.4672179200001665 -1.3812485324799582 0.2400539033599216
-0.06064612499994837 0.27560571699996217 -0.29584448150012577
-1.5885101699996085 1.9324599664801099 -0.8317428663601731
0.8836257850002767 -0.4106857840399698 0.6323587487800069
-0.6442382599998382 1.2461684654399505 0.09646036391995949
1.827897695000047 -1.0969772850799018 -0.4394380209400879
0.30003365000038684 0.5598769644000186 -0.9753364058001353
-1.227830394999728 -1.7832687861200611 0.4887652093398174
1.2443055600001571 -0.12641453663991342 -0.047133175520002624
-0.2835584849999577 1.530439712840007 -0.58303156038005
-1.8114225299996178 -0.8127060376798454 0.8810700547599026
0.6607134250002673 0.8441482118000749 0.34517166989985526
-0.8671506199998475 -1.4989975387200047 -0.1907267149601921
1.6049853350000376 0.15785671076014296 -0.7266250998200121
0.07712129000037748 1.8147109602400633 0.7374765153199405
-1.4507427549997374 -0.5284347902800164 0.20157813045989315
1.0213932000001478 1.1284194592001313 -0.3343202544001542
-0.5064708449999671 -1.2147262913199484 -0.8702186392599742
1.9656651100003728 0.44212795815997197 0.5938829758799784
0.43780106500025795 -1.9010177923598803 0.05798459101993103
-1.090062979999857 -0.24416354287996 -0.47791379384011634
1.3820729750000282 1.4126907065999603 0.9861878212998363
-0.14579106999963187 -0.930455043919892 0.4502894364400163
-1.6736551149997467 0.7263992055600283 -0.08560894842003108
0.7984808400001384 -1.6167465449600513 -0.6215073332800785
-0.7293832049999764 0.04010770452009638 0.8425942818598742
1.7427527500003634 1.6969619540000167 0.3066958969998268
0.2148887050002486 -0.646183796520063 -0.2292024878599932
-1.3129753399998663 1.0106704529600847 -0.7651008727200406
1.1591606150000189 -1.332475297559995 0.6990007424199121
-0.36870342999964123 0.32437895192015276 0.16310235755986469
-1.896567474999756 1.981233201400073 -0.3727960273001827
0.5755684800001291 -0.3619125491200066 -0.9086944121600027
-0.9522955649999858 1.2949417003601411 0.5554072029799499
1.519840390000354 -1.0482040501599386 0.01950881811990257
-0.008023654999760765 0.6086501993199818 -0.5163895667401448
-1.5358876999998756 -1.7344955511998705 0.9477120483998078
0.9362482550000095 -0.0776413017199502 0.41181366353998783
-0.5916157899996506 1.5792129477599701 -0.12408472132005954
1.8805201650002346 -0.7639328027598822 -0.6599831061801069
0.3526561200001197 0.8929214467200381 0.8041185089598457
-1.1752079249999952 -1.4502243038000415 0.2682201241000257
1.2969280300003447 0.20662994568010618 -0.26767826076002166
-0.23093601499977012 1.8634841951600265 -0.803576645620069
-1.758800059999885 -0.47966155536005317 0.6605249695198836
0.7133358950000002 1.1771926941200945 0.12462658465983623
-0.81452814999966 -1.1659530563999851 -0.4112718001999838
1.6576078050002252 0.4909011930799352 -0.9471701850600311
0.12974376000011034 -1.8522445574399171 0.5169314300799215
-1.3981202850000045 -0.1953903079599968 -0.01896695478012589
1.0740156700003354 1.461463941520151 -0.5548653396401733
-0.4538483749997795 -0.8816818089999288 0.9092362755000067
-1.9817124199998943 0.7751724404799916 0.37333789063995937
0.4904235349999908 -1.5679733100398607 -0.162560494220088
-1.0374405099996693 0.08888093944005959 -0.6984588790801354
1.4346954450002158 1.74573518891998 0.7656427360598173
-0.09316859999989902 -0.5974105615998724 0.22974435119999725
-1.6210326450000139 1.059443687880048 -0.3061540336600501
0.851103310000326 -1.2837020626400317 -0.8420524185200975
-0.6767607349997888 0.373152186840116 0.6220491966198551
1.7953752200000963 -1.9699935636799637 0.08615081175980777
0.26751117499998145 -0.3131393142000434 -0.44974757310001223
-1.2603528699996787 1.3437149352801043 -0.9856459579600596
1.2117830850002065 -0.9994308152399753 0.478455657179893
-0.3160809599999084 0.657423434239945 -0.05744272768015435
-1.8439450050000232 -1.6857223162799073 -0.5933411125399743
0.6281909500003167 -0.02886806679998699 0.8707605025999783
-0.8996730949997982 1.6279861826799333 0.3348621177399309
1.572462860000087 -0.715159567839919 -0.20103626712011646
0.04459881499997209 0.9416946816400014 -0.7369346519801638
-1.483265229999688 -1.401451068879851 0.7271669631600162
0.9888707250001971 0.2554031806000694 0.1912685782999688
-0.5389933199999177 1.9122574300799897 -0.3446298065600786
1.9331426349999674 -0.4308883204398626 -0.880528191420126
0.4052785900003073 1.2259659290400577 0.5835734237198267
-1.1225854549998076 -1.117179821480022 0.04767503886000668
1.3495505000000776 0.5396744280001258 -0.4882233460000407
-0.17831354500003727 -1.803471322519954 0.9758782691399119
-1.7061775899996974 -0.14661707304003357 0.43997988427986456
0.7659583650001878 1.5102371764401141 -0.09591850058018281
-0.7619056799999271 -0.8329085740799655 -0.6318168854400028
1.710230274999958 0.8239456753999548 0.8322847296999498
0.18236623000029795 -1.5192000751198975 0.29638634483990245
-1.345497814999817 0.1376541743600228 -0.23951204002014492
1.1266381400000682 1.7945084238399431 -0.7754104248801923
-0.4012259050000466 -0.5486373266799092 0.6886911902599877
-1.9290899499997067 1.1082169228000112 0.15279280539994033
0.5430460050001784 -1.2349288277198411 -0.38310557946010704
-0.9848180399999364 0.4219254217600792 -0.9190039643201544
1.4873179150004034 -1.9212203287600005 0.5450976508200256
-0.04054612999971141 -0.2643660792798528 0.00919926595997822
-1.5684101749998263 1.3924881702000675 -0.5266991189000692
0.9037257800000589 -0.9506575803200121 0.9374024962398835
-0.6241382649996012 0.7061966691601356 0.4015041113798361
1.847997690000284 -1.636949081359944 -0.1343942734799839
0.32013364500016905 0.019905168119976224 -0.6702926583400313
-1.2077303999999458 1.676759417600124 0.7938089567999214
1.264405555000394 -0.6663863329199557 0.257910571939874
-0.26345848999972077 0.9904679165599646 -0.2779878129201734
-1.7913225349998356 -1.3526778339598877 -0.8138861977799934
0.6808134200000495 0.3041764155200326 0.6502154173599592
-0.8470506249996106 1.961030664999953 0.11431703249991187
1.6250853300002746 -0.38211508551989937 -0.4215813523601355
0.0972212850001597 1.274739163960021 -0.9574797372201829
-1.4306427599999552 -1.0684065865600587 0.5066218779199971
1.0414931950003847 0.588447662920089 -0.02927650694005024
-0.4863708499997301 -1.7546980875999907 -0.5651748918000976
1.985765105000155 -0.09784383811984299 0.898926723339855
0.45790106000004016 1.5590104113600773 0.36302833847980764
-1.06996298499962 -0.7841353391600023 -0.17287004638001235
1.4021729700002652 0.8727189103201454 -0.7087684312400597
-0.12569107499984966 -1.4704268401999343 0.7553331838998929
-1.6535551199999645 0.18642740927998602 0.21943479903984553
0.8185808350003754 1.8432816587601337 -0.31646358581997447
-0.7092832099997395 -0.49986409175994595 -0.8523619706800218
1.7628527450001457 1.1569901577199744 0.6117396444599308
0.2349887000000308 -1.186155592799878 0.07584125959988341
-1.2928753449996293 0.4706986566800424 -0.46005712526016396
1.1792606100002558 -1.8724470938400373 -0.995955510119984
-0.348603434999859 -0.21559284435988957 0.4681461050199687
-1.8764674799999739 1.4412614051200308 -0.0677522798400787
0.595668475000366 -0.9018843454000489 -0.6036506647001261
-0.9321955699997488 0.7549699040800988 0.8604509504398266
1.5399403850001363 -1.5881758464399809 0.32455256558000656
0.012076340000021446 0.06867840303993944 -0.21134581928004081
-1.5157877049996387 1.7255326525200871 -0.7472442041400882
0.9563482500002465 -0.6176130979999925 0.7168574109998644
-0.5715157949998684 1.0392411514801552 0.18095902613981707
1.9006201600000168 -1.3039045990399245 -0.35493935872000293
0.37275611500035666 0.3529496504399958 -0.8908377435800503
-1.1551079299997582 -1.9901961000798565 0.5732638715599023
1.317028025000127 -0.33334185059993615 0.037365486699854955
-0.2108360199999879 1.3235123988799842 -0.4985328981601924
-1.738700064999648 -1.0196333516398681 0.9655687169799876
0.7334358900002371 0.6372208978400522 0.4296703321199402
-0.7944281549998777 -1.7059248526800275 -0.10622805274010716
1.6777078000000074 -0.04907060319987977 -0.6421264376001545
0.1498437550003473 1.6077836462800406 0.8219751775397981
-1.3780202899997676 -0.7353621042400391 0.2860767926799781
1.0941156650001176 0.9214921452401086 -0.24982159218006927
-0.43374837999999727 -1.421653605279971 -0.7857199770401166
-1.9616124249996574 0.23520064419994924 0.678381638099836
0.5105235300002278 1.892054893680097 0.14248325324001598
-1.017340514999887 -0.45109085683998273 -0.3934151316200314
1.454795439999998 1.2057633926399376 -0.9293135164800788
-0.07306860499966206 -1.1373823578799147 0.5347880986598739
-1.600932649999777 0.5194718916000056 -0.0011102862001735048
0.8712033050001082 -1.8236738589198467 -0.5370086710599935
-0.6566607400000066 -0.16681960943992635 0.9270929440799591
1.8154752150003333 1.490034640039994 0.39119455921991175
0.2876111700002184 -0.8531111104798583 -0.14470382564013562
-1.2402528749998964 0.803743139000062 -0.680602210500183
1.2318830799999887 -1.5394026115200177 0.783499404639997
-0.2959809649996714 0.11745163796013003 0.24760101977994964
-1.8238450099997863 1.7743058874400504 -0.28829736508009773
0.6482909450000989 -0.5688398630800293 -0.8241957499401451
-0.879573100000016 1.0880143864001184 0.6399058651998075
1.592562855000324 -1.2551313641199613 0.10400748033998752
0.06469881000020905 0.40172288535995904 -0.43189090452005985
-1.4631652349999058 -1.9414228651598933 -0.9677892893801072
1.0089707199999793 -0.28456861567997294 0.4963123257598454
-0.5188933249996808 1.3722856337999474 -0.039586059100201965
1.9532426300002044 -0.9708601167199049 -0.575484443960022
0.4253785850000895 0.6859941327600154 0.8886171711799307
-1.1024854600000253 -1.6571516177600643 0.3527187863198833
1.3696504950003145 -0.00029736827991655446 -0.18317959854016408
-0.1582135499998003 1.6565568812000038 -0.7190779833999841
-1.6860775949999152 -0.6865888693198485 0.7450236317399686
0.78605835999997 0.9702653801600718 0.20912524687992118
-0.7418056849996901 -1.3728803703600079 -0.3267731379801262
1.730330270000195 0.2839738791201398 -0.8626715228401736
0.20246622500008016 1.9408281286000602 0.6014300923000064
-1.32539781999958 -0.4023176219200195 0.06553170743995906
1.1467381350003052 1.2545366275601282 -0.4703666774200883
-0.38112590999980966 -1.0886091229599515 0.9937349377198643
-1.9089899549999245 0.5682451265199688 0.45783655285981695
0.5631460000004154 -1.7749006239998835 -0.07806183200000305
-0.9647180449996995 -0.11804637451996314 -0.6139602168600504
1.5074179100001857 1.5388078749599572 0.8501413982799022
-0.0204461349999292 -0.8043378755598951 0.31424301341985483
-1.5483101799995893 0.8525163739200252 -0.22165537144019254
0.9238257750002958 -1.4906293766000545 -0.7575537563000125
-0.604038269999819 0.16622487288009324 0.7065478588399401
1.8680976850000661 1.8230791223600136 0.17064947397989272
0.340233640000406 -0.5200666281598387 -0.36524891088015465
-1.1876304049997088 1.1367876213200816 -0.901147295740202
1.2845055500001763 -1.206358129199998 0.562954319399978
-0.24335849499993856 0.4504961202801496 0.027055934539930604
-1.7712225399995987 -1.89264963023993 -0.5088424503201168
0.7009134150002865 -0.23579538076000972 0.9552591648198359
-0.8269506299998284 1.421058868720138 0.41936077996001586
1.6451853250000568 -0.9220868817999417 -0.11653760490003151
0.11732128000039665 0.7347673676799786 -0.6524359897600789
-1.4105427649997182 -1.6083783828398737 0.8116656253798737
1.061593190000167 0.04847586664004666 0.2757672405198264
-0.4662708549999479 1.705330116119967 -0.2601311443399936
-1.994134899999608 -0.6378156343998853 -0.796029529200041
0.4780010550002771 1.019038615080035 0.6680720859399116
-1.0498629899998377 -1.3241071354400447 0.13217370107986426
1.4222729650000474 0.33274711404010304 -0.4037246837801831
-0.1055910799996127 1.9896013635200234 -0.9396230686400031
-1.6334551249997276 -0.3535443870000563 0.5244785464999495
0.8386808300001576 1.3033098624800914 -0.011419838360097856
-0.6891832149999573 -1.0398358880399883 -0.5473182232201452
1.7829527400003826 0.6170183614401594 0.9167833919198074
0.25508869500026776 -1.7261273890799202 0.3808850070599874
-1.272775349999847 -0.06927313959999992 -0.15501337780005997
1.199360605000038 1.5875811098801478 -0.6909117626601073
-0.32850343999962206 -0.7555646406399319 0.7731898524798453
-1.856367484999737 0.9012896088399884 0.2372914676197979
0.6157684700001482 -1.4418561416798639 -0.2986069172400221
-0.9120955749999666 0.21499810780005646 -0.8345053021000695
1.5600403800003733 1.8718523572799768 0.6295963130398832
0.032176335000258405 -0.4712933932401029 0.0936979281798358
-1.4956877099998565 1.1855608562400448 -0.4422004566799842
0.9764482450000287 -1.1575848942798075 -0.9780988415400316
-0.5514157999996314 0.49926935519988547 0.48600277359992106
1.9207201550002537 -1.8438763953199668 -0.049895611260126316
0.39285611000013887 -0.18702214583981913 -0.5857939961201737
-1.135007934999976 1.4698321036398738 0.8783076190200063
1.337128020000364 -0.8733136468799785 0.34240923415995894
-0.19073602499975095 0.7835406026001692 -0.19348915070008843
-1.7186000699998658 -1.5596051479201378 -0.7293875355601358
0.7535358850000193 0.09724910156000988 0.7347140795798168
-0.7743281599996408 1.7541033510401576 0.19881569471999683
1.6978077950002444 -0.5890423994801495 -0.33708269014005054
0.1699437500001295 1.0678118499999982 -0.8729810750000979
-1.3579202949999853 -1.275333900519854 0.5911205401398547
1.1142156600003545 0.3815203489598389 0.05522215527980734
-0.4136483849997603 -1.9616254015600134 -0.48067622958001266
-1.9415124299998752 -0.3047711520798657 0.98342538555994
0.53062352500001 1.3520830973998272 0.4475270006998926
-0.9972405199996501 -0.9910626531200251 -0.08837138416015478
1.474895435000235 0.6657915963601226 -0.6242697690202021
-0.052968609999879845 -1.6773541541597297 0.8398318461199779
-1.5808326549999947 -0.020499904680036707 0.3039334612599305
0.8913033000003452 1.636354344800111 -0.2319649236001169
-0.6365607449997697 -0.7067914057197413 -0.7678633084601643
1.8355752100001155 0.9500628437599516 0.6962383066800157
0.3077111650000006 -1.3930829067599007 0.16033992181996837
-1.2201528799996595 0.26377134272024705 -0.375558463040079
1.2519830750002257 1.92062559219994 -0.9114568479001264
-0.2758809699998892 -0.4225201583199123 0.5526447672398263
-1.803745015000004 1.2343340911602354 0.016746382380006253
0.6683909400003358 -1.1088116593600716 -0.5191520024800411
-0.859473104999779 0.5480425901200761 0.9449496126599115
1.6126628500001061 -1.7951031603997762 0.40905122779986414
0.08479880499999126 -0.1382489109200833 -0.12684715706018324
-1.4430652399996688 1.5186053385600644 -0.6627455419200032
1.0290707150002163 -0.8245404119597879 0.8013560732199494
-0.49879332999989856 0.8323138375199051 0.265457688359902
1.9733426249999866 -1.5108319129999472 -0.27044069650014535
0.4454785800003265 0.14602233648020047 -0.8063390813601927
-1.0823854649997884 1.8028765859598934 0.6577625337799873
1.3897504900000968 -0.5402691645599589 0.12186414891993991
-0.1381135550000181 1.1165850849201888 -0.41403423594010746
-1.6659775999996782 -1.2265606656001182 -0.9499326208001548
0.8061583550002069 0.4302935838800295 0.5141689943397978
-0.7217056899999079 -1.9128521666398228 -0.021729390520022207
1.750430265000432 -0.2559979171601299 -0.5576277753800696
0.22256622000031712 1.4008563323200178 0.906473839759883
-1.3052978249997977 -0.9422894181998345 0.3705754548998357
1.1668381300000874 0.7145648312798585 -0.1653229299602117
-0.3610259149995727 -1.6285809192399938 -0.7012213148200317
-1.8888899599996876 0.028273330240153882 0.7628803003199209
0.5832459950001976 1.6851275797198468 0.22698191545987356
-0.9446180499999173 -0.6580181708000055 -0.3089164694001738
1.5275179050004226 0.9988360786801422 -0.8448148542599938
-0.00034613999969224096 -1.3443096718401648 0.6192867608799588
-1.528210184999807 0.3125445776399829 0.08338837601991145
0.943925770000078 1.9693988271201306 -0.4525100088401359
-0.5839382749995821 -0.3737469233997217 -0.9884083937001833
1.888197680000303 1.2831073260799712 0.4756932214399967
0.3603336350001882 -1.060038424439881 -0.06020516342005067
-1.1675304099999266 0.5968158250402666 -0.596103548280098
1.3046055450004133 -1.7463299254800404 0.8679980668598546
-0.2232584999997016 -0.0894756759998927 0.3320996819998072
-1.7511225449998165 1.567378573480255 -0.20379870286001278
0.7210134100000687 -0.775767177040052 -0.7396970877200602
-0.8068506349995914 0.8810870724400957 0.7244045274198925
1.6652853200002937 -1.4620586780797566 0.1885061425598451
0.13742127500017887 0.1947955713999363 -0.34739224230020227
-1.390442769999936 1.851649820880084 -0.8832906271600223
1.081693185000404 -0.4914959296397683 0.5808109879799304
-0.44617085999971096 1.1653583198399247 0.04491260311988299
-1.9740349049998258 -1.1777874306799276 -0.4909857817401644
0.49810105000005933 0.47906681880022006 0.9731158333997882
-1.0297629949996008 -1.864078931720087 0.43721744853996825
1.4423729600002844 -0.20722468223993928 -0.09868093632007913
-0.08549108499983049 1.4496295672402084 -0.6345793211801265
-1.6133551299999453 -0.8935161832800986 0.8295222939598261
0.8587808250003945 0.7633380662000491 0.29362390910000613
-0.6690832199997203 -1.5798076843198032 -0.24227447576004124
1.8030527350001648 0.07704656515988972 -0.7781728606200886
0.27518869000005 1.7339008146400374 0.685928754519864
-1.2526753549996101 -0.6092449358798149 0.15003036965981664
1.219460600000275 1.047609313599878 -0.38586801520000336
-0.30840344499983985 -1.2955364369199742 -0.9217664000600507
-1.8362674899999547 0.3613178125601735 0.5423352150799019
0.6358684650003852 -1.9818279379601336 0.006436830219854528
-0.8919955799997297 -0.32497368847998587 -0.5294615546401928
1.5801403750001555 1.3318805610001618 0.9346400604999872
0.052276330000040616 -1.0112651895201452 0.3987416756399398
-1.4755877149996195 0.6455890599600025 -0.1371567092201076
0.9965482400002657 -1.6975566905598498 -0.673055094080155
-0.5313158049998492 -0.04070244108015686 0.7910465210597977
1.940820150000036 1.6161518083999908 0.25514813619997767
0.41295610500037583 -0.7269939421198615 -0.2807502486600697
-1.114907939999739 0.9298603073598315 -0.8166486335201171
1.3572280150001461 -1.4132854431600208 0.6474529816198356
-0.17063602999996874 0.2435688063201269 0.11155459675978818
-1.6985000749996289 1.9004230558002746 -0.4243437881000318
0.7736358800002563 -0.44272269472003245 -0.9602421729600792
-0.7542281649998586 1.2141315547601153 0.5038594421798734
1.7179077900000266 -1.129014195759737 -0.03203894268017393
0.19004374500036647 0.5278400537199559 -0.5679373275399939
-1.3378202999997484 -1.8153056967998964 0.8961642875999587
1.1343156550001368 -0.1584514473197487 0.3602659027399113
-0.3935483899999781 1.4984028021599443 -0.17563248212013605
-1.9214124349996382 -0.844742948359908 -0.7115308669801834
0.5507235200002469 0.8121113011202397 0.7525707481599966
-0.9771405249998679 -1.5310344494000674 0.2166723632999492
1.4949954300000172 0.1258198000800803 -0.31922602156009816
-0.03286861499964289 1.782674049560228 -0.8551244064201455
-1.5607326599997577 -0.560471700960079 0.6089772087198071
0.9114032950001274 1.0963825485200687 0.0730788238599871
-0.6164607499999875 -1.2467632019997836 -0.4628195610000603
1.8556752050003524 0.4100910474799093 -0.9987179458601076
0.3278111600002376 -1.933054703039943 0.465383669279845
-1.2000528849998773 -0.2762004535597953 -0.07051471558020239
1.2720830700000079 1.3806537959198977 -0.6064131004400224
-0.25578097499965224 -0.9624919545999546 0.8576885146999302
-1.783645019999767 0.6943622948801931 0.32179012983988287
0.688490935000118 -1.648783455640114 -0.2141082550201645
-0.8393731099999968 0.00807079384003373 -0.7500066398802119
1.632762845000343 1.6649250433201814 0.7140949752599681
0.10489880000022822 -0.6782207072001256 0.17819659039992075
-1.4229652449998866 0.9786335422800221 -0.3577017944601266
1.0491707099999985 -1.3645122082398302 -0.893600179320174
-0.4786933349996616 0.29234204123986274 0.570501435820006
1.9934426200002235 1.9491962907200104 0.03460305095995864
0.4655785750001087 -0.39394945979984186 -0.5012953339000887
-1.0622854699995514 1.262904789679851 0.9628062812398639
1.4098504850003337 -1.0802409608400012 0.4269078963798165
-0.11801355999978114 0.5766132886401465 -0.10899048848000348
-1.645877604999896 -1.7665324618801606 -0.6448888733400508
0.8262583500004439 -0.10967821240001285 0.8192127417999018
-0.701605694999671 1.5471760370801348 0.2833143569398544
1.7705302600002142 -0.7959697134397175 -0.25258402792019297
0.24266621500009933 0.8608845360399755 -0.788482412780013
-1.2851978299995608 -1.4822612144798768 0.6756192023599397
1.1869381250003244 0.1745930350002709 0.1397208174998923
-0.3409259199997905 1.8314472844799639 -0.3961775673601551
-1.8687899649999054 -0.5116984660398884 -0.9320759522202025
0.6033459900004345 1.1451557834402593 0.5320256629199775
-0.9245180549996803 -1.1979899670800478 -0.003872721940069823
1.5476179000002048 0.4588642824000999 -0.5397711068001172
0.01975385500008997 -1.8842814681197524 0.9243305083398354
-1.5081101899995701 -0.22742721864005944 0.38843212347978806
0.964025765000315 1.4294270308400883 -0.14746626138003194
-0.5638382799997999 -0.913718719679764 -0.6833646462400793
1.9082976750000853 0.7431355297999289 0.7807369688998733
0.3804336300004252 -1.6000102207199234 0.24483858403982595
-1.1474304149996897 0.05684402876022432 -0.29105980081999405
1.3247055400001955 1.7136982782399173 -0.8269581856800414
-0.2031585049999194 -0.629447472279935 0.6371434294599112
-1.7310225499995795 1.0274067772002127 0.10124504459986383
0.7411134050003056 -1.3157389733200944 -0.43465334026018354
-0.7867506399998092 0.3411152761600533 -0.9705517251200035
1.685385315000076 1.997969525640201 0.4935498900199491
0.15752127000041583 -0.345176224880106 -0.04234849484009828
-1.370342774999699 1.3116780246000417 -0.5782468797001457
1.1017931800001861 -1.0314677259198106 0.885854735439807
-0.42607086499992874 0.6253865235598823 0.349956350579987
-1.9539349099995889 -1.71775922695997 -0.1859420342800604
0.5182010450002963 -0.060904977479822264 -0.7218404191398804
-1.0096629999998186 1.5959492719998707 0.7422611960000722
1.4624729550000666 -0.7471964785199816 0.20636281114002486
-0.06539108999959353 0.9096577709601661 -0.3295355737200225
-1.5932551349997084 -1.433487979560141 -0.8654339585800699
0.8788808200001768 0.22336626992000674 0.5986676565598827
-0.6489832249999381 1.8802205194001544 0.06276927169983537
1.8231527300004018 -0.4629252311201526 -0.473129113160212
0.29528868500028693 1.193929018359995 0.9909725019797406
-1.232575359999828 -1.1492167321598572 0.45507411711969326
1.2395605950000572 0.5076375173198358 -0.08082426773989937
-0.2883034499996029 -1.8355082332000165 -0.6167226525999467
-1.8161674949997177 -0.17865398371986885 0.8473789625400059
0.6559684600001674 1.4782002657602789 0.3114805776799585
-0.8718955849999475 -0.8649454847600282 -0.22441780718008886
1.6002403700003924 0.7919087647201195 -0.7603161920401362
0.07237632500027757 -1.5512369857997328 0.7037854230998164
-1.4554877199998373 0.10561726367996016 0.16788703823976903
1.0166482350000479 1.7624715131601079 -0.36801134662027835
-0.5112158099996122 -0.5806742373597444 -0.9039097314803257
1.960920145000273 1.0761800121199485 0.5601918836600817
0.43305610000015804 -1.2669657383999038 0.024293498800034286
-1.0948079449999568 0.3898885110802439 -0.5116048860600131
1.377328010000383 -1.9532572394400631 0.9524967290799395
-0.15053603499973178 -0.29640298995991543 0.41659834421989217
-1.6784000799998466 1.3604512595202323 -0.1193000406401552
0.7937358750000385 -0.9826944910000748 -0.6551984255002026
-0.7341281699996216 0.6741597584800729 0.80890318963975
1.7380077850002635 -1.6689859920397794 0.2730048047797027
0.21014374000014868 -0.012131742560086423 -0.26289358007988994
-1.3177203049999662 1.6447225069200613 -0.7987919649399373
1.1544156500003737 -0.698423243599791 0.6653096502000153
-0.37344839499974114 0.9584310058799019 0.12941126533996794
-1.901312439999856 -1.3847147446399504 -0.40648711952007943
0.5708235150000291 0.27213950484019733 -0.9423855043801268
-0.957040529999631 1.9289937543198903 0.5217161107598258
1.5150954250002542 -0.414151996199962 -0.014182274100221548
-0.012768619999860675 1.2427022532801857 -0.5500806589602689
-1.5406326649999755 -1.1004434972401214 0.9140209561796837
0.9315032900003644 0.5564107522400263 0.3781225713200911
-0.5963607549997505 -1.786734998279826 -0.1577758135399563
1.8757752000001346 -0.129880748800133 -0.6936741984000037
0.3479111550000198 1.5269735006800147 0.770427416739949
-1.1799528899996403 -0.8161722498398376 0.2345290318799016
1.2921830650002448 0.8406819996398553 -0.3013693529801458
-0.23568097999987003 -1.502463750879997 -0.8372677378401931
-1.763545024999985 0.15439049860015075 0.6268338772997595
0.708590930000355 1.8112447480798437 0.0909354924397121
-0.8192731149997599 -0.5319010024400086 -0.44496289242033527
1.6528628400001253 1.124953247040139 -0.9808612772799279
0.12499879500001043 -1.218192503480168 0.48324033786002474
-1.4028652499996497 0.43866174599997976 -0.052658047000022634
1.0692707050002355 -1.9044840045198725 -0.58855643186007
-0.4585933399998794 -0.24762975503972484 0.8755451832798826
-1.9864573849995395 1.4092244944399681 0.33964679841983525
0.48567857000034564 -0.9339212560798842 -0.19625158644021212
-1.0421854749997692 0.7229329934002635 -0.7321499713002595
1.429950480000116 -1.6202127571200435 0.7319516438396931
-0.09791356499954418 0.036641492360104166 0.1960532589801005
-1.625777609999659 1.6934957418402519 -0.33984512587994686
0.8463583450002261 -0.6496500086800552 -0.8757435107399942
-0.6815056999998887 1.0072042408000925 0.5883581043999584
1.7906302550004511 -1.3359415097197598 0.05245971953991102
0.2627662100003363 0.3209127397599332 -0.48343866532013635
-1.2650978349997786 1.9777669892400809 0.9806629498198163
1.2070381200001066 -0.3653787612797714 0.4447645649597689
-0.32082592499955354 1.2914754881999215 -0.09113381990027847
-1.8486899699996684 -1.0516702623199308 -0.6270322047603258
0.6234459850002168 0.6051839871602169 0.8370694103800815
-0.9044180599998981 -1.7379617633600901 0.30117102552003416
1.5677178950004418 -0.08110751387994242 -0.2347273593400132
0.03985385000032693 1.5757467356002053 -0.7706257442000606
-1.488010194999788 -0.7673990149201018 0.693475870939892
0.9841257600000972 0.8894552345600459 0.15757748607984468
-0.5437382849995629 -1.4536905159598064 -0.3783208987802027
1.9283976700003223 0.2031637335198866 -0.9142192836402501
0.4005336250002074 1.8600179830000343 0.5498823314997026
-1.1273304199999075 -0.483127767519818 0.013983946640109934
1.3448055350004324 1.173726481959875 -0.5219144382199374
-0.18305850999968243 -1.1694192685599774 0.9421871769200152
-1.7109225549997973 0.48743498092017035 0.4062887920599678
0.7612134000000879 -1.8557107696001367 -0.12960959280007955
-0.7666506449995723 -0.198856520119989 -0.6655079776601269
1.705485310000313 1.4579977293601587 0.7985936374798257
0.17762126500019804 -0.8851480211601483 0.26269525261977833
-1.3502427799999168 0.7717062283199994 -0.27320313224026904
1.121893175000423 -1.571439522199853 -0.8091015171003164
-0.4059708699996918 0.08541472727984001 0.655000098040091
-1.9338349149998066 1.7422689767599877 0.11910171318004359
0.5383010400000785 -0.6008767737598646 -0.4167966716800038
-0.9895630049995816 1.055977475720283 -0.9526950565400512
1.4825729500003035 -1.287168274800024 0.5114065585999015
-0.04529109499981132 0.36968597468012376 -0.0244918262601459
-1.5731551399999262 -1.9734597758397285 -0.5603902111201933
0.8989808150004137 -0.3166055263600356 0.9037114040197594
-0.6288832299997011 1.3402487231201121 0.367813019159712
1.843252725000184 -1.0028970273997402 -0.1680853657003354
0.31538868000006914 0.6539572220799528 -0.703983750559928
-1.212475364999591 -1.6891885284398995 0.7601178645800246
1.2596605900002942 -0.03233427895975183 0.22421947971997724
-0.2682034549998207 1.6245199705199411 -0.31167890514007013
-1.7960674999999355 -0.7186257799999112 -0.8475772900001175
0.6760684550004044 0.9382284694802365 0.6165243251398351
-0.8517955899997105 -1.4049172810400705 0.08062594027978776
1.6203403650001746 0.2519369684400772 -0.4552724445802596
0.09247632000005979 1.9087912179202249 -0.991170829440307
-1.4353877249996003 -0.43435453260008217 0.4729307857001004
1.0367482300002848 1.2224997168800655 -0.06296759915994699
-0.49111581499983004 -1.1206460336397868 -0.5988659840199944
1.981020140000055 0.5362082158399062 0.8652356311199583
0.453156095000395 -1.8069375346799461 0.3293372462599109
-1.0747079499997199 -0.1500832851997984 -0.20656113860013647
1.3974280050001653 1.5067709642798945 -0.7424595234601838
-0.13043603999994957 -0.8363747862399578 0.7216420916797688
-1.6583000849996097 0.8204794632401899 0.1857437068197214
0.8138358700002755 -1.522666287280117 -0.35015467804032596
-0.7140281749998394 0.1341879622000306 -0.8860530628999186
1.7581077800000458 1.7910422116801783 0.578048552240034
0.23024373500038564 -0.5521035388401287 0.04215016737998667
-1.2976203099997292 1.104750710640019 -0.4937482174800607
1.174515645000156 -1.2383950398798333 0.9703533976598919
-0.35334839999995893 0.4184592095998596 0.43445501279984455
-1.881212444999619 -1.9246865409199927 -0.10144337206020282
0.5909235100002661 -0.267832291439845 -0.6373417569202502
-0.9369405349998488 1.389021958039848 0.8267598582197024
1.5351954200000364 -0.9541237924800043 0.2908614733601098
0.007331375000376283 0.7027304570001434 -0.24503691149993756
-1.5205326699997386 -1.6404152935201637 -0.7809352963599849
0.9516032850001466 0.016438955959984014 0.6831663187799677
-0.5762607599999683 1.6732932054401317 0.14726793391992032
1.8958751950003716 -0.6698525450797206 -0.38863045094012705
0.36801115000025675 0.9870017043999724 -0.9245288358001744
-1.159852894999858 -1.35614404611988 0.5395727793397782
1.312283060000027 0.30071020336026777 0.003674394479730836
-0.21558098499963307 1.9575644528399607 -0.5322239903803165
-1.743445029999748 -0.3855812976798916 0.9318776247600908
0.7286909250001372 1.2712729518002561 0.39597923990004347
-0.7991731199999776 -1.071872798720051 -0.1399191449600039
1.6729628350003622 0.5849814507600968 -0.6758175298200513
0.1450987900002474 -1.7581642997597555 0.7882840853199014
-1.3827652549998675 -0.10131005028006257 0.252385700459854
1.0893707000004724 1.5555441992000851 -0.2835126844001934
-0.43849334499964243 -0.7876015513197672 -0.8194110692602408
-1.9663573899997573 0.8692526981599258 0.6446905458797119
0.5057785650001279 -1.4738930523599265 0.10879216101966449
-1.0220854799995323 0.1829611971202212 -0.42710622383992813
1.450050475000353 1.8398154465999141 -0.9630046086999755
-0.07781356999976197 -0.5033303039199382 0.5010970064399771
-1.6056776149998768 1.1535239455602095 -0.03480137842007025
0.8664583400004631 -1.1896218049600975 -0.5706997632801176
-0.6614057049996518 0.4672324445200502 0.893401851859835
1.8107302500002334 -1.875913305999802 0.35750346699978763
0.2828662050001185 -0.21905905652010915 -0.17839491786025974
-1.2449978399995416 1.4377951929600385 -0.7142933027203071
1.2271381150003435 -0.9053505575598138 0.7498083124201003
-0.3007259299997713 0.7515036919198792 0.2139099275600529
-1.8285899749998862 -1.591642058599973 -0.3219884572999945
0.6435459800004537 0.0652121908801746 -0.8578868421600419
-0.8843180649996611 1.7220664403598676 0.6062147729799108
1.587817890000224 -0.6210793101599847 0.0703163881198634
0.05995384500010914 1.035774939320163 -0.46558199674018397
-1.467910199999551 -1.307370811200144 0.9985196183997687
1.0042257550003342 0.3494834382800036 0.4626212335397213
-0.5236382899997807 -1.9936623122398487 -0.07327715132032608
1.9484976650001045 -0.33680806276015574 -0.6091755361799187
0.42063362000044435 1.320046186719992 0.8549260789600339
-1.1072304249996705 -1.0230995637998603 0.31902769409998655
1.3649055300002146 0.6337546856802874 -0.21687069076006082
-0.16295851499990022 -1.7093910648400197 -0.7527690756201082
-1.6908225599995603 -0.05253681535987198 0.7113325395198444
0.7813133950003248 1.6043174341202757 0.17543415465979706
-0.74655064999979 -0.7388283164000313 -0.3604642302002503
1.725585305000095 0.9180259330801164 -0.8963626150602977
0.197721260000435 -1.425119817439736 0.5677390000796549
-1.3301427849996799 0.23173443203995703 0.03184061522006232
1.1419931700002053 1.8885886815201047 -0.504057769639985
-0.3858708749999096 -0.45455706899974757 0.9600438454999676
-1.9137349199995697 1.2022971804799454 0.4241454606399202
0.5584010350003155 -1.140848570039907 -0.11175292422012717
-0.9694630099997994 0.5160056794402408 -0.6476513090801745
1.5026729450000857 -1.8271400710800663 0.8164503060597781
-0.025191099999574362 -0.17028582159991856 0.2805519211997307
-1.5530551449996892 1.4865684278802291 -0.25534646366031666
0.9190808100001959 -0.8565773226400779 -0.7912448485199093
-0.6087832349999189 0.8002769268400698 0.6728567666200433
1.863352720000421 -1.5428688236797825 0.13695838175999597
0.3354886750003061 0.11398542579991044 -0.3989400031000514
-1.1923753699998088 1.7708396752800581 -0.9348383879600988
1.2797605850000764 -0.5723060752397942 0.5292632271798539
-0.24810345999958372 1.0845481742398988 -0.006635157680193515
-1.7759675049996986 -1.2585975762799535 -0.5425335425402409
0.6961684500001866 0.3982566732001942 0.9215680725997117
-0.8316955949999283 -1.9448890773201128 0.38566968773966437
1.6404403600004116 -0.28803482783996515 -0.15022869711992826
0.11257631500029674 1.3688194216401826 -0.6861270819799756
-1.4152877299998181 -0.9743263288801245 0.777974533159977
1.056848225000067 0.6825279206000232 0.24207614829992963
-0.4710158199995931 -1.660617829919829 -0.29382223656011774
-1.998879864999708 -0.0037635804401361383 -0.8297206214201651
0.4732560900001772 1.6530906690400116 0.6343809937197875
-1.0546079549999376 -0.6900550814798407 0.09848260885974014
1.4175280000004022 0.9667991679998522 -0.43741577600030723
-0.11033604499971261 -1.37634658252 -0.9733141608598999
-1.6382000899998275 0.2805076669601476 0.49078745428005277
0.8339358650000577 1.9373619164398406 -0.0451109305799946
-0.6939281799996024 -0.40578383408001173 -0.581009315440042
1.7782077750002827 1.251070415400136 0.8830922996999107
0.25034373000016785 -1.0920753351197163 0.3471939148398633
-1.277520314999947 0.5647789143599766 -0.1887044700201841
1.1946156400003929 -1.7783668361598757 -0.7246028548802315
-0.33324840499972197 -0.12151258667972797 0.7394987602597212
-1.8611124499998368 1.535341662799965 0.2036003753996738
0.6110235050000483 -0.8078040877198873 -0.33229800945991883
-0.9168405399996118 0.8490501617602604 -0.8681963943199662
1.5552954150002734 -1.4940955887600467 0.5959052208199864
0.027431370000158495 0.16275866072010103 0.06000683595993905
-1.5004326749999564 1.8196129102002487 -0.4758915489001083
0.9717032800003835 -0.5235328403200583 0.9882100662398443
-0.5561607649997313 1.1333214091600894 0.45231168137979694
1.9159751900001538 -1.209824341359763 -0.08358670348025043
0.38811114500003896 0.44702990811993004 -0.6194850883402978
-1.1397528999996211 -1.8961158423999223 0.8446165267996548
1.332383055000264 -0.23926159291977456 0.3087181419400622
-0.19548098999985086 1.4175926565599184 -0.22718024291998518
-1.723345034999511 -0.9255530939599339 -0.7630786277800325
0.7487909200003742 0.7313011555202138 0.7010229873599201
-0.7790731249997407 -1.6118445950000932 0.1651246024998727
1.6930628300001445 0.04500965448005445 -0.37077378236017466
0.16519878500048435 1.7018639039602022 -0.906672167220222
-1.3626652599996305 -0.6412818465601049 0.5574294479197306
1.1094706950002546 1.0155724029200428 0.02153106305968322
-0.4183933499998602 -1.3275733475998095 -0.5143673217999094
-1.9462573949995203 0.32928090187988346 0.9497342933400432
0.5258785600003648 1.9861351513600312 0.41383590847999585
-1.00198548499975 -0.35701059915982114 -0.12206247638005152
1.470150470000135 1.2998436503198718 -0.6579608612400989
-0.05771357499952501 -1.0433021001999805 0.8061407538998537
-1.5855776199996399 0.6135521492801672 0.27024236903980636
0.8865583350002453 -1.7295936012401398 -0.265656015820241
-0.6413057099998696 -0.07273935175999213 -0.8015544006802884
1.8308302450004703 1.5841148977201556 0.6625472144596642
0.30296620000035546 -0.7590308528001515 0.12664882960007162
-1.2248978449997594 0.8978233966799962 -0.40924955525997575
1.2472381100001257 -1.445322353839856 -0.9451479401200231
-0.28062593499953437 0.21153189564029162 0.5189536750199295
-1.8084899799996492 1.8683861451199846 -0.016944709840117866
0.6636459750002359 -0.4747596053998677 -0.5528430947001652
-0.8642180699998789 1.18209464408028 0.9112585204397874
1.607917885000461 -1.161051106440027 0.37536013557974
0.0800538400003461 0.49580314304012063 -0.16053824928030735
-1.4478102049997688 -1.8473426074797317 -0.6964366341399
1.0243257500001164 -0.19048835800003872 0.7676649810000526
-0.5035382949995437 1.466365891480109 0.23176659614000528
1.9685976600003414 -0.8767798590397433 -0.3041317887200421
0.44073361500022656 0.7800743904399496 -0.8400301735800895
-1.0871304299998883 -1.5630713600799027 0.6240714415598632
1.3850055250004516 0.09378288940024504 0.08817305669981579
-0.14285851999966326 1.750637138879938 -0.4477253281602316
-1.6707225649997781 -0.5925086116399143 -0.983623713020279
0.8014133900005618 1.0643456378402334 0.48047790211967367
-0.7264506550000078 -1.2788001126800737 -0.05542048273991895
1.745685300000332 0.37805413680007405 -0.5913188675999663
0.21782125500067195 -1.9650916137197783 0.8727827475399863
-1.3100427899998976 -0.3082373642400853 0.33688436267993893
1.1620931650004422 1.3486168852400624 -0.19901402218010844
-0.36577088000012736 -0.9945288652797899 -0.7349124070401558
-1.8936349249997875 0.6623253841999031 0.7291892080997968
0.5785010300005524 -1.6808203663199492 0.19329082323974944
-0.9493630150000172 -0.023966116839801543 -0.34260756162029793
1.5227729400003227 1.6328881326398914 -0.8785059464803453
-0.005091104999337404 -0.7102576178799609 0.5855956686600621
-1.532955149999907 0.9465966316001868 0.0496972838000147
0.9391808050004329 -1.3965491189201202 -0.48620110106003267
-0.5886832400001367 0.26030513056002746 0.97790051407992
1.8834527150002032 1.9171593800401752 0.4420021292198726
0.35558867000054306 -0.4259863704801319 -0.09389625564017479
-1.1722753750000265 1.2308678790000158 -0.6297946405002222
1.2998605800003133 -1.1122778715198365 0.8343069746397305
-0.22800346499934676 0.5445763779598565 0.2984085897796831
-1.7558675099999164 -1.7985693725599958 -0.23748979507990953
0.7162684450004235 -0.14171512307984813 -0.7733881799399569
-0.8115956000001461 1.5151391263998448 0.6907134351999957
1.6605403550001938 -0.8280066241200075 0.15481505033994836
0.1326763100005337 0.8288476253601402 -0.381083334520099
-1.395187735000036 -1.514298125159712 -0.9169817193801464
1.076948220000304 0.14255612431998088 0.5471198957598062
-0.4509158249993561 1.7994103738001286 0.011221510899758869
-1.9787798699999257 -0.5437353767197237 -0.5246768739602885
0.49335608500041417 1.1131188727599692 0.9394247411796641
-1.0345079600001554 -1.230026877759883 0.4035263563200715
1.4376279950001845 0.42682737172026464 -0.13237202853997587
-0.09023604999947565 -1.9163183788000424 -0.6682704134000232
-1.6181000950000453 -0.2594641293198947 0.7958312017399294
0.8540358600002946 1.397390120160253 0.259932816879882
-0.6738281849993655 -0.9457556303600541 -0.27596556798016536
1.798307770000065 0.7110986191200936 -0.8118639528402127
0.2704437250004048 -1.6320471313997587 0.6522376622997399
-1.2574203200001648 0.0248071180799343 0.11633927743969252
1.214715635000175 1.681661367560082 -0.41955910742035485
-0.313148409999485 -0.6614843829597703 -0.9554574922799475
-1.8410124550000546 0.9953698665199227 0.5086441228600052
0.6311235000002853 -1.3477758839999296 -0.027254262000042218
-0.8967405449993748 0.30907836548021805 -0.5631526468600896
1.5753954100000556 1.965932614959911 0.900948968279863
0.047531365000395454 -0.3772131355599413 0.36505058341981567
-1.4803326800001742 1.2796411139202064 -0.1708478014402317
0.9918032750001657 -1.0635046366001006 -0.7067461863002791
-0.5360607699994944 0.5933496128800471 0.7573554288396736
1.936075184999936 -1.7497961376398052 0.22145704398008093
0.4082111400002759 -0.09294188816011228 -0.31444134087996645
-1.1196529049993842 1.5639123613200354 -0.8503397257400138
1.3524830500000462 -0.7792333891998169 0.6137618893999388
-0.1753809949996139 0.8776208602798761 0.07786350453989144
-1.703245039999274 -1.4655248902399762 -0.45803488032015593
0.7688909150001564 0.19132935924017147 -0.9939332651802033
-0.7589731299995037 1.8481836087198644 0.4701683499597493
1.7131628249999267 -0.4949621417999879 -0.06573003490029805
0.18529878000026656 1.1618921076801598 -0.6016284197603454
-1.3425652649993935 -1.1812536428401472 0.862473195380062
1.1295706900000368 0.4756006066400005 0.3265748105200146
-0.39829335499962326 -1.8675451438798518 -0.2093235743400328
-1.9261573999992834 -0.21069089439970412 -0.7452219592000802
0.545978555000147 1.4461633550799888 0.7188796559398725
-0.9818854899995131 -0.8969823954398635 0.1829812710798251
1.4902504649999173 0.7598718540402842 -0.3529171137802223
-0.0376135799997428 -1.5832738964800228 -0.8888154986402697
-1.565477624999403 0.07358035300012489 0.575286116499683
0.9066583300000275 1.7304346024802726 0.03938773164009035
-0.6212057149996326 -0.6127111480400345 -0.496510653219957
1.8509302400007073 1.0441431014401132 0.9675909619199956
0.32306619500013767 -1.299002649079739 0.43169257705994823
-1.2047978499995224 0.3578516003999539 -0.10420580780009914
1.267338104999908 -1.9852941501198984 -0.6401041926601465
-0.26052593999975215 -0.3284399006397507 0.8239974224798061
-1.7883899849994123 1.3284143488399422 0.28809903761975875
0.6837459700000181 -1.01473140167991 -0.24779934724028863
-0.844118074999642 0.6421228478002377 -0.783697732100336
1.628017880000698 -1.7010229027200694 0.6804038830400714
0.10015383500012831 -0.044168653239921696 0.144505498180024
-1.4277102099995318 1.612685596240226 -0.39139288668002337
1.0444257449998986 -0.730460154280081 -0.9272912715400707
-0.4834382999997615 0.9263940952000667 0.5368103435998819
1.9886976550005784 -1.4167516553197856 0.0009119587398345175
0.4608336100000088 0.2401025941599073 -0.5349864261202129
-1.0670304349996513 1.896956843640055 0.9291151890197398
1.4051055200006886 -0.4461889068797973 0.3932168041596924
-0.12275852499988105 1.2106653425998957 -0.14268158070035497
-1.6506225699995412 -1.1324804079199566 -0.6785799655599476
0.8215133849998892 0.5243738415601911 0.785521649580005
-0.7063506599997709 -1.818771908960116 0.24962326471995766
1.765785295000569 -0.16191765947996828 -0.2862751201400897
0.23792124999999942 1.4949365900001794 -0.8221735050001371
-1.2899427949996607 -0.8482091605201276 0.6419281101398155
1.1821931600006792 0.8086450889600201 0.10602972527976817
-0.3456708849998904 -1.5345006615598322 -0.4298686595802792
-1.8735349299995505 0.12235358791986073 -0.9657670444403266
0.5986010249998799 1.7792078374000084 0.4983345707000808
-0.9292630199997802 -0.5639379131198439 -0.03756381415996657
1.5428729350005597 1.092916336359849 -0.5734621990200139
0.01500888999999006 -1.2502294141600032 0.8906394161199387
-1.51285515499967 0.4066248353201445 0.3547410312598913
0.9592808000006698 -1.9365209151997078 -0.18115735360015606
-0.5685832449998998 -0.27966666572001486 -0.7170557384602034
1.9035527100004401 1.3771875837601328 0.7470458766797492
0.3756886649998705 -0.9659581667597195 0.21114749181970183
-1.1521753799997896 0.6908960827199735 -0.32475089304034555
1.3199605750005503 -1.6522496677998788 -0.8606492778999382
-0.2079034700000193 0.004604581680268893 0.6034523372400145
-1.7357675149996794 1.6614588311599618 0.06755395237996709
0.7363684400006605 -0.6816869193598905 -0.4683444324800803
-0.7914956049999091 0.9751673301202572 0.9957571826598723
1.6806403500004308 -1.3679784204000498 0.45985879779982497
0.15277630499986117 0.2888758290800979 -0.0760395870602224
-1.375087739999799 1.9457300785602456 -0.6119379719202698
1.097048215000541 -0.39741567196006145 0.8521636432196829
-0.43081583000002865 1.2594385775200863 0.31626525836009023
-1.9586798749996888 -1.083707172999766 -0.21963312649995714
0.5134560800006511 0.5731470764799269 -0.7555315113600045
-1.0144079649999185 -1.7699986740399254 0.7085701037799481
1.4577279900004214 -0.11314442455977769 0.17267171891990074
-0.07013605500014819 1.5437098249199153 -0.36322666594014663
-1.5980000999998083 -0.799435925599937 -0.899125050800194
0.8741358550005316 0.8574183238802107 0.5649765643397586
-0.653728190000038 -1.4857274266400964 0.029078179479711252
1.8184077650003019 0.17112682284005132 -0.5068202053803361
0.29054372000064177 1.827981072320199 0.9572814097600713
-1.2373203249999278 -0.515164678200108 0.4213830249000239
1.234815630000412 1.1416895712800397 -0.11451535996002349
-0.29304841500015755 -1.2014561792398126 -0.6504137448200709
-1.8209124599998177 0.4553980702398803 0.8136878703198818
0.6512234950005222 -1.887747680279972 0.2777894854598344
-0.8766405500000474 -0.23089343079982427 -0.258108899400213
1.5954954050002925 1.4259608186798687 -0.7940072842602603
0.06763136000063241 -0.9171849318399836 0.6700943308796923
-1.4602326849999372 0.7396693176401641 0.1341959460196449
1.0119032700004027 -1.603476432880143 -0.4017024388399477
-0.5159607749992574 0.053377816600004735 -0.9376008236999951
1.956175180000173 1.7102320660801524 0.5265007914399575
0.4283111350005129 -0.6329136844396999 -0.009397593420089834
-1.0995529100000567 1.023940565039993 -0.5452959782801372
1.3725830450002832 -1.3192051854798592 0.9188056368598154
-0.15528099999937695 0.3376490640002885 0.38290725199976805
-1.6831450449999465 1.9945033134799814 -0.15299113286027932
0.7889909100003933 -0.34864243703987086 -0.6888895177203267
-0.7388731349992668 1.3082118124402768 0.7752120974200807
1.7332628200001636 -1.0349339380800302 0.2393137125600333
0.20539877500050352 0.6219203114001175 -0.29658467230001406
-1.322465270000066 -1.7212254391197348 -0.8324830571600614
1.1496706850002738 -0.06437118964004185 0.6316185579798912
-0.3781933599993863 1.5924830598401059 0.09572017311984382
-1.906057404999956 -0.7506626906797464 -0.44017821174020355
0.566078550000384 0.9061915587999465 -0.9760765966002509
-0.9617854949992761 -1.4369541917199058 0.4880250185397017
1.5103504600001543 0.2199000577602419 -0.04787336632034567
-0.017513584999505838 1.8767543072399349 -0.5837717511799383
-1.5453776300000754 -0.46639144327991744 0.8803298639600143
0.9267583250002644 1.1904628062002303 0.34443147909996696
-0.6011057199993957 -1.1526829443200768 -0.1914669057600804
1.8710302350000347 0.5041713051600709 -0.7273652906201278
0.3431661900003746 -1.8389744453597814 0.7367363245198248
-1.1846978549992855 -0.18212019588008843 0.20083793965977748
1.287438100000145 1.4747340536000593 -0.3350604452002699
-0.2404259449995152 -0.868411696919793 -0.8709588300603173
-1.7682899900000848 0.7884425525598999 0.5931427850796354
0.7038459650002551 -1.5547031979599524 0.057244400220042735
-0.824018079999405 0.10215105152019532 -0.47865398464000464
1.6481178750000254 1.7590053009998883 0.985447630499948
0.12025383000036527 -0.584140449519964 0.4495492456399006
-1.4076102149992948 1.0727137999601837 -0.08634913922014675
1.0645257400001356 -1.2704319505601234 -0.6222475240801941
-0.46333830499952455 0.38642229892002433 0.8418540910597585
-1.9912023500000942 -1.956723451599828 0.30595570619971113
0.48093360500024573 -0.299869202120135 -0.22994267866033624
-1.0469304399994144 1.3569850473600127 -0.7658410635199289
1.425205515000016 -0.9861607031598396 0.6982605516200238
-0.10265852999964409 0.6706935463198533 0.1623621667599764
-1.6305225749993042 -1.672452204199999 -0.373536218100071
0.8416133800001262 -0.01559795471985126 -0.9094346029601184
-0.6862506649995339 1.6412562947602964 0.5546670121798343
1.7858852899998965 -0.7018894557600106 0.0187686273197869
0.2580212450002364 0.9549647937201371 -0.5171297575402605
-1.2698427999994237 -1.3881809567997152 0.9469718575996922
1.2022931550000067 0.26867329267997775 0.4110734727396448
-0.32557088999965345 1.9255275421601254 -0.12482491211994784
-1.8534349349993136 -0.41761820835972685 -0.6607232969799952
0.6187010200001168 1.239236041119966 0.8033783181599574
-0.9091630249995433 -1.1039097093998862 0.26747993329991004
1.5629729299998871 0.5529445400802615 -0.26841845156013733
0.03510888500022702 -1.7902012104400455 -0.8043168364201847
-1.492755159999433 -0.13334696095989784 0.6597847787197679
0.9793807949999973 1.5235072885202499 0.12388639385972056
-0.5484832499996628 -0.8196384620000572 -0.4120119910003268
1.923652705000677 0.8372157874800905 -0.9479103758599194
0.3957886600001075 -1.5059299630397618 0.5161912392800332
-1.1320753849995526 0.15092428643993117 -0.019707145580014185
1.3400605699998778 1.8077785359200789 -0.5556055304400616
-0.18780347499978234 -0.5353672145997734 0.9084960846998911
-1.7156675199994424 1.1214870348799195 0.3725976998398437
0.756468434999988 -1.2216587156399328 -0.16330068502020367
-0.7713956099996722 0.4351955338402149 -0.699199069880251
1.7007403450006677 -1.9079502166800921 0.7649025452597016
0.17287630000009813 -0.2510959671999444 0.2290041603996542
-1.354987744999562 1.4057582822802033 -0.3068942244599384
1.1171482099998684 -0.9373874682401038 -0.8427926093199858
-0.4107158349997917 0.7194667812400439 0.6213090058199668
-1.9385798799994518 -1.6236789692798084 0.08541062095991947
0.5335560749999786 0.03317528019988458 -0.4504877639001279
-0.9943079699996815 1.6900295296800323 -0.9863861487601753
1.4778279850006584 -0.65311622083982 0.47771546637977735
-0.05003605999991123 1.003738028639873 -0.05818291848027002
-1.5779001049995713 -1.3394077218799794 -0.5940813033403174
0.8942358499998591 0.31744652760016834 0.8700203117996352
-0.633628194999801 1.9743007770798613 0.3341219269400426
1.8385077600005388 -0.368844973439991 -0.20177645792000476
0.31064371499996923 1.2880092760401567 -0.7376748427800521
-1.2172203299996909 -1.0551364744801504 0.7264267723599005
1.254915625000649 0.6017177749999973 0.19052838749985312
-0.2729484199999206 -1.741427975519855 -0.34536999736019425
-1.8008124649995807 -0.08457372603970725 -0.8812683822202416
0.6713234900007592 1.5722805234399857 0.582833232919711
-0.8565405549998104 -0.7708652270798666 0.046934848059663636
1.6155954000005295 0.8859890224002811 -0.488963536799929
0.08773135499995988 -1.457156728120026 0.9751380783400236
-1.4401326899997002 0.19969752136012175 0.43923969347997627
1.0320032650006397 1.8565517708402695 -0.0966586913800711
-0.49586077999992995 -0.4865939796800376 -0.6325570762401185
1.97627517500041 1.17026026980011 0.8315445388998342
0.44841113000074984 -1.1728854807197422 0.2956461540397868
-1.0794529149998198 0.48396876875995076 -0.2402522308202606
1.3926830400005201 -1.8591769817599015 -0.776150615680308
-0.13518100500004948 -0.20232273227975384 0.6879509994596447
-1.6630450499997096 1.4545315171999391 0.15205261460005204
0.8090909050006303 -0.8886142333199132 -0.38384577025999533
-0.7187731399999393 0.7682400161602345 -0.9197441551200427
1.7533628150004006 -1.5749057343600725 0.5443574600199099
0.22549877000074048 0.08194851512007517 0.00845907515986255
-1.3023652749998291 1.7388027646002229 -0.5274393097001848
1.1697706800005108 -0.6043429859200842 0.9366623054397678
-0.35809336500005884 1.0525112635600635 0.40076392057972043
-1.885957409999719 -1.2906344869597888 -0.13513446428032694
0.5861785450006209 0.3662197625199042 -0.6710328491399196
-0.9416854999999487 -1.9769259879999481 0.7930687660000331
1.5304504550003912 -0.3200717385198004 0.2571703811399857
0.002586410000731121 1.3367825109598925 -0.2787280037200617
-1.5252776349998385 -1.0063632395599598 -0.814626388580109
0.9468583200005014 0.6504910099201879 0.6494752265598436
-0.5810057250000682 -1.6926547406001191 0.1135768416997962
1.8911302300002717 -0.03580049111997141 -0.42232154316025117
0.3632661850006116 1.6210537583601763 -0.9582199280202985
-1.164597859999958 -0.7220919921601308 0.5058816871196541
1.3075380950003819 0.9347622573200169 -0.030016697739938536
-0.22032594999927824 -1.4083834931998354 -0.5659150825999859
-1.7481899949998478 0.2484707562798576 0.8981865325399667
0.723945960000492 1.9053250057600053 0.36228814767991935
-0.8039180850000776 -0.437820744759847 -0.17361023718012802
1.6682178700002623 1.2190335047203007 -0.7095086220401754
0.14035382500060223 -1.1241122458000063 0.7545929930997772
-1.3875102199999674 0.5327420036801414 0.21869460823972986
1.0846257350003725 -1.810403746839711 -0.3172037766203175
-0.4432383099992876 -0.153549497360018 -0.8531021614803649
-1.9711023549998572 1.5033047521201297 0.6109994536600425
0.5010336000004827 -0.8398409983997226 0.07510106879999512
-1.026830445000087 0.8170132510799704 -0.46079731606005225
1.445305510000253 -1.526132499439882 -0.9966957009200996
-0.08255853499940713 0.13072175004026576 0.467405914219853
-1.6104225799999767 1.7875759995199587 -0.06849247064019437
0.8617133750003632 -0.5555697509998936 -0.6043908555002417
-0.666150669999297 1.1012844984802541 0.8597107596397109
1.8059852850001334 -1.241861252040053 0.3238123747796635
0.27812124000047334 0.41499299744009477 -0.2120860100799291
-1.2497428050000963 -1.9281527530797575 -0.7479843949399765
1.2223931500002436 -0.2712985036000646 0.7161172201999761
-0.3054708949994165 1.3855557458800831 0.18021883533992877
-1.833334939999986 -0.9575900046397692 -0.3556795495201186
0.6388010150003538 0.6992642448399238 -0.891577934380166
-0.8890630299993063 -1.6438815056799285 0.5725236807597867
1.583072925000124 0.012972743800219178 0.036625295899739285
0.05520888000046398 1.6698269932799121 -0.4992730889603081
-1.4726551650001056 -0.6733187572399402 0.9648285261796445
0.9994807900002343 0.9835354922402075 0.4289301413200519
-0.5283832549994258 -1.3596102582800995 -0.10696824353999546
1.9437527000000046 0.2972439912000482 -0.6428666284000428
0.41588865500034444 1.9540982406801959 0.8212349867399098
-1.1119753899993157 -0.38904750984011116 0.28533660187986243
1.3601605650001147 1.2678067396400365 -0.25056178298018494
-0.16770347999954538 -1.0753390108798158 -0.7864601678402323
-1.695567525000115 0.5815152385998772 0.6776414472997203
0.7765684300002249 -1.761630511919975 0.14174306243967294
-0.7512956149994352 -0.1047762624398274 -0.39415532242037443
1.7208403399999952 1.5520779870398655 -0.9300537072799671
0.19297629500033509 -0.7910677634799868 0.5340479078599856
-1.334887749999325 0.865786486000161 -0.001850477000061801
1.1372482050001054 -1.477359264520146 -0.5377488618601092
-0.39061583999955474 0.1794949849600016 0.9263527532798435
-1.9184798850001243 1.8363492344401493 0.3904543684197961
0.5536560700002155 -0.506796516079703 -0.1454440164402513
-0.9742079749994446 1.15005773339999 -0.6813424013002987
1.4979279799999858 -1.1930880171198623 0.782759213839654
-0.029936064999674272 0.46376623236028536 0.24686082898006134
-1.5578001099993344 -1.8793795181600217 -0.28903755587998603
0.914335845000096 -0.222525268679874 -0.8249359407400334
-0.6135281999995641 1.4343289808002737 0.6391656743999192
1.8586077549998663 -0.9088167697200333 0.10326728953987185
0.3307437100002062 0.7480374797601144 -0.4326310953201755
-1.197120334999454 -1.595108270759738 -0.9685294801802229
1.2750156199999765 0.06174597871995502 0.49557213495972974
-0.25284842499968363 1.7186002282001027 -0.040326249900317634
-1.7807124699993437 -0.6245455223197496 -0.576224634760365
0.6914234850000867 1.0323087271599434 0.8878769803800424
-0.8364405599995735 -1.310837023359909 0.351978595519995
1.6356953950007664 0.3460172261202388 -0.18391978934005238
0.10783135000019684 -1.9971285244000683 -0.7198181742000997
-1.4200326949994633 -0.34027427491992057 0.7442834409398529
1.0521032599999671 1.3165799745602271 0.2083850560798055
-0.475760784999693 -1.02656577596008 -0.32751332878024186
1.996375170000647 0.6302884735200678 -0.8634117136402892
0.4685111250000773 -1.7128572769997845 0.6006899014996634
-1.0593529199995828 -0.056003027520091564 0.06479151664007077
1.412783035000757 1.6008512219600561 -0.4711068682199766
-0.11508100999981252 -0.7422945285597962 0.992994746919976
-1.6429450549994726 0.9145597209198968 0.45709636205992865
0.8291908999999578 -1.4285860295999555 -0.07880202280011872
-0.6986731449997023 0.2282682198801922 -0.6147004076601661
1.7734628100006375 1.8851224693598851 0.8494012074797865
0.24559876500006794 -0.45802328115996715 0.31350282261973916
-1.2822652799995922 1.1988309683201805 -0.2223955622403082
1.1898706750007477 -1.1443147822001265 -0.7582939471003556
-0.3379933699998219 0.5125394672800212 0.7058076680400518
-1.865857414999482 -1.830606283239831 0.16990928318000442
0.6062785399999484 -0.17375203376013815 -0.36598910168004295
-0.9215855049997117 1.4831022157200096 -0.9018874865400903
1.5505504500006282 -0.8600435347998427 0.5622141285998623
0.022686405000058585 0.796810714680305 0.026315743739814934
-1.5051776399996015 -1.546335035840002 -0.5095826411202324
0.9669583150007384 0.11051921364014561 0.9545189740197202
-0.5609057299998312 1.7673734631202933 0.4186205891596728
1.9112302250005087 -0.5757722874000137 -0.11727779570037455
0.38336617999993905 1.081081962080134 -0.6531761805599672
-1.144497864999721 -1.2620637884397183 0.8109254345799854
1.3276380900006188 0.3947904610399746 0.2750270497199381
-0.20022595499995077 -1.9483552894798777 -0.2608713351401093
-1.7280899999996109 -0.29150103999973 -0.7967697200001567
CELLS 2000 4000
1 0
1 1
1 2
1 3
1 4
1 5
1 6
1 7
1 8
1 9
1 10
1 11
1 12
1 13
1 14
1 15
1 16
1 17
1 18
1 19
1 20
1 21
1 22
1 23
1 24
1 25
1 26
1 27
1 28
1 29
1 30
1 31
1 32
1 33
1 34
1 35
1 36
1 37
1 38
1 39
1 40
1 41
1 42
1 43
1 44
1 45
1 46
1 47
1 48
1 49
1 50
1 51
1 52
1 53
1 54
1 55
1 56
1 57
1 58
1 59
1 60
1 61
1 62
1 63
1 64
1 65
1 66
1 67
1 68
1 69
1 70
1 71
1 72
1 73
1 74
1 75
1 76
1 77
1 78
1 79
1 80
1 81
1 82
1 83
1 84
1 85
1 86
1 87
1 88
1 89
1 90
1 91
1 92
1 93
1 94
1 95
1 96
1 97
1 98
1 99
1 100
1 101
1 102
1 103
1 104
1 105
1 106
1 107
1 108
1 109
1 110
1 111
1 112
1 113
1 114
1 115
1 116
1 117
1 118
1 119
1 120
1 121
1 122
1 123
1 124
1 125
1 126
1 127
1 128
1 129
1 130
1 131
1 132
1 133
1 134
1 135
1 136
1 137
1 138
1 139
1 140
1 141
1 142
1 143
1 144
1 145
1 146
1 147
1 148
1 149
1 150
1 151
1 152
1 153
1 154
1 155
1 156
1 157
1 158
1 159
1 160
1 161
1 162
1 163
1 164
1 165
1 166
1 167
1 168
1 169
1 170
1 171
1 172
1 173
1 174
1 175
1 176
1 177
1 178
1 179
1 180
1 181
1 182
1 183
1 184
1 185
1 186
1 187
1 188
1 189
1 190
1 191
1 192
1 193
1 194
1 195
1 196
1 197
1 198
1 199
1 200
1 201
1 202
1 203
1 204
1 205
1 206
1 207
1 208
1 209
1 210
1 211
1 212
1 213
1 214
1 215
1 216
1 217
1 218
1 219
1 220
1 221
1 222
1 223
1 224
1 225
1 226
1 227
1 228
1 229
1 230
1 231
1 232
1 233
1 234
1 235
1 236
1 237
1 238
1 239
1 240
1 241
1 242
1 243
1 244
1 245
1 246
1 247
1 248
1 249
1 250
1 251
1 252
1 253
1 254
1 255
1 256
1 257
1 258
1 259
1 260
1 261
1 262
1 263
1 264
1 265
1 266
1 267
1 268
1 269
1 270
1 271
1 272
1 273
1 274
1 275
1 276
1 277
1 278
1 279
1 280
1 281
1 282
1 283
1 284
1 285
1 286
1 287
1 288
1 289
1 290
1 291
1 292
1 293
1 294
1 295
1 296
1 297
1 298
1 299
1 300
1 301
1 302
1 303
1 304
1 305
1 306
1 307
1 308
1 309
1 310
1 311
1 312
1 313
1 314
1 315
1 316
1 317
1 318
1 319
1 320
1 321
1 322
1 323
1 324
1 325
1 326
1 327
1 328
1 329
1 330
1 331
1 332
1 333
1 334
1 335
1 336
1 337
1 338
1 339
1 340
1 341
1 342
1 343
1 344
1 345
1 346
1 347
1 348
1 349
1 350
1 351
1 352
1 353
1 354
1 355
1 356
1 357
1 358
1 359
1 360
1 361
1 362
1 363
1 364
1 365
1 366
1 367
1 368
1 369
1 370
1 371
1 372
1 373
1 374
1 375
1 376
1 377
1 378
1 379
1 380
1 381
1 382
1 383
1 384
1 385
1 386
1 387
1 388
1 389
1 390
1 391
1 392
1 393
1 394
1 395
1 396
1 397
1 398
1 399
1 400
1 401
1 402
1 403
1 404
1 405
1 406
1 407
1 408
1 409
1 410
1 411
1 412
1 413
1 414
1 415
1 416
1 417
1 418
1 419
1 420
1 421
1 422
1 423
1 424
1 425
1 426
1 427
1 428
1 429
1 430
1 431
1 432
1 433
1 434
1 435
1 436
1 437
1 438
1 439
1 440
1 441
1 442
1 443
1 444
1 445
1 446
1 447
1 448
1 449
1 450
1 451
1 452
1 453
1 454
1 455
1 456
1 457
1 458
1 459
1 460
1 461
1 462
1 463
1 464
1 465
1 466
1 467
1 468
1 469
1 470
1 471
1 472
1 473
1 474
1 475
1 476
1 477
1 478
1 479
1 480
1 481
1 482
1 483
1 484
1 485
1 486
1 487
1 488
1 489
1 490
1 491
1 492
1 493
1 494
1 495
1 496
1 497
1 498
1 499
1 500
1 501
1 502
1 503
1 504
1 505
1 506
1 507
1 508
1 509
1 510
1 511
1 512
1 513
1 514
1 515
1 516
1 517
1 518
1 519
1 520
1 521
1 522
1 523
1 524
1 525
1 526
1 527
1 528
1 529
1 530
1 531
1 532
1 533
1 534
1 535
1 536
1 537
1 538
1 539
1 540
1 541
1 542
1 543
1 544
1 545
1 546
1 547
1 548
1 549
1 550
1 551
1 552
1 553
1 554
1 555
1 556
1 557
1 558
1 559
1 560
1 561
1 562
1 563
1 564
1 565
1 566
1 567
1 568
1 569
1 570
1 571
1 572
1 573
1 574
1 575
1 576
1 577
1 578
1 579
1 580
1 581
1 582
1 583
1 584
1 585
1 586
1 587
1 588
1 589
1 590
1 591
1 592
1 593
1 594
1 595
1 596
1 597
1 598
1 599
1 600
1 601
1 602
1 603
1 604
1 605
1 606
1 607
1 608
1 609
1 610
1 611
1 612
1 613
1 614
1 615
1 616
1 617
1 618
1 619
1 620
1 621
1 622
1 623
1 624
1 625
1 626
1 627
1 628
1 629
1 630
1 631
1 632
1 633
1 634
1 635
1 636
1 637
1 638
1 639
1 640
1 641
1 642
1 643
1 644
1 645
1 646
1 647
1 648
1 649
1 650
1 651
1 652
1 653
1 654
1 655
1 656
1 657
1 658
1 659
1 660
1 661
1 662
1 663
1 664
1 665
1 666
1 667
1 668
1 669
1 670
1 671
1 672
1 673
1 674
1 675
1 676
1 677
1 678
1 679
1 680
1 681
1 682
1 683
1 684
1 685
1 686
1 687
1 688
1 689
1 690
1 691
1 692
1 693
1 694
1 695
1 696
1 697
1 698
1 699
1 700
1 701
1 702
1 703
1 704
1 705
1 706
1 707
1 708
1 709
1 710
1 711
1 712
1 713
1 714
1 715
1 716
1 717
1 718
1 719
1 720
1 721
1 722
1 723
1 724
1 725
1 726
1 727
1 728
1 729
1 730
1 731
1 732
1 733
1 734
1 735
1 736
1 737
1 738
1 739
1 740
1 741
1 742
1 743
1 744
1 745
1 746
1 747
1 748
1 749
1 750
1 751
1 752
1 753
1 754
1 755
1 756
1 757
1 758
1 759
1 760
1 761
1 762
1 763
1 764
1 765
1 766
1 767
1 768
1 769
1 770
1 771
1 772
1 773
1 774
1 775
1 776
1 777
1 778
1 779
1 780
1 781
1 782
1 783
1 784
1 785
1 786
1 787
1 788
1 789
1 790
1 791
1 792
1 793
1 794
1 795
1 796
1 797
1 798
1 799
1 800
1 801
1 802
1 803
1 804
1 805
1 806
1 807
1 808
1 809
1 810
1 811
1 812
1 813
1 814
1 815
1 816
1 817
1 818
1 819
1 820
1 821
1 822
1 823
1 824
1 825
1 826
1 827
1 828
1 829
1 830
1 831
1 832
1 833
1 834
1 835
1 836
1 837
1 838
1 839
1 840
1 841
1 842
1 843
1 844
1 845
1 846
1 847
1 848
1 849
1 850
1 851
1 852
1 853
1 854
1 855
1 856
1 857
1 858
1 859
1 860
1 861
1 862
1 863
1 864
1 865
1 866
1 867
1 868
1 869
1 870
1 871
1 872
1 873
1 874
1 875
1 876
1 877
1 878
1 879
1 880
1 881
1 882
1 883
1 884
1 885
1 886
1 887
1 888
1 889
1 890
1 891
1 892
1 893
1 894
1 895
1 896
1 897
1 898
1 899
1 900
1 901
1 902
1 903
1 904
1 905
1 906
1 907
1 908
1 909
1 910
1 911
1 912
1 913
1 914
1 915
1 916
1 917
1 918
1 919
1 920
1 921
1 922
1 923
1 924
1 925
1 926
1 927
1 928
1 929
1 930
1 931
1 932
1 933
1 934
1 935
1 936
1 937
1 938
1 939
1 940
1 941
1 942
1 943
1 944
1 945
1 946
1 947
1 948
1 949
1 950
1 951
1 952
1 953
1 954
1 955
1 956
1 957
1 958
1 959
1 960
1 961
1 962
1 963
1 964
1 965
1 966
1 967
1 968
1 969
1 970
1 971
1 972
1 973
1 974
1 975
1 976
1 977
1 978
1 979
1 980
1 981
1 982
1 983
1 984
1 985
1 986
1 987
1 988
1 989
1 990
1 991
1 992
1 993
1 994
1 995
1 996
1 997
1 998
1 999
1 1000
1 1001
1 1002
1 1003
1 1004
1 1005
1 1006
1 1007
1 1008
1 1009
1 1010
1 1011
1 1012
1 1013
1 1014
1 1015
1 1016
1 1017
1 1018
1 1019
1 1020
1 1021
1 1022
1 1023
1 1024
1 1025
1 1026
1 1027
1 1028
1 1029
1 1030
1 1031
1 1032
1 1033
1 1034
1 1035
1 1036
1 1037
1 1038
1 1039
1 1040
1 1041
1 1042
1 1043
1 1044
1 1045
1 1046
1 1047
1 1048
1 1049
1 1050
1 1051
1 1052
1 1053
1 1054
1 1055
1 1056
1 1057
1 1058
1 1059
1 1060
1 1061
1 1062
1 1063
1 1064
1 1065
1 1066
1 1067
1 1068
1 1069
1 1070
1 1071
1 1072
1 1073
1 1074
1 1075
1 1076
1 1077
1 1078
1 1079
1 1080
1 1081
1 1082
1 1083
1 1084
1 1085
1 1086
1 1087
1 1088
1 1089
1 1090
1 1091
1 1092
1 1093
1 1094
1 1095
1 1096
1 1097
1 1098
1 1099
1 1100
1 1101
1 1102
1 1103
1 1104
1 1105
1 1106
1 1107
1 1108
1 1109
1 1110
1 1111
1 1112
1 1113
1 1114
1 1115
1 1116
1 1117
1 1118
1 1119
1 1120
1 1121
1 1122
1 1123
1 1124
1 1125
1 1126
1 1127
1 1128
1 1129
1 1130
1 1131
1 1132
1 1133
1 1134
1 1135
1 1136
1 1137
1 1138
1 1139
1 1140
1 1141
1 1142
1 1143
1 1144
1 1145
1 1146
1 1147
1 1148
1 1149
1 1150
1 1151
1 1152
1 1153
1 1154
1 1155
1 1156
1 1157
1 1158
1 1159
1 1160
1 1161
1 1162
1 1163
1 1164
1 1165
1 1166
1 1167
1 1168
1 1169
1 1170
1 1171
1 1172
1 1173
1 1174
1 1175
1 1176
1 1177
1 1178
1 1179
1 1180
1 1181
1 1182
1 1183
1 1184
1 1185
1 1186
1 1187
1 1188
1 1189
1 1190
1 1191
1 1192
1 1193
1 1194
1 1195
1 1196
1 1197
1 1198
1 1199
1 1200
1 1201
1 1202
1 1203
1 1204
1 1205
1 1206
1 1207
1 1208
1 1209
1 1210
1 1211
1 1212
1 1213
1 1214
1 1215
1 1216
1 1217
1 1218
1 1219
1 1220
1 1221
1 1222
1 1223
1 1224
1 1225
1 1226
1 1227
1 1228
1 1229
1 1230
1 1231
1 1232
1 1233
1 1234
1 1235
1 1236
1 1237
1 1238
1 1239
1 1240
1 1241
1 1242
1 1243
1 1244
1 1245
1 1246
1 1247
1 1248
1 1249
1 1250
1 1251
1 1252
1 1253
1 1254
1 1255
1 1256
1 1257
1 1258
1 1259
1 1260
1 1261
1 1262
1 1263
1 1264
1 1265
1 1266
1 1267
1 1268
1 1269
1 1270
1 1271
1 1272
1 1273
1 1274
1 1275
1 1276
1 1277
1 1278
1 1279
1 1280
1 1281
1 1282
1 1283
1 1284
1 1285
1 1286
1 1287
1 1288
1 1289
1 1290
1 1291
1 1292
1 1293
1 1294
1 1295
1 1296
1 1297
1 1298
1 1299
1 1300
1 1301
1 1302
1 1303
1 1304
1 1305
1 1306
1 1307
1 1308
1 1309
1 1310
1 1311
1 1312
1 1313
1 1314
1 1315
1 1316
1 1317
1 1318
1 1319
1 1320
1 1321
1 1322
1 1323
1 1324
1 1325
1 1326
1 1327
1 1328
1 1329
1 1330
1 1331
1 1332
1 1333
1 1334
1 1335
1 1336
1 1337
1 1338
1 1339
1 1340
1 1341
1 1342
1 1343
1 1344
1 1345
1 1346
1 1347
1 1348
1 1349
1 1350
1 1351
1 1352
1 1353
1 1354
1 1355
1 1356
1 1357
1 1358
1 1359
1 1360
1 1361
1 1362
1 1363
1 1364
1 1365
1 1366
1 1367
1 1368
1 1369
1 1370
1 1371
1 1372
1 1373
1 1374
1 1375
1 1376
1 1377
1 1378
1 1379
1 1380
1 1381
1 1382
1 1383
1 1384
1 1385
1 1386
1 1387
1 1388
1 1389
1 1390
1 1391
1 1392
1 1393
1 1394
1 1395
1 1396
1 1397
1 1398
1 1399
1 1400
1 1401
1 1402
1 1403
1 1404
1 1405
1 1406
1 1407
1 1408
1 1409
1 1410
1 1411
1 1412
1 1413
1 1414
1 1415
1 1416
1 1417
1 1418
1 1419
1 1420
1 1421
1 1422
1 1423
1 1424
1 1425
1 1426
1 1427
1 1428
1 1429
1 1430
1 1431
1 1432
1 1433
1 1434
1 1435
1 1436
1 1437
1 1438
1 1439
1 1440
1 1441
1 1442
1 1443
1 1444
1 1445
1 1446
1 1447
1 1448
1 1449
1 1450
1 1451
1 1452
1 1453
1 1454
1 1455
1 1456
1 1457
1 1458
1 1459
1 1460
1 1461
1 1462
1 1463
1 1464
1 1465
1 1466
1 1467
1 1468
1 1469
1 1470
1 1471
1 1472
1 1473
1 1474
1 1475
1 1476
1 1477
1 1478
1 1479
1 1480
1 1481
1 1482
1 1483
1 1484
1 1485
1 1486
1 1487
1 1488
1 1489
1 1490
1 1491
1 1492
1 1493
1 1494
1 1495
1 1496
1 1497
1 1498
1 1499
1 1500
1 1501
1 1502
1 1503
1 1504
1 1505
1 1506
1 1507
1 1508
1 1509
1 1510
1 1511
1 1512
1 1513
1 1514
1 1515
1 1516
1 1517
1 1518
1 1519
1 1520
1 1521
1 1522
1 1523
1 1524
1 1525
1 1526
1 1527
1 1528
1 1529
1 1530
1 1531
1 1532
1 1533
1 1534
1 1535
1 1536
1 1537
1 1538
1 1539
1 1540
1 1541
1 1542
1 1543
1 1544
1 1545
1 1546
1 1547
1 1548
1 1549
1 1550
1 1551
1 1552
1 1553
1 1554
1 1555
1 1556
1 1557
1 1558
1 1559
1 1560
1 1561
1 1562
1 1563
1 1564
1 1565
1 1566
1 1567
1 1568
1 1569
1 1570
1 1571
1 1572
1 1573
1 1574
1 1575
1 1576
1 1577
1 1578
1 1579
1 1580
1 1581
1 1582
1 1583
1 1584
1 1585
1 1586
1 1587
1 1588
1 1589
1 1590
1 1591
1 1592
1 1593
1 1594
1 1595
1 1596
1 1597
1 1598
1 1599
1 1600
1 1601
1 1602
1 1603
1 1604
1 1605
1 1606
1 1607
1 1608
1 1609
1 1610
1 1611
1 1612
1 1613
1 1614
1 1615
1 1616
1 1617
1 1618
1 1619
1 1620
1 1621
1 1622
1 1623
1 1624
1 1625
1 1626
1 1627
1 1628
1 1629
1 1630
1 1631
1 1632
1 1633
1 1634
1 1635
1 1636
1 1637
1 1638
1 1639
1 1640
1 1641
1 1642
1 1643
1 1644
1 1645
1 1646
1 1647
1 1648
1 1649
1 1650
1 1651
1 1652
1 1653
1 1654
1 1655
1 1656
1 1657
1 1658
1 1659
1 1660
1 1661
1 1662
1 1663
1 1664
1 1665
1 1666
1 1667
1 1668
1 1669
1 1670
1 1671
1 1672
1 1673
1 1674
1 1675
1 1676
1 1677
1 1678
1 1679
1 1680
1 1681
1 1682
1 1683
1 1684
1 1685
1 1686
1 1687
1 1688
1 1689
1 1690
1 1691
1 1692
1 1693
1 1694
1 1695
1 1696
1 1697
1 1698
1 1699
1 1700
1 1701
1 1702
1 1703
1 1704
1 1705
1 1706
1 1707
1 1708
1 1709
1 1710
1 1711
1 1712
1 1713
1 1714
1 1715
1 1716
1 1717
1 1718
1 1719
1 1720
1 1721
1 1722
1 1723
1 1724
1 1725
1 1726
1 1727
1 1728
1 1729
1 1730
1 1731
1 1732
1 1733
1 1734
1 1735
1 1736
1 1737
1 1738
1 1739
1 1740
1 1741
1 1742
1 1743
1 1744
1 1745
1 1746
1 1747
1 1748
1 1749
1 1750
1 1751
1 1752
1 1753
1 1754
1 1755
1 1756
1 1757
1 1758
1 1759
1 1760
1 1761
1 1762
1 1763
1 1764
1 1765
1 1766
1 1767
1 1768
1 1769
1 1770
1 1771
1 1772
1 1773
1 1774
1 1775
1 1776
1 1777
1 1778
1 1779
1 1780
1 1781
1 1782
1 1783
1 1784
1 1785
1 1786
1 1787
1 1788
1 1789
1 1790
1 1791
1 1792
1 1793
1 1794
1 1795
1 1796
1 1797
1 1798
1 1799
1 1800
1 1801
1 1802
1 1803
1 1804
1 1805
1 1806
1 1807
1 1808
1 1809
1 1810
1 1811
1 1812
1 1813
1 1814
1 1815
1 1816
1 1817
1 1818
1 1819
1 1820
1 1821
1 1822
1 1823
1 1824
1 1825
1 1826
1 1827
1 1828
1 1829
1 1830
1 1831
1 1832
1 1833
1 1834
1 1835
1 1836
1 1837
1 1838
1 1839
1 1840
1 1841
1 1842
1 1843
1 1844
1 1845
1 1846
1 1847
1 1848
1 1849
1 1850
1 1851
1 1852
1 1853
1 1854
1 1855
1 1856
1 1857
1 1858
1 1859
1 1860
1 1861
1 1862
1 1863
1 1864
1 1865
1 1866
1 1867
1 1868
1 1869
1 1870
1 1871
1 1872
1 1873
1 1874
1 1875
1 1876
1 1877
1 1878
1 1879
1 1880
1 1881
1 1882
1 1883
1 1884
1 1885
1 1886
1 1887
1 1888
1 1889
1 1890
1 1891
1 1892
1 1893
1 1894
1 1895
1 1896
1 1897
1 1898
1 1899
1 1900
1 1901
1 1902
1 1903
1 1904
1 1905
1 1906
1 1907
1 1908
1 1909
1 1910
1 1911
1 1912
1 1913
1 1914
1 1915
1 1916
1 1917
1 1918
1 1919
1 1920
1 1921
1 1922
1 1923
1 1924
1 1925
1 1926
1 1927
1 1928
1 1929
1 1930
1 1931
1 1932
1 1933
1 1934
1 1935
1 1936
1 1937
1 1938
1 1939
1 1940
1 1941
1 1942
1 1943
1 1944
1 1945
1 1946
1 1947
1 1948
1 1949
1 1950
1 1951
1 1952
1 1953
1 1954
1 1955
1 1956
1 1957
1 1958
1 1959
1 1960
1 1961
1 1962
1 1963
1 1964
1 1965
1 1966
1 1967
1 1968
1 1969
1 1970
1 1971
1 1972
1 1973
1 1974
1 1975
1 1976
1 1977
1 1978
1 1979
1 1980
1 1981
1 1982
1 1983
1 1984
1 1985
1 1986
1 1987
1 1988
1 1989
1 1990
1 1991
1 1992
1 1993
1 1994
1 1995
1 1996
1 1997
1 1998
1 1999
CELL_TYPES 2000
1
1
1
1
1
1
1
1
1
1
1
1
1
1
1
1
1
1
1
1
1
1
1
1
1
1
1
1
1
1
1
1
1
1
1
1
1
1
1
1
1
1
1
1
1
1
1
1
1
1
1
1
1
1
1
1
1
1
1
1
1
1
1
1
1
1
1
1
1
1
1
1
1
1
1
1
1
1
1
1
1
1
1
1
1
1
1
1
1
1
1
1
1
1
1
1
1
1
1
1
1
1
1
1
1
1
1
1
1
1
1
1
1
1
1
1
1
1
1
1
1
1
1
1
1
1
1
1
1
1
1
1
1
1
1
1
1
1
1
1
1
1
1
1
1
1
1
1
1
1
1
1
1
1
1
1
1
1
1
1
1
1
1
1
1
1
1
1
1
1
1
1
1
1
1
1
1
1
1
1
1
1
1
1
1
1
1
1
1
1
1
1
1
1
1
1
1
1
1
1
1
1
1
1
1
1
1
1
1
1
1
1
1
1
1
1
1
1
1
1
1
1
1
1
1
1
1
1
1
1
1
1
1
1
1
1
1
1
1
1
1
1
1
1
1
1
1
1
1
1
1
1
1
1
1
1
1
1
1
1
1
1
1
1
1
1
1
1
1
1
1
1
1
1
1
1
1
1
1
1
1
1
1
1
1
1
1
1
1
1
1
1
1
1
1
1
1
1
1
1
1
1
1
1
1
1
1
1
1
1
1
1
1
1
1
1
1
1
1
1
1
1
1
1
1
1
1
1
1
1
1
1
1
1
1
1
1
1
1
1
1
1
1
1
1
1
1
1
1
1
1
1
1
1
1
1
1
1
1
1
1
1
1
1
1
1
1
1
1
1
1
1
1
1
1
1
1
1
1
1
1
1
1
1
1
1
1
1
1
1
1
1
1
1
1
1
1
1
1
1
1
1
1
1
1
1
1
1
1
1
1
1
1
1
1
1
1
1
1
1
1
1
1
1
1
1
1
1
1
1
1
1
1
1
1
1
1
1
1
1
1
1
1
1
1
1
1
1
1
1
1
1
1
1
1
1
1
1
1
1
1
1
1
1
1
1
1
1
1
1
1
1
1
1
1
1
1
1
1
1
1
1
1
1
1
1
1
1
1
1
1
1
1
1
1
1
1
1
1
1
1
1
1
1
1
1
1
1
1
1
1
1
1
1
1
1
1
1
1
1
1
1
1
1
1
1
1
1
1
1
1
1
1
1
1
1
1
1
1
1
1
1
1
1
1
1
1
1
1
1
1
1
1
1
1
1
1
1
1
1
1
1
1
1
1
1
1
1
1
1
1
1
1
1
1
1
1
1
1
1
1
1
1
1
1
1
1
1
1
1
1
1
1
1
1
1
1
1
1
1
1
1
1
1
1
1
1
1
1
1
1
1
1
1
1
1
1
1
1
1
1
1
1
1
1
1
1
1
1
1
1
1
1
1
1
1
1
1
1
1
1
1
1
1
1
1
1
1
1
1
1
1
1
1
1
1
1
1
1
1
1
1
1
1
1
1
1
1
1
1
1
1
1
1
1
1
1
1
1
1
1
1
1
1
1
1
1
1
1
1
1
1
1
1
1
1
1
1
1
1
1
1
1
1
1
1
1
1
1
1
1
1
1
1
1
1
1
1
1
1
1
1
1
1
1
1
1
1
1
1
1
1
1
1
1
1
1
1
1
1
1
1
1
1
1
1
1
1
1
1
1
1
1
1
1
1
1
1
1
1
1
1
1
1
1
1
1
1
1
1
1
1
1
1
1
1
1
1
1
1
1
1
1
1
1
1
1
1
1
1
1
1
1
1
1
1
1
1
1
1
1
1
1
1
1
1
1
1
1
1
1
1
1
1
1
1
1
1
1
1
1
1
1
1
1
1
1
1
1
1
1
1
1
1
1
1
1
1
1
1
1
1
1
1
1
1
1
1
1
1
1
1
1
1
1
1
1
1
1
1
1
1
1
1
1
1
1
1
1
1
1
1
1
1
1
1
1
1
1
1
1
1
1
1
1
1
1
1
1
1
1
1
1
1
1
1
1
1
1
1
1
1
1
1
1
1
1
1
1
1
1
1
1
1
1
1
1
1
1
1
1
1
1
1
1
1
1
1
1
1
1
1
1
1
1
1
1
1
1
1
1
1
1
1
1
1
1
1
1
1
1
1
1
1
1
1
1
1
1
1
1
1
1
1
1
1
1
1
1
1
1
1
1
1
1
1
1
1
1
1
1
1
1
1
1
1
1
1
1
1
1
1
1
1
1
1
1
1
1
1
1
1
1
1
1
1
1
1
1
1
1
1
1
1
1
1
1
1
1
1
1
1
1
1
1
1
1
1
1
1
1
1
1
1
1
1
1
1
1
1
1
1
1
1
1
1
1
1
1
1
1
1
1
1
1
1
1
1
1
1
1
1
1
1
1
1
1
1
1
1
1
1
1
1
1
1
1
1
1
1
1
1
1
1
1
1
1
1
1
1
1
1
1
1
1
1
1
1
1
1
1
1
1
1
1
1
1
1
1
1
1
1
1
1
1
1
1
1
1
1
1
1
1
1
1
1
1
1
1
1
1
1
1
1
1
1
1
1
1
1
1
1
1
1
1
1
1
1
1
1
1
1
1
1
1
1
1
1
1
1
1
1
1
1
1
1
1
1
1
1
1
1
1
1
1
1
1
1
1
1
1
1
1
1
1
1
1
1
1
1
1
1
1
1
1
1
1
1
1
1
1
1
1
1
1
1
1
1
1
1
1
1
1
1
1
1
1
1
1
1
1
1
1
1
1
1
1
1
1
1
1
1
1
1
1
1
1
1
1
1
1
1
1
1
1
1
1
1
1
1
1
1
1
1
1
1
1
1
1
1
1
1
1
1
1
1
1
1
1
1
1
1
1
1
1
1
1
1
1
1
1
1
1
1
1
1
1
1
1
1
1
1
1
1
1
1
1
1
1
1
1
1
1
1
1
1
1
1
1
1
1
1
1
1
1
1
1
1
1
1
1
1
1
1
1
1
1
1
1
1
1
1
1
1
1
1
1
1
1
1
1
1
1
1
1
1
1
1
1
1
1
1
1
1
1
1
1
1
1
1
1
1
1
1
1
1
1
1
1
1
1
1
1
1
1
1
1
1
1
1
1
1
1
1
1
1
1
1
1
1
1
1
1
1
1
1
1
1
1
1
1
1
1
1
1
1
1
1
1
1
1
1
1
1
1
1
1
1
1
1
1
1
1
1
1
1
1
1
1
1
1
1
1
1
1
1
1
1
1
1
1
1
1
1
1
1
1
1
1
1
1
1
1
1
1
1
1
1
1
1
1
1
1
1
1
1
1
1
1
1
1
1
1
1
1
1
1
1
1
1
1
1
1
1
1
1
1
1
1
1
1
1
1
1
1
1
1
1
1
1
1
1
1
1
1
1
1
1
1
1
1
1
1
1
1
1
1
1
1
1
1
1
1
1
1
1
1
1
1
1
1
1
1
1
1
1
1
1
1
1
1
1
1
1
1
1
1
1
1
1
1
1
1
1
1
1
1
1
1
1
1
1
1
1
1
1
1
1
1
1
1
1
1
1
1
1
1
1
1
1
1
1
1
1
1
1
1
1
1
1
1
1
1
1
1
1
1
1
1
1
1
1
1
1
1
1
1
1
1
1
1
1
1
1
1
1
1
1
1
1
1
1
1
1
1
1
1
1
1
1
1
1
1
1
1
1
1
1
1
1
1
1
1
1
1
1
1
1
1
1
1
1
1
1
1
1
1
1
1
1
1
1
1
1
1
1
1
1
1
1
1
1
1
1
1
1
1
1
1
1
1
1
1
1
1
1
1
1
1
1
1
1
1
1
1
1
1
1
1
1
1
1
1
1
1
1
1
1
1
1
1
1
1
1
1
1
1
1
1
1
1
1
1
1
1
1
1
1
1
1
1
1
1
1
1
1
1
1
1
1
1
1
1
1
1
1
1
1
1
1
1
1
1
1
1
1
1
1
1
1
1
1
1
1
1
1
1
1
1
1
1
1
1
1
1
1
1
1
1
1
1
1
1
1
1
1
1
1
1
1
1
1
1
1
1
1
1
1
1
1
1
1
1
1
1
1
1
1
1
1
1
1
1
1
1
1
1
1
1
1
1
1
1
1
1
1
1
1
1
1
1
1
1
1
1
1
1
1
1
1
1
1
1
1
1
1
1
1
1
1
1
1
1
1
1
1
1
1
1
1
1
1
1
1
1
1
1
1
1
1
1
1
1
1
1
1
1
1
1
1
1
1
1
1
1
1
1
1
1
1
1
1
1
1
1
1
1
1
1
1
1
1
1
1
1
1
1
1
1
1
1
1
1
1
1
1
1
1
1
1
1
1
1
1
1
1
1
1
1
1
1
1
1
1
1
1
1
1
1
1
1
1
1
1
1
1
1
1
1
1
1
1
1
1
1
1
1
1
1
1
1
1
1
1
1
1
1
1
1
1
1
1
1
1
1
1
1
1
1
1
1
1
1
1
1
1
1
1
1
1
1
1
1
1
1
1
1
1
1
1
POINT_DATA 2000
SCALARS field float 1
LOOKUP_TABLE default
0.544301
-0.239226
0.357248
0.124059
0.224214
0.684699
-0.170415
0.897595
0.195281
-0.222749
0.682427
0.242871
-0.849557
0.084065
-0.086146
0.979192
-0.034400
-1.143626
0.279117
-0.273384
0.596489
-0.189294
-0.735152
-0.152391
-0.262902
-0.700673
0.337423
-0.651371
-0.503862
0.387079
-0.105608
0.460834
-0.488853
0.284147
0.561868
-0.009105
0.556132
0.125265
-0.161990
0.636293
-0.031769
1.008799
0.084317
-0.573115
1.024916
0.146190
-1.010495
-0.155081
-0.337392
0.716280
-0.077161
-1.197144
-0.055655
-0.401834
0.277441
0.395208
-0.687735
-0.340466
-0.293677
0.053469
0.505443
-0.554236
-0.237054
0.390474
0.161888
0.639157
-0.417317
-0.082741
0.523368
0.195380
1.171387
0.102129
-0.527693
0.498139
0.293336
1.016820
-0.068467
-0.864948
0.771157
0.005038
-1.064043
-0.424211
-0.513621
0.379468
-0.086347
-0.640998
-0.151416
-0.468129
-0.275159
0.492265
-0.556981
-0.074288
-0.300518
0.328820
0.644548
-0.418122
0.029063
0.368397
0.357657
0.743445
0.148540
-0.435241
0.417484
-0.092569
1.182202
0.046107
-0.836321
0.273868
0.061250
0.917245
-0.253230
-0.572747
0.442120
-0.099822
-1.008044
0.047830
-0.606479
0.002336
-0.069969
-0.489864
0.084387
-0.480176
-0.022284
0.578991
-0.369255
0.196339
0.199876
0.445893
0.726405
-0.270912
0.756878
0.306386
-0.005530
0.751215
0.190418
-0.737012
0.242122
-0.399335
1.080552
-0.043924
-1.058430
0.478888
-0.132082
0.718984
-0.258079
-0.682287
0.068772
-0.165597
-0.853952
0.226054
-0.618989
-0.376866
-0.042384
-0.269818
0.329796
-0.453178
0.500783
0.631379
-0.156680
0.432809
0.190218
0.064899
0.728427
-0.139470
0.914245
0.196120
-0.363572
1.151478
0.193064
-0.957167
0.005463
-0.165719
0.872250
-0.082147
-1.175431
0.138860
-0.273551
-0.657994
-0.159308
-0.692074
-0.311753
-0.197406
-0.125528
0.419487
-0.564429
-0.413252
0.478120
-0.014836
0.548409
-0.406699
0.131839
0.628077
0.047305
0.600447
0.155893
-0.316255
0.637277
0.402743
0.978473
0.037371
-0.681176
0.946490
0.066814
-1.074385
-0.274495
-0.369652
0.576168
-0.077114
-0.681846
-0.213326
-0.359149
-0.447485
0.460995
-0.613052
-0.258247
-0.207013
0.144105
0.596891
-0.463842
-0.149253
0.472486
0.237696
0.705888
0.138791
-0.242386
0.553964
0.071153
1.172964
0.087716
-0.659269
0.451217
0.185367
-0.877537
-0.161314
-0.929394
0.651758
-0.027132
-1.079821
-0.071908
-0.498851
0.221756
-0.043508
-0.585839
-0.085383
-0.393885
-0.193016
0.579196
-0.466662
0.017480
-0.210439
0.416661
0.726954
-0.342555
0.596186
0.424309
0.198041
0.774538
0.165357
-0.583789
0.402950
-0.224178
1.135821
-0.016232
-0.930898
0.680911
-0.003251
-0.887375
-0.349251
-0.589132
0.294268
-0.085065
-0.978378
0.090969
-0.551872
-0.154829
0.004364
-0.407936
0.171691
-0.390303
0.569423
0.669293
-0.281558
0.279205
0.275114
0.289195
0.782664
-0.226265
0.788491
0.322962
-0.154239
0.737106
0.160481
-0.857655
0.179570
0.005885
0.988031
-0.115388
-1.107131
0.348529
-0.148653
-0.795158
-0.243013
-0.653221
-0.090836
-0.111093
-0.788180
0.300763
-0.537583
-0.515417
0.547513
-0.178139
0.420570
-0.365897
0.355226
0.706777
-0.089471
0.489628
0.234542
-0.093220
0.745267
0.362713
-0.700738
0.165903
-0.484548
1.089234
0.098559
-1.037190
-0.100939
-0.214764
0.742177
-0.098448
-1.176110
-0.014773
-0.244776
-0.615067
0.395523
-0.626838
-0.434260
-0.116180
-0.038287
0.509812
-0.473198
-0.322395
0.565359
0.068151
0.624342
-0.339847
-0.027372
0.672481
0.079174
1.117895
0.157775
-0.457590
0.607211
0.281975
-0.872752
-0.040217
-0.761669
0.840244
0.017956
-1.107034
-0.414136
-0.370781
0.422644
-0.048109
-0.639407
-0.258842
-0.294277
-0.372810
0.542549
-0.526234
-0.167728
-0.116018
0.235027
0.684579
-0.381194
0.426945
0.539231
0.294827
0.750841
0.170385
-0.396884
0.555831
-0.070076
1.143497
0.041870
-0.768080
0.373643
0.104945
-0.942247
-0.279887
-0.462603
0.512101
-0.028165
-1.065291
-0.058710
-0.456921
0.062316
0.021546
-0.511513
-0.003548
-0.307469
-0.102533
0.670498
-0.376014
0.105527
0.371934
0.492938
0.794129
-0.285631
-0.289087
0.455732
0.043530
0.776919
0.152049
-0.715896
0.356984
0.166949
1.058779
-0.108075
-0.996219
0.562204
-0.036520
-0.904008
-0.350002
-0.575199
0.136695
-0.043127
-0.923791
0.156351
-0.478063
-0.301781
0.590906
-0.317629
0.263405
-0.300060
0.575544
0.751928
-0.205387
0.346876
0.331741
0.129476
0.814460
-0.208420
-0.592675
0.309424
-0.286543
1.191565
0.099233
-0.952980
0.087500
-0.059654
0.869737
-0.148362
-1.124383
0.201105
-0.134895
-0.766249
-0.200746
-0.599210
-0.248200
-0.037357
-0.206536
0.387719
-0.447758
0.118959
0.637821
-0.090098
0.503718
-0.290104
0.198724
0.763598
-0.043950
1.022009
0.252086
-0.242362
0.732005
0.333873
-0.821956
0.104372
-0.580229
0.997457
0.033280
-1.086736
-0.230610
-0.232361
0.595006
-0.084410
-0.647767
-0.174280
-0.191031
-0.549837
0.469618
-0.545695
-0.347251
-0.026495
0.053446
0.600588
-0.385564
-0.235353
0.641148
0.136015
0.681731
0.205348
-0.185633
0.690126
0.055594
1.105253
0.128641
-0.579269
0.545827
0.186476
-0.953549
-0.145720
-0.811695
0.710702
0.000546
-1.108522
-0.067376
-0.342872
0.263205
0.005891
-0.574637
-0.184582
-0.213463
-0.285812
0.632600
-0.434884
-0.076716
0.471420
0.318402
0.760854
-0.313633
-0.102039
0.584348
0.219560
0.769058
0.173333
-0.538677
0.526688
-0.191680
1.082707
-0.034672
-0.849442
0.768136
0.054980
-0.975745
-0.418874
-0.464648
0.358807
-0.000146
-1.023498
-0.004460
-0.392630
-0.121311
0.102577
-0.424825
0.086825
-0.216480
0.488483
0.758282
-0.292874
0.182201
0.439256
0.340077
0.839706
-0.253066
-0.443769
0.458527
-0.098313
0.748296
0.107317
-0.825409
0.280312
0.085504
0.953784
-0.222130
-1.030333
0.423052
-0.038619
-0.890270
-0.321684
-0.533982
-0.022851
0.021199
-0.349843
0.237748
-0.391857
0.132142
0.682062
-0.226747
0.351644
-0.217285
0.423975
0.819548
-0.147661
0.392979
0.364036
-0.025380
0.817644
0.279372
-0.725276
0.264462
-0.396280
1.115310
0.019532
-1.019139
-0.030460
-0.093990
-0.681869
-0.150161
-1.111252
0.043727
-0.093833
-0.712271
0.363939
-0.525804
-0.395584
0.048815
-0.116274
0.479329
-0.357317
-0.017261
0.720700
-0.013355
0.571887
0.267278
0.038955
0.796111
-0.025101
1.025795
0.239588
-0.375310
0.687321
0.237906
-0.918003
0.013239
-0.646762
0.879768
-0.000802
-1.104831
0.122449
-0.219564
-0.521538
-0.043048
-0.594331
-0.331787
-0.117859
-0.468523
0.556187
-0.455894
-0.255547
0.063846
0.141786
0.683975
-0.309189
0.108396
0.698559
0.182370
0.714838
0.223892
-0.335153
0.677741
-0.077155
1.061191
0.068171
-0.675801
0.454826
0.120111
-1.003930
-0.274654
-0.330271
0.563856
0.013540
-1.080895
-0.170837
-0.289845
-0.295203
0.079349
-0.493747
-0.097810
-0.123952
0.305922
0.723349
-0.346886
0.006947
0.547636
0.386871
0.818783
-0.267550
-0.260388
0.602836
0.070134
0.757256
0.145307
-0.661006
0.466205
0.211838
-0.807751
-0.139242
-0.900400
0.639169
0.036465
-0.978051
-0.458863
-0.437561
0.199359
0.053017
-0.959201
0.069281
-0.312185
-0.034612
0.692344
-0.333361
0.177935
-0.128803
0.572191
0.834884
-0.224604
0.240564
0.485130
0.181703
0.858676
-0.249044
-0.585972
0.430353
-0.220724
1.188329
0.031836
-0.907595
0.175594
0.034453
-0.788027
-0.240358
-1.033250
0.270043
-0.011571
-0.849146
0.231802
-0.470232
-0.176499
0.101716
-0.263307
0.327918
-0.300833
0.199625
0.769947
-0.143133
0.428738
-0.149344
0.264985
0.865749
-0.114137
0.912496
0.367804
-0.167794
0.789866
0.235750
-0.835454
0.188744
-0.478712
1.010990
-0.031226
-1.054123
-0.169052
-0.097126
-0.668957
-0.122799
-0.570716
-0.115870
-0.030211
-0.638737
0.444848
-0.439773
-0.419375
0.139845
-0.025193
0.567708
-0.274105
0.331510
0.788780
0.045144
0.618667
0.300483
-0.116193
0.800115
-0.036232
-0.675662
0.195677
-0.485864
0.611871
0.155726
-0.984977
-0.103923
-0.182124
0.741414
-0.003677
-1.092480
-0.034679
-0.179343
-0.468215
0.020904
-0.521306
-0.278500
-0.032026
-0.378355
0.647653
-0.365233
-0.167033
0.646998
0.219058
0.752601
-0.251026
-0.051365
0.731819
0.202184
0.719454
0.212469
-0.468690
0.633945
-0.187539
-0.819992
-0.021984
-0.743276
0.837774
0.084911
-1.022861
-0.421065
-0.318391
0.406782
0.053979
-1.028026
-0.106711
-0.217198
-0.214274
0.665506
-0.403964
-0.006101
-0.033540
0.394506
0.806948
-0.269917
-0.459655
0.605675
0.368212
0.852588
-0.247986
-0.410232
0.591368
-0.063344
1.214046
0.085924
-0.758336
0.376024
0.144396
-0.858976
-0.267407
-0.919907
0.492692
0.048415
-0.951148
-0.418168
-0.385208
0.041623
0.125831
-0.378574
0.155759
-0.222808
0.057066
0.783053
-0.245005
0.261937
-0.052116
0.480526
0.893341
-0.177632
-0.797338
0.504506
0.031793
0.847702
0.224046
-0.708904
0.370820
-0.318162
1.098651
-0.071784
-0.959439
0.047254
0.014851
-0.791174
-0.228111
-0.506944
0.110637
0.040766
-0.785347
0.304972
-0.390118
-0.316746
0.191203
-0.171752
0.419072
-0.212877
0.055548
0.846879
-0.074172
0.487721
0.397329
0.106410
0.885474
-0.109052
-0.582887
0.340649
-0.290970
0.730726
0.161501
-0.918428
0.084868
-0.530812
0.883020
-0.050536
-1.057879
0.178278
-0.071023
-0.628540
-0.070121
-0.507475
-0.269810
0.049812
-0.552392
0.534768
-0.348683
0.105688
0.227847
0.058860
0.645173
-0.205509
0.172620
0.835623
0.079598
0.638993
0.305267
-0.259125
0.773202
-0.117022
-0.786484
0.120959
-0.569233
1.008246
0.103865
-1.020809
-0.241902
-0.186254
0.588947
0.022700
-1.052604
-0.194271
-0.116390
-0.395145
0.101290
-0.435432
-0.188475
0.058907
0.212878
0.736133
-0.281560
-0.255891
0.715569
0.278286
0.800018
-0.216880
-0.206749
0.736674
0.067915
0.693160
0.169646
-0.580006
0.559333
0.229240
-0.887775
-0.138304
-0.779615
0.699873
0.080947
-1.011285
-0.575625
-0.278967
0.247204
0.117178
-0.455378
-0.026114
-0.131665
-0.124255
0.756803
-0.313074
0.082664
0.049924
0.472254
0.876003
-0.210958
-0.619355
0.639721
0.212910
0.858007
0.241686
-0.544305
0.548503
-0.174630
1.140011
-0.003223
-0.826704
0.259654
0.108085
-0.878753
-0.351314
-0.908899
0.335756
0.087929
-0.898858
0.145316
-0.313044
0.033783
0.211569
-0.288818
0.247418
-0.132283
0.145840
0.866853
-0.167447
0.331431
0.006593
0.320788
0.927832
-0.157046
-0.447460
0.494003
-0.102380
0.805333
0.165763
-0.806987
0.281510
-0.386655
0.982761
-0.122970
-0.979836
0.401199
0.025775
-0.765022
-0.188279
-0.455225
-0.047301
0.112946
-0.705008
0.391102
-0.300835
0.284825
0.281878
-0.083061
0.503357
-0.135680
0.399798
0.905867
-0.026327
0.522765
0.417638
-0.043936
0.875333
-0.134854
-0.706388
0.282116
-0.389323
0.641795
0.093298
-0.971125
-0.042791
-0.051467
-0.561504
-0.039310
-1.032321
0.018972
-0.019484
-0.565278
0.002430
-0.427660
-0.357381
0.139041
-0.460784
0.625917
-0.260415
-0.037913
0.805127
0.128478
0.704729
-0.158000
0.013900
0.856124
0.085719
0.629466
0.279173
-0.383015
0.714909
0.284868
-0.870224
0.017976
-0.622338
0.880809
0.083450
-1.025385
-0.394178
-0.161056
-0.379721
0.074537
-0.989855
-0.205826
-0.036827
-0.309039
0.690922
-0.344255
-0.097180
0.147058
0.297323
0.813930
-0.212286
-0.414624
0.763085
0.313628
0.821116
-0.211050
-0.350144
0.710660
-0.055818
1.135484
0.095967
-0.664262
0.456438
0.176272
-0.924451
-0.275625
-0.784694
0.547639
0.106325
-0.972067
-0.523603
-0.216641
-0.140123
0.197020
-0.369655
0.063768
-0.040789
-0.032925
0.845359
-0.228933
0.160784
0.119025
0.515849
0.924032
-0.175858
-0.274922
0.645470
0.069559
0.832562
0.199973
-0.656332
0.474774
-0.258879
-0.729547
-0.118671
-0.863972
0.122253
0.103038
-0.867965
-0.325674
-0.370227
0.176070
0.150372
-0.826597
0.225478
-0.227769
0.123597
0.302690
-0.197709
0.336377
-0.048466
0.118156
0.936327
-0.107697
0.379930
0.541471
0.165142
0.934043
-0.166274
-0.582023
0.452117
-0.214538
0.732092
0.077636
-0.876206
0.165875
0.075946
-0.680645
-0.127721
-0.969659
0.244454
0.064381
-0.713338
-0.125491
-0.383505
-0.196002
0.198274
-0.615305
0.482656
-0.210159
0.182782
0.865885
-0.004936
0.573353
-0.076258
0.240008
0.941049
-0.004734
-0.931484
0.408146
-0.178760
0.833812
-0.192045
-0.805191
0.193727
-0.458829
1.026516
0.056184
-0.992380
-0.188367
-0.041538
-0.536143
-0.000384
-0.981208
-0.139113
0.052088
-0.485268
0.088167
-0.338443
-0.265828
0.229704
0.128204
0.710437
-0.182676
-0.193416
0.864667
0.177162
0.740505
-0.136719
-0.136829
0.846836
0.032957
-0.643258
0.221686
-0.482233
0.626747
0.215589
-0.923756
-0.108952
-0.644002
0.735422
0.093628
-1.000560
-0.553330
-0.110279
-0.317046
0.146439
-0.410323
-0.119973
0.052177
-0.217429
0.782030
-0.255656
-0.012472
0.224719
0.367551
0.874020
-0.163914
-0.573433
0.784394
0.216171
0.812438
0.263950
-0.474694
0.653249
-0.154905
-0.758734
-0.006084
-0.718322
0.329571
0.154744
-0.929844
-0.427462
-0.760357
0.388488
0.157307
-0.909806
0.048517
-0.137498
-0.054312
0.286344
-0.278388
0.155166
0.047550
0.051857
0.923464
-0.158970
-0.475000
0.667254
0.357111
0.945877
-0.168966
-0.418728
0.620397
-0.054979
0.775719
0.127358
-0.741425
0.372655
-0.312942
-0.767079
-0.235677
-0.869953
0.470299
0.127420
-0.829417
-0.274407
-0.308487
0.021516
0.229668
-0.741040
0.315160
-0.136908
0.214968
0.391314
-0.113108
0.414923
0.021207
0.459581
0.984959
-0.071644
-0.801414
0.548159
0.021218
0.909440
-0.206870
-0.694717
0.379322
-0.299784
0.630443
0.002243
-0.914361
0.029026
0.069838
-0.670673
-0.103028
-0.931702
0.084714
0.126083
-0.641494
-0.045815
-0.298451
-0.328276
0.289227
-0.024004
0.571754
-0.125951
0.032719
0.935785
0.055584
0.622538
-0.040507
0.084067
0.948061
-0.012877
-1.066506
0.367289
-0.291745
0.761373
0.224991
-0.875228
0.078881
-0.497277
0.889994
0.050363
-0.983004
-0.344865
-0.003811
-0.485106
0.061667
-0.909903
-0.288195
0.137031
-0.395659
0.679569
-0.247585
0.089332
0.313940
0.206859
0.780888
-0.122506
-0.353201
0.900563
0.199731
0.748128
0.354840
-0.272251
0.806185
-0.079792
-0.742763
0.134266
-0.552703
0.512105
0.177361
-0.945852
-0.253997
-0.635026
0.579074
0.131622
-0.950035
-0.128118
-0.039279
-0.237415
0.231748
-0.321153
-0.028413
0.142862
-0.128192
0.866749
-0.177352
-0.276618
0.284844
0.417030
0.910493
-0.141635
-0.224489
0.775994
0.080894
0.772401
0.207543
-0.574724
0.565893
-0.225261
-0.813099
-0.132238
-0.740947
0.184552
0.163865
-0.905750
-0.434333
-0.210297
-0.062260
0.228542
-0.830555
0.134081
-0.048678
0.037246
0.377388
-0.189453
0.240216
0.125632
0.622643
0.984065
-0.109726
-0.633846
0.689413
0.206085
0.938026
-0.192854
-0.543885
0.563914
-0.155025
0.688919
0.026266
-0.796391
0.246406
0.164427
-0.773305
-0.226288
-0.846433
0.311189
0.177549
-0.767661
-0.202855
-0.229721
0.189287
0.318678
-0.649696
0.406604
-0.048340
0.251772
0.969719
-0.042466
0.476001
0.070193
0.300643
1.007544
-0.063690
-0.945587
0.524074
-0.104090
0.853425
-0.278414
-0.780605
0.278031
-0.354914
1.004637
-0.020091
-0.921205
-0.122592
0.093245
-0.632826
-0.052565
-0.870509
-0.070136
0.204845
-0.556132
0.543614
-0.207570
0.304626
0.377929
0.061031
0.650673
-0.055665
-0.125759
0.985029
0.092569
0.645699
-0.032834
-0.060380
0.924307
-0.052368
-0.679835
0.295477
-0.377945
0.660421
0.170138
-0.914241
-0.057360
-0.504411
-0.434388
0.074073
-0.945734
-0.504602
0.057180
-0.413722
0.140812
-0.325042
-0.202423
0.227840
-0.304207
0.768761
-0.162955
-0.060342
0.384289
0.268113
0.830712
-0.085846
-0.009383
0.908397
0.186883
0.724996
0.315053
-0.386010
0.734573
-0.165779
-0.813603
0.020257
-0.592154
0.376037
0.170450
-0.937262
-0.410195
-0.098137
-0.233204
0.192908
-0.879132
-0.048845
0.045314
-0.147952
0.322965
-0.230098
0.060977
0.227359
-0.049057
0.937618
-0.116415
-0.436343
0.821487
0.366496
0.918922
-0.148996
-0.360453
0.736251
-0.032750
-1.117187
0.121129
-0.646107
0.451925
-0.264605
-0.836036
-0.276711
-0.732877
0.528343
0.200917
-0.855816
-0.372823
-0.139828
0.016936
0.313406
-0.741433
0.225593
0.042067
0.126675
0.962285
-0.110581
0.311455
0.186382
0.501531
1.021212
-0.086437
-0.785178
0.681945
0.070114
0.898836
-0.248160
-0.644679
0.477412
-0.226440
-0.642923
-0.099087
-0.819932
0.101805
0.172500
-0.749958
-0.188950
-0.797049
0.152766
0.248118
-0.688708
-0.117636
-0.141045
0.280736
0.409655
-0.060438
0.491941
0.030205
0.096863
1.030826
0.007643
0.513651
0.093248
0.149179
1.000515
-0.086465
-1.071310
0.468569
-0.205061
0.767378
0.135178
-0.836438
0.152453
-0.378621
-0.565529
-0.011714
-0.898463
-0.281607
0.142539
-0.571605
0.018370
-0.292085
-0.212521
0.293555
-0.464740
0.635050
-0.118735
0.162580
0.456646
0.132326
0.712327
-0.005881
-0.284845
1.008363
0.101568
-0.916711
0.444117
-0.186411
0.869131
-0.136547
-0.766489
0.195066
-0.434102
0.535155
0.146706
-0.921921
-0.208588
-0.481945
-0.397285
0.123692
-0.885063
-0.159693
0.135436
-0.328597
0.229945
-0.234113
-0.110934
0.316644
-0.218780
0.848006
-0.092026
-0.218666
0.434167
0.305995
0.854651
-0.077152
-0.154299
0.885519
0.061080
-1.103095
0.244269
-0.473115
0.634345
-0.221735
-0.853459
-0.115327
-0.600270
0.724947
0.193153
-0.900666
-0.544355
-0.037820
-0.162331
0.271493
-0.794450
0.040455
0.136015
-0.056399
0.412217
-0.145028
0.140460
0.298192
0.512883
0.988048
-0.078822
-0.592709
0.830181
0.221713
0.896649
-0.187682
-0.474934
0.665504
-0.119762
-1.188829
0.007995
-0.686513
0.316353
0.227389
-0.828234
-0.338106
-0.696783
0.368609
0.261424
-0.785316
-0.293979
-0.055544
0.106198
0.404420
-0.150180
0.315181
0.126867
0.206235
1.033553
-0.048870
-0.488193
0.223815
0.345182
1.030429
-0.092705
-0.921635
0.643156
-0.044403
0.828635
0.166453
-0.716926
0.364167
-0.266886
-0.666719
-0.119475
-0.812725
-0.054216
0.208616
-0.700632
-0.128128
-0.727068
0.002835
0.332538
-0.599650
0.473772
-0.050198
0.370303
0.494726
0.018989
0.563687
0.091623
-0.062856
1.068644
0.031937
-0.800570
0.086759
0.012554
0.962169
-0.140668
-0.672826
0.382972
-0.277503
0.654567
0.095028
-0.860855
0.008325
-0.371572
-0.542962
0.024725
-0.849719
0.059821
0.212460
-0.492982
0.103192
-0.203518
0.420130
0.384478
-0.375190
0.720622
-0.039690
0.007916
0.518270
0.183276
0.750720
0.018112
0.063303
1.002168
0.079890
-1.042971
0.389638
-0.288261
0.783851
-0.208719
-0.823160
0.070214
-0.458847
0.391306
0.154039
-0.899932
-0.367450
0.066546
-0.336644
0.193969
-0.806955
-0.136788
0.223873
-0.237202
0.321330
-0.144983
0.070676
0.395697
-0.146870
0.910193
-0.041412
-0.377844
0.958277
0.316004
0.849075
-0.099126
-0.280999
0.831210
-0.040568
-1.190500
0.144785
-0.530251
0.509648
0.253720
-0.861962
-0.266112
-0.578704
0.566182
0.241903
-0.840504
-0.473938
0.039967
-0.077497
0.360298
-0.703459
0.132048
0.224957
0.029369
0.991755
-0.073438
-0.296676
0.348741
0.517691
1.012733
-0.069082
-0.738039
0.808216
0.095113
0.842942
-0.257405
-0.562892
0.566040
-0.176818
-0.729532
-0.126892
-0.695563
0.165542
0.249079
-0.792315
-0.289123
-0.637097
0.090641
0.339436
-0.700817
-0.204876
0.035090
0.197794
0.493714
-0.064671
0.395095
0.198224
0.144929
1.084570
-0.010337
-0.644693
0.233412
0.199830
1.008997
-0.130274
-0.536788
0.573322
-0.132419
0.729700
0.054218
-0.758241
0.229140
-0.275974
-0.659725
-0.097497
-0.777382
-0.214006
0.268350
-0.630555
-0.049768
-0.143052
0.344353
0.423349
-0.508216
0.563502
0.034945
0.231424
0.566391
0.081463
0.615213
0.129890
-0.219500
1.078645
0.026759
-0.937477
0.548973
-0.102797
0.892771
-0.224460
-0.745899
0.270505
-0.319020
0.519944
0.086239
-0.854474
-0.147453
0.163630
-0.494278
0.084810
-0.780193
-0.090498
0.296452
-0.404022
0.194445
-0.112533
0.288272
0.469736
-0.295236
0.792824
0.022435
-0.151802
1.056770
0.208553
0.761315
0.012647
-0.073926
0.964679
0.008104
-1.145182
VECTORS momentum float
-0.343146 -0.472136 0.464102
1.313708 1.055728 -0.071797
-1.029437 -1.416408 -0.607695
0.627417 0.111456 0.856406
-1.715729 1.639320 0.320508
-0.058875 -0.832816 -0.215390
1.597980 0.695048 -0.751289
-0.745166 -1.777088 0.712813
0.911688 -0.249224 0.176915
-1.431458 1.278640 -0.358984
0.225397 -1.193496 -0.894882
1.882251 0.334369 0.569219
-0.460895 1.862233 0.033321
1.195959 -0.609903 -0.502577
-1.147186 0.917961 0.961524
0.509668 -1.554175 0.425626
-1.833478 -0.026311 -0.110273
-0.176624 1.501553 -0.646171
1.480231 -0.970583 0.817931
-0.862915 0.557281 0.282032
0.793939 -1.914855 -0.253866
-1.549207 -0.386991 -0.789764
0.107648 1.140873 0.674337
1.764502 -1.331263 0.138439
-0.578644 0.196601 -0.397460
1.078210 1.724465 -0.933358
-1.264935 -0.747671 0.530744
0.391919 0.780193 -0.005155
-1.951227 -1.691943 -0.541053
-0.294373 -0.164079 0.923048
1.362482 1.363785 0.387150
-0.980664 -1.108351 -0.148748
0.676190 0.419513 -0.684647
-1.666956 1.947378 0.779455
-0.010101 -0.524758 0.243557
1.646753 1.003106 -0.292342
-0.696393 -1.469030 -0.828240
0.960461 0.058834 0.635861
-1.382684 1.586698 0.099963
0.274170 -0.885438 -0.435935
1.931024 0.642426 -0.971834
-0.412122 -1.829710 0.492268
1.244733 -0.301846 -0.043631
-1.098413 1.226018 -0.579529
0.558441 -1.246118 0.884573
-1.784705 0.281746 0.348674
-0.127850 1.809610 -0.187224
1.529004 -0.662526 -0.723122
-0.814142 0.865338 0.740979
0.842712 -1.606798 0.205081
-1.500433 -0.078934 -0.330818
0.156421 1.448930 -0.866716
1.813275 -1.023206 0.597386
-0.529871 0.504658 0.061487
1.126984 -1.967478 -0.474411
-1.216162 -0.439613 0.989690
0.440692 1.088251 0.453792
-1.902454 -1.383885 -0.082106
-0.245599 0.143979 -0.618005
1.411255 1.671843 0.846097
-0.931891 -0.800293 0.310199
0.724963 0.727571 -0.225700
-1.618182 -1.744565 -0.761598
0.038672 -0.216701 0.702503
1.695526 1.311163 0.166605
-0.647620 -1.160973 -0.369293
1.009235 0.366891 -0.905192
-1.333911 1.894755 0.558910
0.322943 -0.577381 0.023011
1.979797 0.950483 -0.512887
-0.363348 -1.521653 0.951215
1.293506 0.006211 0.415316
-1.049640 1.534075 -0.120582
0.607214 -0.938061 -0.656480
-1.735931 0.589803 0.807621
-0.079077 -1.882333 0.271723
1.577777 -0.354469 -0.264176
-0.765369 1.173396 -0.800074
0.891486 -1.298740 0.664028
-1.451660 0.229124 0.128129
0.205194 1.756988 -0.407769
1.862048 -0.715148 -0.943668
-0.481097 0.812716 0.520434
1.175757 -1.659420 -0.015464
-1.167389 -0.131556 -0.551363
0.489465 1.396308 0.912739
-1.853680 -1.075828 0.376841
-0.196826 0.452036 -0.159058
1.460028 1.979900 -0.694956
-0.883118 -0.492236 0.769145
0.773737 1.035628 0.233247
-1.569409 -1.436508 -0.302651
0.087445 0.091356 -0.838550
1.744299 1.619220 0.625552
-0.598846 -0.852916 0.089653
1.058008 0.674948 -0.446245
-1.285138 -1.797188 -0.982143
0.371716 -0.269324 0.481958
-1.971429 1.258540 -0.053940
-0.314575 -1.213596 -0.589838
1.342279 0.314269 0.874263
-1.000867 1.842133 0.338365
0.655988 -0.630003 -0.197534
-1.687158 0.897861 -0.733432
-0.030304 -1.574275 0.730670
1.626550 -0.046411 0.194771
-0.716595 1.481453 -0.341127
0.940259 -0.990683 -0.877026
-1.402887 0.537181 0.587076
0.253967 -1.934955 0.051178
1.910822 -0.407091 -0.484721
-0.432324 1.120773 0.979381
1.224530 -1.351363 0.443483
-1.118616 0.176501 -0.092416
0.538239 1.704365 -0.628314
-1.804907 -0.767771 0.835787
-0.148053 0.760093 0.299889
1.508801 -1.712043 -0.236009
-0.834344 -0.184179 -0.771908
0.822510 1.343685 0.692194
-1.520636 -1.128451 0.156295
0.136218 0.399413 -0.379603
1.793073 1.927278 -0.915501
-0.550073 -0.544858 0.548600
1.106781 0.983006 0.012702
-1.236365 -1.489130 -0.523196
0.420490 0.038734 0.940905
-1.922656 1.566598 0.405007
-0.265802 -0.905538 -0.130892
1.391052 0.622326 -0.666790
-0.952093 -1.849810 0.797312
0.704761 -0.321946 0.261413
-1.638385 1.205918 -0.274485
0.018469 -1.266218 -0.810384
1.675324 0.261646 0.653718
-0.667822 1.789510 0.117820
0.989032 -0.682626 -0.418079
-1.354114 0.845238 -0.953977
0.302741 -1.626898 0.510125
1.959595 -0.099034 -0.025774
-0.383551 1.428830 -0.561672
1.273303 -1.043306 0.902429
-1.069842 0.484558 0.366531
0.587012 -1.987578 -0.169367
-1.756134 -0.459713 -0.705266
-0.099280 1.068151 0.758836
1.557575 -1.403985 0.222937
-0.785571 0.123879 -0.312961
0.871283 1.651743 -0.848859
-1.471863 -0.820393 0.615242
0.184992 0.707471 0.079344
1.841846 -1.764665 -0.456554
-0.501300 -0.236801 -0.992453
1.155554 1.291063 0.471649
-1.187591 -1.181073 -0.064250
0.469263 0.346791 -0.600148
-1.873883 1.874655 0.863954
-0.217029 -0.597481 0.328055
1.439826 0.930383 -0.207843
-0.903320 -1.541753 -0.743742
0.753534 -0.013889 0.720360
-1.589612 1.513975 0.184462
0.067243 -0.958161 -0.351437
1.724097 0.569703 -0.887335
-0.619049 -1.902433 0.576766
1.037805 -0.374569 0.040868
-1.305340 1.153296 -0.495030
0.351514 -1.318840 0.969071
-1.991632 0.209024 0.433173
-0.334778 1.736888 -0.102725
1.322077 -0.735248 -0.638624
-1.021069 0.792616 0.825478
0.635785 -1.679520 0.289579
-1.707361 -0.151656 -0.246319
-0.050506 1.376208 -0.782217
1.606348 -1.095928 0.681884
-0.736798 0.431936 0.145986
0.920056 1.959800 -0.389913
-1.423089 -0.512336 -0.925811
0.233765 1.015528 0.538291
1.890619 -1.456608 0.002392
-0.452527 0.071256 -0.533506
1.204328 1.599120 0.930596
-1.138818 -0.873016 0.394697
0.518036 0.654848 -0.141201
-1.825110 -1.817288 -0.677100
-0.168255 -0.289424 0.787002
1.488599 1.238440 0.251104
-0.854547 -1.233695 -0.284795
0.802307 0.294169 -0.820693
-1.540838 1.822033 0.643408
0.116016 -0.650103 0.107510
1.772870 0.877761 -0.428388
-0.570276 -1.594375 -0.964287
1.086579 -0.066511 0.499815
-1.256567 1.461353 -0.036083
0.400287 -1.010783 -0.571982
-1.942859 0.517081 0.892120
-0.286004 -1.955055 0.356221
1.370850 -0.427191 -0.179677
-0.972296 1.100673 -0.715575
0.684558 -1.371463 0.748526
-1.658587 0.156401 0.212628
-0.001733 1.684265 -0.323271
1.655121 -0.787871 -0.859169
-0.688025 0.739993 0.604933
0.968830 -1.732143 0.069034
-1.374316 -0.204279 -0.466864
0.282538 1.323585 0.997238
1.939392 -1.148551 0.461339
-0.403753 0.379313 -0.074559
1.253101 1.907178 -0.610458
-1.090045 -0.564958 0.853644
0.566809 0.962906 0.317746
-1.776336 -1.509230 -0.218153
-0.119482 0.018634 -0.754051
1.537372 1.546498 0.710050
-0.805774 -0.925638 0.174152
0.851081 0.602226 -0.361746
-1.492065 -1.869910 -0.897645
0.164789 -0.342046 0.566457
1.821643 1.185818 0.030559
-0.521502 -1.286318 -0.505340
1.135352 0.241546 0.958762
-1.207794 1.769410 0.422863
0.449060 -0.702726 -0.113035
-1.894085 0.825138 -0.648933
-0.237231 -1.646998 0.815168
1.419623 -0.119134 0.279270
-0.923523 1.408730 -0.256629
0.733332 -1.063406 -0.792527
-1.609814 0.464458 0.671575
0.047040 1.992322 0.135676
1.703894 -0.479813 -0.400222
-0.639251 1.048051 -0.936120
1.017603 -1.424085 0.527981
-1.325543 0.103779 -0.007917
0.331311 1.631643 -0.543816
1.988166 -0.840493 0.920286
-0.354980 0.687371 0.384388
1.301874 -1.784765 -0.151511
-1.041272 -0.256901 -0.687409
0.615583 1.270963 0.776692
-1.727563 -1.201173 0.240794
-0.070709 0.326691 -0.295104
1.586145 1.854555 -0.831003
-0.757000 -0.617581 0.633099
0.899854 0.910283 0.097201
-1.443292 -1.561853 -0.438698
0.213562 -0.033989 -0.974596
1.870417 1.493875 0.489505
-0.472729 -0.978261 -0.046393
1.184125 0.549603 -0.582291
-1.159021 -1.922533 0.881810
0.497834 -0.394669 0.345912
-1.845312 1.133196 -0.189987
-0.188458 -1.338940 -0.725885
1.468396 0.188924 0.738217
-0.874749 1.716788 0.202318
0.782105 -0.755348 -0.333580
-1.561041 0.772516 -0.869478
0.095813 -1.699620 0.594623
1.752668 -0.171756 0.058725
-0.590478 1.356108 -0.477174
1.066376 -1.116028 0.986928
-1.276770 0.411836 0.451030
0.380085 1.939700 -0.084869
-1.963061 -0.532436 -0.620767
-0.306207 0.995428 0.843334
1.350647 -1.476708 0.307436
-0.992498 0.051156 -0.228462
0.664356 1.579020 -0.764361
-1.678790 -0.893116 0.699741
-0.021936 0.634748 0.163843
1.634919 -1.837388 -0.372056
-0.708227 -0.309524 -0.907954
0.948627 1.218340 0.556147
-1.394519 -1.253795 0.020249
0.262336 0.274069 -0.515649
1.919190 1.801933 0.948452
-0.423956 -0.670203 0.412554
1.232898 0.857661 -0.123345
-1.110247 -1.614475 -0.659243
0.546607 -0.086611 0.804859
-1.796539 1.441253 0.268960
-0.139685 -1.030883 -0.266938
1.517170 0.496981 -0.802836
-0.825976 -1.975155 0.661265
0.830878 -0.447291 0.125367
-1.512268 1.080573 -0.410532
0.144587 -1.391563 -0.946430
1.801441 0.136301 0.517672
-0.541705 1.664165 -0.018227
1.115149 -0.807971 -0.554125
-1.227996 0.719893 0.909976
0.428858 -1.752243 0.374078
-1.914288 -0.224379 -0.161820
-0.257434 1.303485 -0.697719
1.399421 -1.168651 0.766383
-0.943725 0.359213 0.230485
0.713129 1.887078 -0.305414
-1.630017 -0.585058 -0.841312
0.026838 0.942806 0.622789
1.683692 -1.529330 0.086891
-0.659454 -0.001466 -0.449007
0.997400 1.526398 -0.984906
-1.345745 -0.945738 0.479196
0.311109 0.582126 -0.056703
1.967963 -1.890010 -0.592601
-0.375183 -0.362146 0.871501
1.281672 1.165718 0.335602
-1.061474 -1.306418 -0.200296
0.595380 0.221446 -0.736194
-1.747766 1.749310 0.727907
-0.090911 -0.722826 0.192009
1.565943 0.805038 -0.343890
-0.777203 -1.667098 -0.879788
0.879651 -0.139234 0.584314
-1.463494 1.388630 0.048415
0.193360 -1.083506 -0.487483
1.850214 0.444358 0.976618
-0.492932 1.972222 0.440720
1.163923 -0.499913 -0.095178
-1.179223 1.027951 -0.631077
0.477631 -1.444185 0.833025
-1.865515 0.083679 0.297127
-0.208660 1.611543 -0.238772
1.448194 -0.860593 -0.774670
-0.894952 0.667271 0.689431
0.761902 -1.804865 0.153533
-1.581243 -0.277001 -0.382365
0.075611 1.250863 -0.918264
1.732465 -1.221273 0.545838
-0.610681 0.306591 0.009939
1.046174 1.834455 -0.525959
-1.296972 -0.637681 0.938143
0.359882 0.890183 0.402244
-1.983264 -1.581953 -0.133654
-0.326409 -0.054089 -0.669552
1.330445 1.473775 0.794549
-1.012701 -0.998361 0.258651
0.644153 0.529503 -0.277248
-1.698992 -1.942633 -0.813146
-0.042138 -0.414769 0.650956
1.614716 1.113096 0.115057
-0.728430 -1.359040 -0.420841
0.928425 0.168824 -0.956740
-1.414721 1.696688 0.507362
0.242133 -0.775448 -0.028536
1.898987 0.752416 -0.564435
-0.444158 -1.719720 0.899667
1.212696 -0.191856 0.363769
-1.130450 1.336008 -0.172130
0.526404 -1.136128 -0.708028
-1.816741 0.391736 0.756073
-0.159887 1.919600 0.220175
1.496967 -0.552536 -0.315723
-0.846179 0.975328 -0.851622
0.810676 -1.496808 0.612480
-1.532470 0.031056 0.076581
0.124384 1.558920 -0.459317
1.781238 -0.913216 -0.995215
-0.561907 0.614648 0.468886
1.094947 -1.857488 -0.067012
-1.248199 -0.329624 -0.602910
0.408655 1.198240 0.861191
-1.934490 -1.273895 0.325293
-0.277636 0.253969 -0.210606
1.379218 1.781833 -0.746504
-0.963928 -0.690303 0.717598
0.692927 0.837561 0.181699
-1.650219 -1.634575 -0.354199
0.006635 -0.106711 -0.890098
1.663489 1.421153 0.574004
-0.679656 -1.050983 0.038106
0.977198 0.476881 -0.497793
-1.365948 -1.995255 0.966309
0.290906 -0.467391 0.430411
1.947761 1.060473 -0.105488
-0.395385 -1.411663 -0.641386
1.261469 0.116201 0.822715
-1.081677 1.644065 0.286817
0.575178 -0.828071 -0.249081
-1.767968 0.699793 -0.784980
-0.111114 -1.772343 0.679122
1.545740 -0.244479 0.143223
-0.797405 1.283385 -0.392675
0.859449 -1.188751 -0.928573
-1.483697 0.339114 0.535528
0.173157 1.866978 -0.000370
1.830012 -0.605158 -0.536268
-0.513134 0.922706 0.927833
1.143720 -1.549430 0.391935
-1.199426 -0.021566 -0.143964
0.457429 1.506298 -0.679862
-1.885717 -0.965838 0.784240
-0.228863 0.562026 0.248341
1.427991 -1.910110 -0.287557
-0.915154 -0.382246 -0.823456
0.741700 1.145618 0.640646
-1.601446 -1.326518 0.104748
0.055408 0.201346 -0.431151
1.712263 1.729210 -0.967049
-0.630883 -0.742926 0.497053
1.025971 0.784938 -0.038846
-1.317175 -1.687198 -0.574744
0.339680 -0.159334 0.889357
1.996534 1.368530 0.353459
-0.346612 -1.103606 -0.182439
1.310242 0.424258 -0.718338
-1.032903 1.952122 0.745764
0.623951 -0.520013 0.209865
-1.719195 1.007851 -0.326033
-0.062341 -1.464285 -0.861931
1.594514 0.063579 0.602170
-0.748632 1.591443 0.066272
0.908222 -0.880693 -0.469626
-1.434924 0.647171 0.994475
0.221931 -1.824965 0.458577
1.878785 -0.297101 -0.077322
-0.464361 1.230763 -0.613220
1.192493 -1.241373 0.850882
-1.150652 0.286491 0.314983
0.506202 1.814355 -0.220915
-1.836944 -0.657781 -0.756814
-0.180090 0.870083 0.707288
1.476765 -1.602053 0.171390
-0.866381 -0.074189 -0.364509
0.790473 1.453675 -0.900407
-1.552673 -1.018461 0.563695
0.104182 0.509403 0.027796
1.761036 -1.962733 -0.508102
-0.582110 -0.434869 0.955999
1.074744 1.092996 0.420101
-1.268401 -1.379140 -0.115797
0.388453 0.148724 -0.651696
-1.954693 1.676588 0.812406
-0.297839 -0.795548 0.276507
1.359016 0.732316 -0.259391
-0.984130 -1.739820 -0.795289
0.672724 -0.211956 0.668812
-1.670422 1.315908 0.132914
-0.013567 -1.156228 -0.402984
1.643287 0.371636 -0.938883
-0.699859 1.899500 0.525219
0.956995 -0.572636 -0.010680
-1.386150 0.955228 -0.546578
0.270704 -1.516908 0.917524
1.927558 0.010956 0.381625
-0.415588 1.538820 -0.154273
1.241267 -0.933316 -0.690172
-1.101879 0.594548 0.773930
0.554975 -1.877588 0.238032
-1.788171 -0.349724 -0.297867
-0.131316 1.178140 -0.833765
1.525538 -1.293995 0.630337
-0.817608 0.233869 0.094438
0.839246 1.761733 -0.441460
-1.503899 -0.710403 -0.977359
0.152955 0.817461 0.486743
1.809809 -1.654675 -0.049155
-0.533337 -0.126811 -0.585054
1.123518 1.401053 0.879048
-1.219628 -1.071083 0.343149
0.437226 0.456781 -0.192749
-1.905920 1.984645 -0.728647
-0.249065 -0.487491 0.735454
1.407789 1.040373 0.199556
-0.935357 -1.431763 -0.336342
0.721497 0.096101 -0.872241
-1.621648 1.623965 0.591861
0.035206 -0.848171 0.055962
1.692060 0.679693 -0.479936
-0.651086 -1.792443 0.984166
1.005769 -0.264579 0.448267
-1.337377 1.263285 -0.087631
0.319477 -1.208851 -0.623530
1.976331 0.319014 0.840572
-0.366814 1.846878 0.304674
1.290040 -0.625258 -0.231225
-1.053106 0.902606 -0.767123
0.603748 -1.569530 0.696978
-1.739398 -0.041666 0.161080
-0.082543 1.486198 -0.374818
1.574311 -0.985938 -0.910717
-0.768835 0.541926 0.553385
0.888019 -1.930210 0.017487
-1.455126 -0.402346 -0.518412
0.201728 1.125518 0.945690
1.858582 -1.346618 0.409791
-0.484564 0.181246 -0.126107
1.172291 1.709110 -0.662005
-1.170855 -0.763026 0.802096
0.485999 0.764838 0.266198
-1.857147 -1.707298 -0.269701
-0.200292 -0.179434 -0.805599
1.456562 1.348430 0.658503
-0.886584 -1.123706 0.122604
0.770270 0.404158 -0.413294
-1.572875 1.932022 -0.949192
0.083979 -0.540113 0.514909
1.740833 0.987751 -0.020989
-0.602313 -1.484385 -0.556888
1.054542 0.043479 0.907214
-1.288604 1.571343 0.371316
0.368250 -0.900793 -0.164583
-1.974896 0.627071 -0.700481
-0.318041 -1.845065 0.763620
1.338813 -0.317201 0.227722
-1.004333 1.210663 -0.308176
0.652521 -1.261473 -0.844075
-1.690624 0.266391 0.620027
-0.033770 1.794255 0.084129
1.623084 -0.677881 -0.451770
-0.720062 0.849983 -0.987668
0.936793 -1.622153 0.476433
-1.406353 -0.094289 -0.059465
0.250501 1.433575 -0.595363
1.907355 -1.038561 0.868738
-0.435790 0.489303 0.332840
1.221064 -1.982833 -0.203059
-1.122082 -0.454969 -0.738957
0.534772 1.072896 0.725145
-1.808373 -1.399240 0.189246
-0.151519 0.128624 -0.346652
1.505335 1.656488 -0.882550
-0.837811 -0.815648 0.581551
0.819044 0.712216 0.045653
-1.524102 -1.759920 -0.490246
0.132752 -0.232056 0.973856
1.789606 1.295808 0.437958
-0.553539 -1.176328 -0.097941
1.103315 0.351536 -0.633839
-1.239831 1.879400 0.830262
0.417023 -0.592736 0.294364
-1.926122 0.935128 -0.241534
-0.269268 -1.537008 -0.777433
1.387586 -0.009144 0.686669
-0.955560 1.518720 0.150771
0.701295 -0.953416 -0.385128
-1.641851 0.574448 -0.921026
0.015003 -1.897688 0.543075
1.671857 -0.369824 0.007177
-0.671288 1.158040 -0.528721
0.985566 -1.314095 0.935380
-1.357580 0.213769 0.399482
0.299274 1.741633 -0.136417
1.956129 -0.730503 -0.672315
-0.387017 0.797361 0.791787
1.269837 -1.674775 0.255888
-1.073309 -0.146911 -0.280010
0.583546 1.380953 -0.815908
-1.759600 -1.091183 0.648193
-0.102746 0.436681 0.112295
1.554108 1.964545 -0.423604
-0.789037 -0.507591 -0.959502
0.867817 1.020273 0.504600
-1.475329 -1.451863 -0.031299
0.181525 0.076001 -0.567197
1.838380 1.603865 0.896904
-0.504766 -0.868271 0.361006
1.152088 0.659593 -0.174892
-1.191058 -1.812543 -0.710791
0.465797 -0.284679 0.753311
-1.877349 1.243185 0.217413
-0.220495 -1.228951 -0.318486
1.436359 0.298914 -0.854384
-0.906786 1.826778 0.609717
0.750068 -0.645358 0.073819
-1.593078 0.882506 -0.462079
0.063776 -1.589630 -0.997978
1.720631 -0.061766 0.466124
-0.622515 1.466098 -0.069775
1.034339 -1.006038 -0.605673
-1.308807 0.521826 0.858429
0.348048 -1.950310 0.322530
-1.995098 -0.422446 -0.213368
-0.338244 1.105418 -0.749266
1.318610 -1.366718 0.714835
-1.024535 0.161146 0.178937
0.632319 1.689010 -0.356962
-1.710827 -0.783126 -0.892860
-0.053973 0.744738 0.571242
1.602882 -1.727398 0.035343
-0.740264 -0.199534 -0.500555
0.916590 1.328330 0.963546
-1.426556 -1.143806 0.427648
0.230299 0.384058 -0.108250
1.887153 1.911923 -0.644149
-0.455993 -0.560213 0.819953
1.200861 0.967651 0.284055
-1.142284 -1.504485 -0.251844
0.514570 0.023379 -0.787742
-1.828576 1.551243 0.676359
-0.171722 -0.920893 0.140461
1.485133 0.606971 -0.395437
-0.858013 -1.865165 -0.931336
0.798841 -0.337301 0.532766
-1.544305 1.190563 -0.003133
0.112550 -1.281573 -0.539031
1.769404 0.246291 0.925071
-0.573742 1.774155 0.389172
1.083112 -0.697981 -0.146726
-1.260033 0.829883 -0.682624
0.396821 -1.642253 0.781477
-1.946325 -0.114389 0.245579
-0.289471 1.413475 -0.290320
1.367384 -1.058661 -0.826218
-0.975762 0.469203 0.637884
0.681092 1.997067 0.101985
-1.662054 -0.475069 -0.433913
-0.005199 1.052796 -0.969812
1.651655 -1.419340 0.494290
-0.691491 0.108524 -0.041608
0.965363 1.636388 -0.577507
-1.377782 -0.835748 0.886595
0.279072 0.692116 0.350697
1.935926 -1.780020 -0.185202
-0.407220 -0.252156 -0.721100
1.249635 1.275708 0.743001
-1.093511 -1.196428 0.207103
0.563343 0.331436 -0.328795
-1.779803 1.859300 -0.864694
-0.122948 -0.612836 0.599408
1.533906 0.915028 0.063509
-0.809240 -1.557108 -0.472389
0.847614 -0.029244 0.991713
-1.495531 1.498620 0.455814
0.161323 -0.973516 -0.080084
1.818177 0.554348 -0.615982
-0.524969 -1.917788 0.848119
1.131886 -0.389924 0.312221
-1.211260 1.137940 -0.223678
0.445594 -1.334195 -0.759576
-1.897552 0.193669 0.704526
-0.240697 1.721533 0.168627
1.416157 -0.750603 -0.367271
-0.926989 0.777261 -0.903170
0.729865 -1.694875 0.560932
-1.613280 -0.167011 0.025034
0.043574 1.360853 -0.510865
1.700428 -1.111283 0.953237
-0.642718 0.416581 0.417339
1.014137 1.944445 -0.118560
-1.329009 -0.527691 -0.654458
0.327845 1.000173 0.809643
1.984699 -1.471963 0.273745
-0.358446 0.055901 -0.262153
1.298408 1.583765 -0.798052
-1.044738 -0.888371 0.666050
0.612116 0.639493 0.130151
-1.731029 -1.832643 -0.405747
-0.074175 -0.304779 -0.941645
1.582679 1.223085 0.522456
-0.760467 -1.249051 -0.013442
0.896388 0.278814 -0.549340
-1.446758 1.806678 0.914761
0.210096 -0.665458 0.378863
1.866950 0.862406 -0.157036
-0.476195 -1.609730 -0.692934
1.180659 -0.081866 0.771168
-1.162487 1.445998 0.235269
0.494367 -1.026138 -0.300629
-1.848778 0.501726 -0.836528
-0.191924 -1.970410 0.627574
1.464930 -0.442546 0.091676
-0.878216 1.085318 -0.444223
0.778639 -1.386818 -0.980121
-1.564507 0.141046 0.483981
0.092347 1.668910 -0.051918
1.749201 -0.803226 -0.587816
-0.593944 0.724638 0.876285
1.062910 -1.747498 0.340387
-1.280236 -0.219634 -0.195511
0.376618 1.308230 -0.731410
-1.966527 -1.163906 0.732692
-0.309673 0.363958 0.196793
1.347181 1.891823 -0.339105
-0.995965 -0.580313 -0.875003
0.660890 0.947551 0.589098
-1.682256 -1.524585 0.053200
-0.025402 0.003279 -0.482698
1.631452 1.531143 0.981403
-0.711693 -0.940993 0.445505
0.945161 0.586871 -0.090394
-1.397985 -1.885265 -0.626292
0.258869 -0.357401 0.837810
1.915724 1.170463 0.301911
-0.427422 -1.301673 -0.233987
1.229432 0.226191 -0.769886
-1.113714 1.754055 0.694216
0.543141 -0.718081 0.158318
-1.800005 0.809783 -0.377581
-0.143151 -1.662353 -0.913479
1.513703 -0.134489 0.550623
-0.829442 1.393375 0.014724
0.827412 -1.078761 -0.521174
-1.515734 0.449103 0.942927
0.141120 1.976967 0.407029
1.797975 -0.495169 -0.128869
-0.545171 1.032696 -0.664768
1.111683 -1.439440 0.799334
-1.231463 0.088424 0.263435
0.425392 1.616288 -0.272463
-1.917754 -0.855848 -0.808361
-0.260900 0.672016 0.655740
1.395954 -1.800120 0.119842
-0.947191 -0.272256 -0.416056
0.709663 1.255608 -0.951955
-1.633483 -1.216528 0.512147
0.023371 0.311336 -0.023752
1.680226 1.839200 -0.559650
-0.662920 -0.632936 0.904452
0.993934 0.894928 0.368553
-1.349212 -1.577208 -0.167345
0.307643 -0.049344 -0.703244
1.964497 1.478520 0.760858
-0.378649 -0.993616 0.224960
1.278205 0.534248 -0.310939
-1.064940 -1.937888 -0.846837
0.591914 -0.410024 0.617265
-1.751232 1.117840 0.081366
-0.094378 -1.354295 -0.454532
1.562477 0.173569 -0.990431
-0.780669 1.701433 0.473671
0.876185 -0.770703 -0.062227
-1.466961 0.757161 -0.598126
0.189894 -1.714975 0.865976
1.846748 -0.187111 0.330077
-0.496398 1.340753 -0.205821
1.160456 -1.131383 -0.741719
-1.182689 0.396481 0.722382
0.474165 1.924345 0.186484
-1.868981 -0.547791 -0.349414
-0.212127 0.980073 -0.885313
1.444728 -1.492063 0.578789
-0.898418 0.035801 0.042890
0.758436 1.563665 -0.493008
-1.584710 -0.908471 0.971094
0.072145 0.619393 0.435195
1.728999 -1.852743 -0.100703
-0.614147 -0.324879 -0.636602
1.042707 1.202985 0.827500
-1.300438 -1.269151 0.291602
0.356416 0.258714 -0.244297
-1.986730 1.786578 -0.780195
-0.329876 -0.685558 0.683907
1.326979 0.842306 0.148008
-1.016167 -1.629830 -0.387890
0.640687 -0.101966 -0.923789
-1.702459 1.425898 0.540313
-0.045604 -1.046238 0.004415
1.611250 0.481626 -0.531484
-0.731896 -1.990510 0.932618
0.924958 -0.462646 0.396719
-1.418187 1.065218 -0.139179
0.238667 -1.406918 -0.675077
1.895521 0.120946 0.789024
-0.447625 1.648810 0.253126
1.209230 -0.823326 -0.282772
-1.133916 0.704538 -0.818671
0.522938 -1.767598 0.645431
-1.820208 -0.239734 0.109532
-0.163353 1.288130 -0.426366
1.493501 -1.184006 -0.962264
-0.849645 0.343858 0.501837
0.807209 1.871723 -0.034061
-1.535936 -0.600413 -0.569960
0.120918 0.927451 0.894142
1.777772 -1.544685 0.358244
-0.565374 -0.016821 -0.177655
1.091481 1.511043 -0.713553
-1.251665 -0.961093 0.750549
0.405189 0.566771 0.214650
-1.937957 -1.905365 -0.321248
-0.281102 -0.377501 -0.857147
1.375752 1.150363 0.606955
-0.967394 -1.321773 0.071057
0.689460 0.206091 -0.464842
-1.653685 1.733955 0.999260
0.003169 -0.738181 0.463361
1.660023 0.789683 -0.072537
-0.683123 -1.682453 -0.608435
0.973732 -0.154589 0.855666
-1.369414 1.373275 0.319768
0.287440 -1.098861 -0.216130
1.944294 0.429003 -0.752029
-0.398851 1.956867 0.712073
1.258003 -0.515268 0.176174
-1.085143 1.012596 -0.359724
0.571711 -1.459540 -0.895622
-1.771434 0.068324 0.568479
-0.114580 1.596188 0.032581
1.542274 -0.875948 -0.503318
-0.800872 0.651916 0.960784
0.855983 -1.820220 0.424886
-1.487163 -0.292356 -0.111013
0.169691 1.235508 -0.646911
1.826545 -1.236628 0.817190
-0.516600 0.291236 0.281292
1.140254 1.819100 -0.254606
-1.202892 -0.653036 -0.790505
0.453962 0.874828 0.673597
-1.889183 -1.597308 0.137699
-0.232329 -0.069444 -0.398200
1.424525 1.458420 -0.934098
-0.918621 -1.013716 0.530003
0.738234 0.514148 -0.005895
-1.604912 -1.957988 -0.541793
0.051942 -0.430124 0.922308
1.708796 1.097740 0.386410
-0.634349 -1.374395 -0.149489
1.022505 0.153469 -0.685387
-1.320641 1.681333 0.778715
0.336213 -0.790803 0.242816
1.993068 0.737061 -0.293082
-0.350078 -1.735075 -0.828980
1.306776 -0.207211 0.635121
-1.036370 1.320653 0.099223
0.620485 -1.151483 -0.436676
-1.722661 0.376381 -0.972574
-0.065807 1.904245 0.491528
1.591047 -0.567891 -0.044371
-0.752098 0.959973 -0.580269
0.904756 -1.512163 0.883832
-1.438390 0.015701 0.347934
0.218464 1.543565 -0.187964
1.875319 -0.928571 -0.723863
-0.467827 0.599293 0.740239
1.189027 -1.872843 0.204341
-1.154119 -0.344979 -0.331558
0.502736 1.182885 -0.867456
-1.840410 -1.289251 0.596645
-0.183556 0.238614 0.060747
1.473298 1.766478 -0.475151
-0.869847 -0.705658 0.988950
0.787007 0.822206 0.453052
-1.556139 -1.649930 -0.082847
0.100715 -0.122066 -0.618745
1.757570 1.405798 0.845357
-0.585576 -1.066338 0.309458
1.071278 0.461526 -0.226440
-1.271868 1.989390 -0.762338
0.384987 -0.482746 0.701763
-1.958159 1.045118 0.165865
-0.301305 -1.427018 -0.370034
1.355549 0.100846 -0.905932
-0.987596 1.628710 0.558170
0.669258 -0.843426 0.022271
-1.673888 0.684438 -0.513627
-0.017034 -1.787698 0.950474
1.639821 -0.259834 0.414576
-0.703325 1.268030 -0.121322
0.953529 -1.204106 -0.657221
-1.389617 0.323758 0.806881
0.267238 1.851623 0.270983
1.924092 -0.620513 -0.264916
-0.419054 0.907351 -0.800814
1.237800 -1.564785 0.663287
-1.105345 -0.036921 0.127389
0.551509 1.490943 -0.408509
-1.791637 -0.981193 -0.944408
-0.134783 0.546671 0.519694
1.522072 -1.925465 -0.016205
-0.821074 -0.397601 -0.552103
0.835780 1.130263 0.911999
-1.507366 -1.341873 0.376100
0.149489 0.185991 -0.159798
1.806343 1.713855 -0.695696
-0.536803 -0.758281 0.768405
1.120051 0.769583 0.232507
-1.223094 -1.702553 -0.303392
0.433760 -0.174689 -0.839290
-1.909386 1.353175 0.624812
-0.252532 -1.118961 0.088913
1.404323 0.408903 -0.446985
-0.938823 1.936767 -0.982884
0.718031 -0.535368 0.481218
-1.625115 0.992496 -0.054680
0.031740 -1.479640 -0.590579
1.688594 0.048224 0.873523
-0.654552 1.576088 0.337625
1.002302 -0.896048 -0.198274
-1.340843 0.631816 -0.734172
0.316011 -1.840320 0.729929
1.972865 -0.312456 0.194031
-0.370281 1.215408 -0.341867
1.286574 -1.256728 -0.877766
-1.056572 0.271136 0.586336
0.600282 1.799000 0.050437
-1.742864 -0.673136 -0.485461
-0.086009 0.854728 0.978641
1.570845 -1.617408 0.442742
-0.772301 -0.089544 -0.093156
0.884553 1.438320 -0.629054
-1.458592 -1.033816 0.835047
0.198262 0.494048 0.299149
1.855116 -1.978088 -0.236750
-0.488030 -0.450224 -0.772648
1.168825 1.077640 0.691454
-1.174321 -1.394495 0.155555
0.482533 0.133369 -0.380343
-1.860613 1.661233 -0.916242
-0.203758 -0.810903 0.547860
1.453096 0.716961 0.011962
-0.890050 -1.755175 -0.523937
0.766804 -0.227311 0.940165
-1.576341 1.300553 0.404267
0.080513 -1.171583 -0.131632
1.737367 0.356281 -0.667530
-0.605779 1.884145 0.796571
1.051076 -0.587991 0.260673
-1.292070 0.939873 -0.275225
0.364784 -1.532263 -0.811124
-1.978362 -0.004399 0.652978
-0.321507 1.523465 0.117079
1.335347 -0.948671 -0.418819
-1.007799 0.579193 -0.954717
0.649055 -1.892943 0.509384
-1.694090 -0.365079 -0.026514
-0.037236 1.162785 -0.562412
1.619618 -1.309351 0.901689
-0.723528 0.218514 0.365791
0.933327 1.746378 -0.170108
-1.409819 -0.725758 -0.706006
0.247035 0.802106 0.758096
1.903889 -1.670030 0.222197
-0.439256 -0.142166 -0.313701
1.217598 1.385698 -0.849600
-1.125548 -1.086438 0.614502
0.531306 0.441426 0.078604
-1.811839 1.969290 -0.457295
-0.154985 -0.502846 -0.993193
1.501869 1.025018 0.470909
-0.841277 -1.447118 -0.064990
0.815578 0.080746 -0.600888
-1.527568 1.608610 0.863213
0.129286 -0.863526 0.327315
1.786140 0.664338 -0.208583
-0.557005 -1.807798 -0.744482
1.099849 -0.279934 0.719620
-1.243297 1.247930 0.183721
0.413557 -1.224206 -0.352177
-1.929588 0.303658 -0.888075
-0.272734 1.831523 0.576026
1.384120 -0.640613 0.040128
-0.959026 0.887251 -0.495770
0.697829 -1.584885 0.968331
-1.645317 -0.057021 0.432433
0.011537 1.470843 -0.103466
1.668391 -1.001293 -0.639364
-0.674754 0.526571 0.824738
0.982100 -1.945565 0.288839
-1.361046 -0.417701 -0.247059
0.295808 1.110163 -0.782958
1.952663 -1.361973 0.681144
-0.390483 0.165891 0.145246
1.266371 1.693755 -0.390653
-1.076775 -0.778381 -0.926551
0.580080 0.749483 0.537551
-1.763066 -1.722653 0.001652
-0.106212 -0.194789 -0.534246
1.550642 1.333075 0.929855
-0.792504 -1.139061 0.393957
0.864351 0.388803 -0.141941
-1.478795 1.916667 -0.677840
0.178059 -0.555468 0.786262
1.834913 0.972396 0.250363
-0.508232 -1.499740 -0.285535
1.148622 0.028124 -0.821433
-1.194524 1.555988 0.642668
0.462330 -0.916148 0.106770
-1.880815 0.611716 -0.429128
-0.223961 -1.860420 -0.965027
1.432893 -0.332556 0.499075
-0.910253 1.195308 -0.036824
0.746602 -1.276828 -0.572722
-1.596544 0.251036 0.891380
0.060310 1.778900 0.355481
1.717164 -0.693236 -0.180417
-0.625981 0.834628 -0.716316
1.030873 -1.637508 0.747786
-1.312273 -0.109644 0.211888
0.344581 1.418220 -0.324011
-1.998564 -1.053916 -0.859909
-0.341710 0.473948 0.604193
1.315144 -1.998188 0.068294
-1.028002 -0.470324 -0.467604
0.628853 1.057541 0.996497
-1.714293 -1.414595 0.460599
-0.057439 0.113269 -0.075299
1.599415 1.641133 -0.611198
-0.743730 -0.831003 0.852904
0.913124 0.696861 0.317005
-1.430022 -1.775275 -0.218893
0.226832 -0.247411 -0.754791
1.883687 1.280453 0.709310
-0.459459 -1.191683 0.173412
1.197395 0.336181 -0.362486
-1.145751 1.864045 -0.898385
0.511104 -0.608091 0.565717
-1.832042 0.919773 0.029818
-0.175188 -1.552363 -0.506080
1.481666 -0.024499 0.958022
-0.861479 1.503365 0.422123
0.795375 -0.968771 -0.113775
-1.547771 0.559093 -0.649674
0.109083 -1.913043 0.814428
1.765938 -0.385179 0.278530
-0.577208 1.142685 -0.257369
1.079646 -1.329451 -0.793267
-1.263500 0.198414 0.670835
0.393355 1.726278 0.134936
-1.949791 -0.745858 -0.400962
-0.292937 0.782006 -0.936861
1.363917 -1.690130 0.527241
-0.979228 -0.162266 -0.008657
0.677626 1.365598 -0.544556
-1.665520 -1.106538 0.919546
-0.008666 0.421326 0.383647
1.648189 1.949190 -0.152251
-0.694957 -0.522946 -0.688149
0.961897 1.004918 0.775952
-1.381249 -1.467218 0.240054
0.275606 0.060646 -0.295844
1.932460 1.588510 -0.831743
-0.410686 -0.883626 0.632359
1.246168 0.644238 0.096460
-1.096977 -1.827898 -0.439438
0.559877 -0.300034 -0.975336
-1.783269 1.227830 0.488765
-0.126415 -1.244306 -0.047133
1.530440 0.283558 -0.583032
-0.812706 1.811423 0.881070
0.844148 -0.660713 0.345172
-1.498998 0.867151 -0.190727
0.157857 -1.604985 -0.726625
1.814711 -0.077121 0.737477
-0.528435 1.450743 0.201578
1.128419 -1.021393 -0.334320
-1.214726 0.506471 -0.870219
0.442128 -1.965665 0.593883
-1.901018 -0.437801 0.057985
-0.244164 1.090063 -0.477914
1.412691 -1.382073 0.986188
-0.930455 0.145791 0.450289
0.726399 1.673655 -0.085609
-1.616747 -0.798481 -0.621507
0.040108 0.729383 0.842594
1.696962 -1.742753 0.306696
-0.646184 -0.214889 -0.229202
1.010670 1.312975 -0.765101
-1.332475 -1.159161 0.699001
0.324379 0.368703 0.163102
1.981233 1.896567 -0.372796
-0.361913 -0.575568 -0.908694
1.294942 0.952296 0.555407
-1.048204 -1.519840 0.019509
0.608650 0.008024 -0.516390
-1.734496 1.535888 0.947712
-0.077641 -0.936248 0.411814
1.579213 0.591616 -0.124085
-0.763933 -1.880520 -0.659983
0.892921 -0.352656 0.804119
-1.450224 1.175208 0.268220
0.206630 -1.296928 -0.267678
1.863484 0.230936 -0.803577
-0.479662 1.758800 0.660525
1.177193 -0.713336 0.124627
-1.165953 0.814528 -0.411272
0.490901 -1.657608 -0.947170
-1.852245 -0.129744 0.516931
-0.195390 1.398120 -0.018967
1.461464 -1.074016 -0.554865
-0.881682 0.453848 0.909236
0.775172 1.981712 0.373338
-1.567973 -0.490424 -0.162560
0.088881 1.037441 -0.698459
1.745735 -1.434695 0.765643
-0.597411 0.093169 0.229744
1.059444 1.621033 -0.306154
-1.283702 -0.851103 -0.842052
0.373152 0.676761 0.622049
-1.969994 -1.795375 0.086151
-0.313139 -0.267511 -0.449748
1.343715 1.260353 -0.985646
-0.999431 -1.211783 0.478456
0.657423 0.316081 -0.057443
-1.685722 1.843945 -0.593341
-0.028868 -0.628191 0.870761
1.627986 0.899673 0.334862
-0.715160 -1.572463 -0.201036
0.941695 -0.044599 -0.736935
-1.401451 1.483265 0.727167
0.255403 -0.988871 0.191269
1.912257 0.538993 -0.344630
-0.430888 -1.933143 -0.880528
1.225966 -0.405279 0.583573
-1.117180 1.122585 0.047675
0.539674 -1.349551 -0.488223
-1.803471 0.178314 0.975878
-0.146617 1.706178 0.439980
1.510237 -0.765958 -0.095919
-0.832909 0.761906 -0.631817
0.823946 -1.710230 0.832285
-1.519200 -0.182366 0.296386
0.137654 1.345498 -0.239512
1.794508 -1.126638 -0.775410
-0.548637 0.401226 0.688691
1.108217 1.929090 0.152793
-1.234929 -0.543046 -0.383106
0.421925 0.984818 -0.919004
-1.921220 -1.487318 0.545098
-0.264366 0.040546 0.009199
1.392488 1.568410 -0.526699
-0.950658 -0.903726 0.937402
0.706197 0.624138 0.401504
-1.636949 -1.847998 -0.134394
0.019905 -0.320134 -0.670293
1.676759 1.207730 0.793809
-0.666386 -1.264406 0.257911
0.990468 0.263458 -0.277988
-1.352678 1.791323 -0.813886
0.304176 -0.680813 0.650215
1.961031 0.847051 0.114317
-0.382115 -1.625085 -0.421581
1.274739 -0.097221 -0.957480
-1.068407 1.430643 0.506622
0.588448 -1.041493 -0.029277
-1.754698 0.486371 -0.565175
-0.097844 -1.985765 0.898927
1.559010 -0.457901 0.363028
-0.784135 1.069963 -0.172870
0.872719 -1.402173 -0.708768
-1.470427 0.125691 0.755333
0.186427 1.653555 0.219435
1.843282 -0.818581 -0.316464
-0.499864 0.709283 -0.852362
1.156990 -1.762853 0.611740
-1.186156 -0.234989 0.075841
0.470699 1.292875 -0.460057
-1.872447 -1.179261 -0.995956
-0.215593 0.348603 0.468146
1.441261 1.876467 -0.067752
-0.901884 -0.595668 -0.603651
0.754970 0.932196 0.860451
-1.588176 -1.539940 0.324553
0.068678 -0.012076 -0.211346
1.725533 1.515788 -0.747244
-0.617613 -0.956348 0.716857
1.039241 0.571516 0.180959
-1.303905 -1.900620 -0.354939
0.352950 -0.372756 -0.890838
-1.990196 1.155108 0.573264
-0.333342 -1.317028 0.037365
1.323512 0.210836 -0.498533
-1.019633 1.738700 0.965569
0.637221 -0.733436 0.429670
-1.705925 0.794428 -0.106228
-0.049071 -1.677708 -0.642126
1.607784 -0.149844 0.821975
-0.735362 1.378020 0.286077
0.921492 -1.094116 -0.249822
-1.421654 0.433748 -0.785720
0.235201 1.961612 0.678382
1.892055 -0.510524 0.142483
-0.451091 1.017341 -0.393415
1.205763 -1.454795 -0.929314
-1.137382 0.073069 0.534788
0.519472 1.600933 -0.001110
-1.823674 -0.871203 -0.537009
-0.166820 0.656661 0.927093
1.490035 -1.815475 0.391195
-0.853111 -0.287611 -0.144704
0.803743 1.240253 -0.680602
-1.539403 -1.231883 0.783499
0.117452 0.295981 0.247601
1.774306 1.823845 -0.288297
-0.568840 -0.648291 -0.824196
1.088014 0.879573 0.639906
-1.255131 -1.592563 0.104007
0.401723 -0.064699 -0.431891
-1.941423 1.463165 -0.967789
-0.284569 -1.008971 0.496312
1.372286 0.518893 -0.039586
-0.970860 -1.953243 -0.575484
0.685994 -0.425379 0.888617
-1.657152 1.102485 0.352719
-0.000297 -1.369650 -0.183180
1.656557 0.158214 -0.719078
-0.686589 1.686078 0.745024
0.970265 -0.786058 0.209125
-1.372880 0.741806 -0.326773
0.283974 -1.730330 -0.862672
1.940828 -0.202466 0.601430
-0.402318 1.325398 0.065532
1.254537 -1.146738 -0.470367
-1.088609 0.381126 0.993735
0.568245 1.908990 0.457837
-1.774901 -0.563146 -0.078062
-0.118046 0.964718 -0.613960
1.538808 -1.507418 0.850141
-0.804338 0.020446 0.314243
0.852516 1.548310 -0.221655
-1.490629 -0.923826 -0.757554
0.166225 0.604038 0.706548
1.823079 -1.868098 0.170649
-0.520067 -0.340234 -0.365249
1.136788 1.187630 -0.901147
-1.206358 -1.284506 0.562954
0.450496 0.243358 0.027056
-1.892650 1.771223 -0.508842
-0.235795 -0.700913 0.955259
1.421059 0.826951 0.419361
-0.922087 -1.645185 -0.116538
0.734767 -0.117321 -0.652436
-1.608378 1.410543 0.811666
0.048476 -1.061593 0.275767
1.705330 0.466271 -0.260131
-0.637816 1.994135 -0.796030
1.019039 -0.478001 0.668072
-1.324107 1.049863 0.132174
0.332747 -1.422273 -0.403725
1.989601 0.105591 -0.939623
-0.353544 1.633455 0.524479
1.303310 -0.838681 -0.011420
-1.039836 0.689183 -0.547318
0.617018 -1.782953 0.916783
-1.726127 -0.255089 0.380885
-0.069273 1.272775 -0.155013
1.587581 -1.199361 -0.690912
-0.755565 0.328503 0.773190
0.901290 1.856367 0.237291
-1.441856 -0.615768 -0.298607
0.214998 0.912096 -0.834505
1.871852 -1.560040 0.629596
-0.471293 -0.032176 0.093698
1.185561 1.495688 -0.442200
-1.157585 -0.976448 -0.978099
0.499269 0.551416 0.486003
-1.843876 -1.920720 -0.049896
-0.187022 -0.392856 -0.585794
1.469832 1.135008 0.878308
-0.873314 -1.337128 0.342409
0.783541 0.190736 -0.193489
-1.559605 1.718600 -0.729388
0.097249 -0.753536 0.734714
1.754103 0.774328 0.198816
-0.589042 -1.697808 -0.337083
1.067812 -0.169944 -0.872981
-1.275334 1.357920 0.591121
0.381520 -1.114216 0.055222
-1.961625 0.413648 -0.480676
-0.304771 1.941512 0.983425
1.352083 -0.530624 0.447527
-0.991063 0.997241 -0.088371
0.665792 -1.474895 -0.624270
-1.677354 0.052969 0.839832
-0.020500 1.580833 0.303933
1.636354 -0.891303 -0.231965
-0.706791 0.636561 -0.767863
0.950063 -1.835575 0.696238
-1.393083 -0.307711 0.160340
0.263771 1.220153 -0.375558
1.920626 -1.251983 -0.911457
-0.422520 0.275881 0.552645
1.234334 1.803745 0.016746
-1.108812 -0.668391 -0.519152
0.548043 0.859473 0.944950
-1.795103 -1.612663 0.409051
-0.138249 -0.084799 -0.126847
1.518605 1.443065 -0.662746
-0.824540 -1.029071 0.801356
0.832314 0.498793 0.265458
-1.510832 -1.973343 -0.270441
0.146022 -0.445479 -0.806339
1.802877 1.082385 0.657763
-0.540269 -1.389750 0.121864
1.116585 0.138114 -0.414034
-1.226561 1.665978 -0.949933
0.430294 -0.806158 0.514169
-1.912852 0.721706 -0.021729
-0.255998 -1.750430 -0.557628
1.400856 -0.222566 0.906474
-0.942289 1.305298 0.370575
0.714565 -1.166838 -0.165323
-1.628581 0.361026 -0.701221
0.028273 1.888890 0.762880
1.685128 -0.583246 0.226982
-0.658018 0.944618 -0.308916
0.998836 -1.527518 -0.844815
-1.344310 0.000346 0.619287
0.312545 1.528210 0.083388
1.969399 -0.943926 -0.452510
-0.373747 0.583938 -0.988408
1.283107 -1.888198 0.475693
-1.060038 -0.360334 -0.060205
0.596816 1.167530 -0.596104
-1.746330 -1.304606 0.867998
-0.089476 0.223258 0.332100
1.567379 1.751123 -0.203799
-0.775767 -0.721013 -0.739697
0.881087 0.806851 0.724405
-1.462059 -1.665285 0.188506
0.194796 -0.137421 -0.347392
1.851650 1.390443 -0.883291
-0.491496 -1.081693 0.580811
1.165358 0.446171 0.044913
-1.177787 1.974035 -0.490986
0.479067 -0.498101 0.973116
-1.864079 1.029763 0.437217
-0.207225 -1.442373 -0.098681
1.449630 0.085491 -0.634579
-0.893516 1.613355 0.829522
0.763338 -0.858781 0.293624
-1.579808 0.669083 -0.242274
0.077047 -1.803053 -0.778173
1.733901 -0.275189 0.685929
-0.609245 1.252675 0.150030
1.047609 -1.219461 -0.385868
-1.295536 0.308403 -0.921766
0.361318 1.836267 0.542335
-1.981828 -0.635868 0.006437
-0.324974 0.891996 -0.529462
1.331881 -1.580140 0.934640
-1.011265 -0.052276 0.398742
0.645589 1.475588 -0.137157
-1.697557 -0.996548 -0.673055
-0.040702 0.531316 0.791047
1.616152 -1.940820 0.255148
-0.726994 -0.412956 -0.280750
0.929860 1.114908 -0.816649
-1.413285 -1.357228 0.647453
0.243569 0.170636 0.111555
1.900423 1.698500 -0.424344
-0.442723 -0.773636 -0.960242
1.214132 0.754228 0.503859
-1.129014 -1.717908 -0.032039
0.527840 -0.190044 -0.567937
-1.815306 1.337820 0.896164
-0.158451 -1.134316 0.360266
1.498403 0.393548 -0.175632
-0.844743 1.921412 -0.711531
0.812111 -0.550724 0.752571
-1.531034 0.977141 0.216672
0.125820 -1.494995 -0.319226
1.782674 0.032869 -0.855124
-0.560472 1.560733 0.608977
1.096383 -0.911403 0.073079
-1.246763 0.616461 -0.462820
0.410091 -1.855675 -0.998718
-1.933055 -0.327811 0.465384
-0.276200 1.200053 -0.070515
1.380654 -1.272083 -0.606413
-0.962492 0.255781 0.857689
0.694362 1.783645 0.321790
-1.648783 -0.688491 -0.214108
0.008071 0.839373 -0.750007
1.664925 -1.632763 0.714095
-0.678221 -0.104899 0.178197
0.978634 1.422965 -0.357702
-1.364512 -1.049171 -0.893600
0.292342 0.478693 0.570501
1.949196 -1.993443 0.034603
-0.393949 -0.465579 -0.501295
1.262905 1.062285 0.962806
-1.080241 -1.409850 0.426908
0.576613 0.118014 -0.108990
-1.766532 1.645878 -0.644889
-0.109678 -0.826258 0.819213
1.547176 0.701606 0.283314
-0.795970 -1.770530 -0.252584
0.860885 -0.242666 -0.788482
-1.482261 1.285198 0.675619
0.174593 -1.186938 0.139721
1.831447 0.340926 -0.396178
-0.511698 1.868790 -0.932076
1.145156 -0.603346 0.532026
-1.197990 0.924518 -0.003873
0.458864 -1.547618 -0.539771
-1.884281 -0.019754 0.924331
-0.227427 1.508110 0.388432
1.429427 -0.964026 -0.147466
-0.913719 0.563838 -0.683365
0.743136 -1.908298 0.780737
-1.600010 -0.380434 0.244839
0.056844 1.147430 -0.291060
1.713698 -1.324706 -0.826958
-0.629447 0.203159 0.637143
1.027407 1.731023 0.101245
-1.315739 -0.741113 -0.434653
0.341115 0.786751 -0.970552
1.997970 -1.685385 0.493550
-0.345176 -0.157521 -0.042348
1.311678 1.370343 -0.578247
-1.031468 -1.101793 0.885855
0.625387 0.426071 0.349956
-1.717759 1.953935 -0.185942
-0.060905 -0.518201 -0.721840
1.595949 1.009663 0.742261
-0.747196 -1.462473 0.206363
0.909658 0.065391 -0.329536
-1.433488 1.593255 -0.865434
0.223366 -0.878881 0.598668
1.880221 0.648983 0.062769
-0.462925 -1.823153 -0.473129
1.193929 -0.295289 0.990973
-1.149217 1.232575 0.455074
0.507638 -1.239561 -0.080824
-1.835508 0.288303 -0.616723
-0.178654 1.816167 0.847379
1.478200 -0.655968 0.311481
-0.864945 0.871896 -0.224418
0.791909 -1.600240 -0.760316
-1.551237 -0.072376 0.703785
0.105617 1.455488 0.167887
1.762472 -1.016648 -0.368011
-0.580674 0.511216 -0.903910
1.076180 -1.960920 0.560192
-1.266966 -0.433056 0.024293
0.389889 1.094808 -0.511605
-1.953257 -1.377328 0.952497
-0.296403 0.150536 0.416598
1.360451 1.678400 -0.119300
-0.982694 -0.793736 -0.655198
0.674160 0.734128 0.808903
-1.668986 -1.738008 0.273005
-0.012132 -0.210144 -0.262894
1.644723 1.317720 -0.798792
-0.698423 -1.154416 0.665310
0.958431 0.373448 0.129411
-1.384715 1.901312 -0.406487
0.272140 -0.570824 -0.942386
1.928994 0.957041 0.521716
-0.414152 -1.515095 -0.014182
1.242702 0.012769 -0.550081
-1.100443 1.540633 0.914021
0.556411 -0.931503 0.378123
-1.786735 0.596361 -0.157776
-0.129881 -1.875775 -0.693674
1.526974 -0.347911 0.770427
-0.816172 1.179953 0.234529
0.840682 -1.292183 -0.301369
-1.502464 0.235681 -0.837268
0.154390 1.763545 0.626834
1.811245 -0.708591 0.090935
-0.531901 0.819273 -0.444963
1.124953 -1.652863 -0.980861
-1.218193 -0.124999 0.483240
0.438662 1.402865 -0.052658
-1.904484 -1.069271 -0.588556
-0.247630 0.458593 0.875545
1.409224 1.986457 0.339647
-0.933921 -0.485679 -0.196252
0.722933 1.042185 -0.732150
-1.620213 -1.429950 0.731952
0.036641 0.097914 0.196053
1.693496 1.625778 -0.339845
-0.649650 -0.846358 -0.875744
1.007204 0.681506 0.588358
-1.335942 -1.790630 0.052460
0.320913 -0.262766 -0.483439
1.977767 1.265098 0.980663
-0.365379 -1.207038 0.444765
1.291475 0.320826 -0.091134
-1.051670 1.848690 -0.627032
0.605184 -0.623446 0.837069
-1.737962 0.904418 0.301171
-0.081108 -1.567718 -0.234727
1.575747 -0.039854 -0.770626
-0.767399 1.488010 0.693476
0.889455 -0.984126 0.157577
-1.453691 0.543738 -0.378321
0.203164 -1.928398 -0.914219
1.860018 -0.400534 0.549882
-0.483128 1.127330 0.013984
1.173726 -1.344806 -0.521914
-1.169419 0.183059 0.942187
0.487435 1.710923 0.406289
-1.855711 -0.761213 -0.129610
-0.198857 0.766651 -0.665508
1.457998 -1.705485 0.798594
-0.885148 -0.177621 0.262695
0.771706 1.350243 -0.273203
-1.571440 -1.121893 -0.809102
0.085415 0.405971 0.655000
1.742269 1.933835 0.119102
-0.600877 -0.538301 -0.416797
1.055977 0.989563 -0.952695
-1.287168 -1.482573 0.511407
0.369686 0.045291 -0.024492
-1.973460 1.573155 -0.560390
-0.316606 -0.898981 0.903711
1.340249 0.628883 0.367813
-1.002897 -1.843253 -0.168085
0.653957 -0.315389 -0.703984
-1.689189 1.212475 0.760118
-0.032334 -1.259661 0.224219
1.624520 0.268203 -0.311679
-0.718626 1.796067 -0.847577
0.938228 -0.676068 0.616524
-1.404917 0.851796 0.080626
0.251937 -1.620340 -0.455272
1.908791 -0.092476 -0.991171
-0.434355 1.435388 0.472931
1.222500 -1.036748 -0.062968
-1.120646 0.491116 -0.598866
0.536208 -1.981020 0.865236
-1.806938 -0.453156 0.329337
-0.150083 1.074708 -0.206561
1.506771 -1.397428 -0.742460
-0.836375 0.130436 0.721642
0.820479 1.658300 0.185744
-1.522666 -0.813836 -0.350155
0.134188 0.714028 -0.886053
1.791042 -1.758108 0.578049
-0.552104 -0.230244 0.042150
1.104751 1.297620 -0.493748
-1.238395 -1.174516 0.970353
0.418459 0.353348 0.434455
-1.924687 1.881212 -0.101443
-0.267832 -0.590924 -0.637342
1.389022 0.936941 0.826760
-0.954124 -1.535195 0.290861
0.702730 -0.007331 -0.245037
-1.640415 1.520533 -0.780935
0.016439 -0.951603 0.683166
1.673293 0.576261 0.147268
-0.669853 -1.895875 -0.388630
0.987002 -0.368011 -0.924529
-1.356144 1.159853 0.539573
0.300710 -1.312283 0.003674
1.957564 0.215581 -0.532224
-0.385581 1.743445 0.931878
1.271273 -0.728691 0.395979
-1.071873 0.799173 -0.139919
0.584981 -1.672963 -0.675818
-1.758164 -0.145099 0.788284
-0.101310 1.382765 0.252386
1.555544 -1.089371 -0.283513
-0.787602 0.438493 -0.819411
0.869253 1.966357 0.644691
-1.473893 -0.505779 0.108792
0.182961 1.022085 -0.427106
1.839815 -1.450050 -0.963005
-0.503330 0.077814 0.501097
1.153524 1.605678 -0.034801
-1.189622 -0.866458 -0.570700
0.467232 0.661406 0.893402
-1.875913 -1.810730 0.357503
-0.219059 -0.282866 -0.178395
1.437795 1.244998 -0.714293
-0.905351 -1.227138 0.749808
0.751504 0.300726 0.213910
-1.591642 1.828590 -0.321988
0.065212 -0.643546 -0.857887
1.722066 0.884318 0.606215
-0.621079 -1.587818 0.070316
1.035775 -0.059954 -0.465582
-1.307371 1.467910 0.998520
0.349483 -1.004226 0.462621
-1.993662 0.523638 -0.073277
-0.336808 -1.948498 -0.609176
1.320046 -0.420634 0.854926
-1.023100 1.107230 0.319028
0.633755 -1.364906 -0.216871
-1.709391 0.162959 -0.752769
-0.052537 1.690823 0.711333
1.604317 -0.781313 0.175434
-0.738828 0.746551 -0.360464
0.918026 -1.725585 -0.896363
-1.425120 -0.197721 0.567739
0.231734 1.330143 0.031841
1.888589 -1.141993 -0.504058
-0.454557 0.385871 0.960044
1.202297 1.913735 0.424145
-1.140849 -0.558401 -0.111753
0.516006 0.969463 -0.647651
-1.827140 -1.502673 0.816450
-0.170286 0.025191 0.280552
1.486568 1.553055 -0.255346
-0.856577 -0.919081 -0.791245
0.800277 0.608783 0.672857
-1.542869 -1.863353 0.136958
0.113985 -0.335489 -0.398940
1.770840 1.192375 -0.934838
-0.572306 -1.279761 0.529263
1.084548 0.248103 -0.006635
-1.258598 1.775968 -0.542534
0.398257 -0.696168 0.921568
-1.944889 0.831696 0.385670
-0.288035 -1.640440 -0.150229
1.368819 -0.112576 -0.686127
-0.974326 1.415288 0.777975
0.682528 -1.056848 0.242076
-1.660618 0.471016 -0.293822
-0.003764 1.998880 -0.829721
1.653091 -0.473256 0.634381
-0.690055 1.054608 0.098483
0.966799 -1.417528 -0.437416
-1.376347 0.110336 -0.973314
0.280508 1.638200 0.490787
1.937362 -0.833936 -0.045111
-0.405784 0.693928 -0.581009
1.251070 -1.778208 0.883092
-1.092075 -0.250344 0.347194
0.564779 1.277520 -0.188704
-1.778367 -1.194616 -0.724603
-0.121513 0.333248 0.739499
1.535342 1.861112 0.203600
-0.807804 -0.611024 -0.332298
0.849050 0.916841 -0.868196
-1.494096 -1.555295 0.595905
0.162759 -0.027431 0.060007
1.819613 1.500433 -0.475892
-0.523533 -0.971703 0.988210
1.133321 0.556161 0.452312
-1.209824 -1.915975 -0.083587
0.447030 -0.388111 -0.619485
-1.896116 1.139753 0.844617
-0.239262 -1.332383 0.308718
1.417593 0.195481 -0.227180
-0.925553 1.723345 -0.763079
0.731301 -0.748791 0.701023
-1.611845 0.779073 0.165125
0.045010 -1.693063 -0.370774
1.701864 -0.165199 -0.906672
-0.641282 1.362665 0.557429
1.015572 -1.109471 0.021531
-1.327573 0.418393 -0.514367
0.329281 1.946257 0.949734
1.986135 -0.525879 0.413836
-0.357011 1.001985 -0.122062
1.299844 -1.470150 -0.657961
-1.043302 0.057714 0.806141
0.613552 1.585578 0.270242
-1.729594 -0.886558 -0.265656
-0.072739 0.641306 -0.801554
1.584115 -1.830830 0.662547
-0.759031 -0.302966 0.126649
0.897823 1.224898 -0.409250
-1.445322 -1.247238 -0.945148
0.211532 0.280626 0.518954
1.868386 1.808490 -0.016945
-0.474760 -0.663646 -0.552843
1.182095 0.864218 0.911259
-1.161051 -1.607918 0.375360
0.495803 -0.080054 -0.160538
-1.847343 1.447810 -0.696437
-0.190488 -1.024326 0.767665
1.466366 0.503538 0.231767
-0.876780 -1.968598 -0.304132
0.780074 -0.440734 -0.840030
-1.563071 1.087130 0.624071
0.093783 -1.385006 0.088173
1.750637 0.142859 -0.447725
-0.592509 1.670723 -0.983624
1.064346 -0.801413 0.480478
-1.278800 0.726451 -0.055420
0.378054 -1.745685 -0.591319
-1.965092 -0.217821 0.872783
-0.308237 1.310043 0.336884
1.348617 -1.162093 -0.199014
-0.994529 0.365771 -0.734912
0.662325 1.893635 0.729189
-1.680820 -0.578501 0.193291
-0.023966 0.949363 -0.342608
1.632888 -1.522773 -0.878506
-0.710258 0.005091 0.585596
0.946597 1.532955 0.049697
-1.396549 -0.939181 -0.486201
0.260305 0.588683 0.977901
1.917159 -1.883453 0.442002
-0.425986 -0.355589 -0.093896
1.230868 1.172275 -0.629795
-1.112278 -1.299861 0.834307
0.544576 0.228003 0.298409
-1.798569 1.755868 -0.237490
-0.141715 -0.716268 -0.773388
1.515139 0.811596 0.690713
-0.828007 -1.660540 0.154815
0.828848 -0.132676 -0.381083
-1.514298 1.395188 -0.916982
0.142556 -1.076948 0.547120
1.799410 0.450916 0.011222
-0.543735 1.978780 -0.524677
1.113119 -0.493356 0.939425
-1.230027 1.034508 0.403526
0.426827 -1.437628 -0.132372
-1.916318 0.090236 -0.668270
-0.259464 1.618100 0.795831
1.397390 -0.854036 0.259933
-0.945756 0.673828 -0.275966
0.711099 -1.798308 -0.811864
-1.632047 -0.270444 0.652238
0.024807 1.257420 0.116339
1.681661 -1.214716 -0.419559
-0.661484 0.313148 -0.955457
0.995370 1.841012 0.508644
-1.347776 -0.631124 -0.027254
0.309078 0.896741 -0.563153
1.965933 -1.575395 0.900949
-0.377213 -0.047531 0.365051
1.279641 1.480333 -0.170848
-1.063505 -0.991803 -0.706746
0.593350 0.536061 0.757355
-1.749796 -1.936075 0.221457
-0.092942 -0.408211 -0.314441
1.563912 1.119653 -0.850340
-0.779233 -1.352483 0.613762
0.877621 0.175381 0.077864
-1.465525 1.703245 -0.458035
0.191329 -0.768891 -0.993933
1.848184 0.758973 0.470168
-0.494962 -1.713163 -0.065730
1.161892 -0.185299 -0.601628
-1.181254 1.342565 0.862473
0.475601 -1.129571 0.326575
-1.867545 0.398293 -0.209324
-0.210691 1.926157 -0.745222
1.446163 -0.545979 0.718880
-0.896982 0.981885 0.182981
0.759872 -1.490250 -0.352917
-1.583274 0.037614 -0.888815
0.073580 1.565478 0.575286
1.730435 -0.906658 0.039388
-0.612711 0.621206 -0.496511
1.044143 -1.850930 0.967591
-1.299003 -0.323066 0.431693
0.357852 1.204798 -0.104206
-1.985294 -1.267338 -0.640104
-0.328440 0.260526 0.823997
1.328414 1.788390 0.288099
-1.014731 -0.683746 -0.247799
0.642123 0.844118 -0.783698
-1.701023 -1.628018 0.680404
-0.044169 -0.100154 0.144505
1.612686 1.427710 -0.391393
-0.730460 -1.044426 -0.927291
0.926394 0.483438 0.536810
-1.416752 -1.988698 0.000912
0.240103 -0.460834 -0.534986
1.896957 1.067030 0.929115
-0.446189 -1.405106 0.393217
1.210665 0.122759 -0.142682
-1.132480 1.650623 -0.678580
0.524374 -0.821513 0.785522
-1.818772 0.706351 0.249623
-0.161918 -1.765785 -0.286275
1.494937 -0.237921 -0.822174
-0.848209 1.289943 0.641928
0.808645 -1.182193 0.106030
-1.534501 0.345671 -0.429869
0.122354 1.873535 -0.965767
1.779208 -0.598601 0.498335
-0.563938 0.929263 -0.037564
1.092916 -1.542873 -0.573462
-1.250229 -0.015009 0.890639
0.406625 1.512855 0.354741
-1.936521 -0.959281 -0.181157
-0.279667 0.568583 -0.717056
1.377188 -1.903553 0.747046
-0.965958 -0.375689 0.211147
0.690896 1.152175 -0.324751
-1.652250 -1.319961 -0.860649
0.004605 0.207903 0.603452
1.661459 1.735768 0.067554
-0.681687 -0.736368 -0.468344
0.975167 0.791496 0.995757
-1.367978 -1.680640 0.459859
0.288876 -0.152776 -0.076040
1.945730 1.375088 -0.611938
-0.397416 -1.097048 0.852164
1.259439 0.430816 0.316265
-1.083707 1.958680 -0.219633
0.573147 -0.513456 -0.755532
-1.769999 1.014408 0.708570
-0.113144 -1.457728 0.172672
1.543710 0.070136 -0.363227
-0.799436 1.598000 -0.899125
0.857418 -0.874136 0.564977
-1.485727 0.653728 0.029078
0.171127 -1.818408 -0.506820
1.827981 -0.290544 0.957281
-0.515165 1.237320 0.421383
1.141690 -1.234816 -0.114515
-1.201456 0.293048 -0.650414
0.455398 1.820912 0.813688
-1.887748 -0.651223 0.277789
-0.230893 0.876641 -0.258109
1.425961 -1.595495 -0.794007
-0.917185 -0.067631 0.670094
0.739669 1.460233 0.134196
-1.603476 -1.011903 -0.401702
0.053378 0.515961 -0.937601
1.710232 -1.956175 0.526501
-0.632914 -0.428311 -0.009398
1.023941 1.099553 -0.545296
-1.319205 -1.372583 0.918806
0.337649 0.155281 0.382907
1.994503 1.683145 -0.152991
-0.348642 -0.788991 -0.688890
1.308212 0.738873 0.775212
-1.034934 -1.733263 0.239314
0.621920 -0.205399 -0.296585
-1.721225 1.322465 -0.832483
-0.064371 -1.149671 0.631619
1.592483 0.378193 0.095720
-0.750663 1.906057 -0.440178
0.906192 -0.566079 -0.976077
-1.436954 0.961785 0.488025
0.219900 -1.510350 -0.047873
1.876754 0.017514 -0.583772
-0.466391 1.545378 0.880330
1.190463 -0.926758 0.344431
-1.152683 0.601106 -0.191467
0.504171 -1.871030 -0.727365
-1.838974 -0.343166 0.736736
-0.182120 1.184698 0.200838
1.474734 -1.287438 -0.335060
-0.868412 0.240426 -0.870959
0.788443 1.768290 0.593143
-1.554703 -0.703846 0.057244
0.102151 0.824018 -0.478654
1.759005 -1.648118 0.985448
-0.584140 -0.120254 0.449549
1.072714 1.407610 -0.086349
-1.270432 -1.064526 -0.622248
0.386422 0.463338 0.841854
-1.956723 1.991202 0.305956
-0.299869 -0.480934 -0.229943
1.356985 1.046930 -0.765841
-0.986161 -1.425206 0.698261
0.670694 0.102659 0.162362
-1.672452 1.630523 -0.373536
-0.015598 -0.841613 -0.909435
1.641256 0.686251 0.554667
-0.701889 -1.785885 0.018769
0.954965 -0.258021 -0.517130
-1.388181 1.269843 0.946972
0.268673 -1.202293 0.411073
1.925528 0.325571 -0.124825
-0.417618 1.853435 -0.660723
1.239236 -0.618701 0.803378
-1.103910 0.909163 0.267480
0.552945 -1.562973 -0.268418
-1.790201 -0.035109 -0.804317
-0.133347 1.492755 0.659785
1.523507 -0.979381 0.123886
-0.819638 0.548483 -0.412012
0.837216 -1.923653 -0.947910
-1.505930 -0.395789 0.516191
0.150924 1.132075 -0.019707
1.807779 -1.340061 -0.555606
-0.535367 0.187803 0.908496
1.121487 1.715668 0.372598
-1.221659 -0.756468 -0.163301
0.435196 0.771396 -0.699199
-1.907950 -1.700740 0.764903
-0.251096 -0.172876 0.229004
1.405758 1.354988 -0.306894
-0.937387 -1.117148 -0.842793
0.719467 0.410716 0.621309
-1.623679 1.938580 0.085411
0.033175 -0.533556 -0.450488
1.690030 0.994308 -0.986386
-0.653116 -1.477828 0.477715
1.003738 0.050036 -0.058183
-1.339408 1.577900 -0.594081
0.317447 -0.894236 0.870020
1.974301 0.633628 0.334122
-0.368845 -1.838508 -0.201776
1.288009 -0.310644 -0.737675
-1.055136 1.217220 0.726427
0.601718 -1.254916 0.190528
-1.741428 0.272948 -0.345370
-0.084574 1.800812 -0.881268
1.572281 -0.671323 0.582833
-0.770865 0.856541 0.046935
0.885989 -1.615595 -0.488964
-1.457157 -0.087731 0.975138
0.199698 1.440133 0.439240
1.856552 -1.032003 -0.096659
-0.486594 0.495861 -0.632557
1.170260 -1.976275 0.831545
-1.172885 -0.448411 0.295646
0.483969 1.079453 -0.240252
-1.859177 -1.392683 -0.776151
-0.202323 0.135181 0.687951
1.454532 1.663045 0.152053
-0.888614 -0.809091 -0.383846
0.768240 0.718773 -0.919744
-1.574906 -1.753363 0.544357
0.081949 -0.225499 0.008459
1.738803 1.302365 -0.527439
-0.604343 -1.169771 0.936662
1.052511 0.358093 0.400764
-1.290634 1.885957 -0.135134
0.366220 -0.586179 -0.671033
-1.976926 0.941685 0.793069
-0.320072 -1.530450 0.257170
1.336783 -0.002586 -0.278728
-1.006363 1.525278 -0.814626
0.650491 -0.946858 0.649475
-1.692655 0.581006 0.113577
-0.035800 -1.891130 -0.422322
1.621054 -0.363266 -0.958220
-0.722092 1.164598 0.505882
0.934762 -1.307538 -0.030017
-1.408383 0.220326 -0.565915
0.248471 1.748190 0.898187
1.905325 -0.723946 0.362288
-0.437821 0.803918 -0.173610
1.219034 -1.668218 -0.709509
-1.124112 -0.140354 0.754593
0.532742 1.387510 0.218695
-1.810404 -1.084626 -0.317204
-0.153549 0.443238 -0.853102
1.503305 1.971102 0.610999
-0.839841 -0.501034 0.075101
0.817013 1.026830 -0.460797
-1.526132 -1.445306 -0.996696
0.130722 0.082559 0.467406
1.787576 1.610423 -0.068492
-0.555570 -0.861713 -0.604391
1.101284 0.666151 0.859711
-1.241861 -1.805985 0.323812
0.414993 -0.278121 -0.212086
-1.928153 1.249743 -0.747984
-0.271299 -1.222393 0.716117
1.385556 0.305471 0.180219
-0.957590 1.833335 -0.355680
0.699264 -0.638801 -0.891578
-1.643882 0.889063 0.572524
0.012973 -1.583073 0.036625
1.669827 -0.055209 -0.499273
-0.673319 1.472655 0.964829
0.983535 -0.999481 0.428930
-1.359610 0.528383 -0.106968
0.297244 -1.943753 -0.642867
1.954098 -0.415889 0.821235
-0.389048 1.111975 0.285337
1.267807 -1.360161 -0.250562
-1.075339 0.167703 -0.786460
0.581515 1.695568 0.677641
-1.761631 -0.776568 0.141743
-0.104776 0.751296 -0.394155
1.552078 -1.720840 -0.930054
-0.791068 -0.192976 0.534048
0.865786 1.334888 -0.001850
-1.477359 -1.137248 -0.537749
0.179495 0.390616 0.926353
1.836349 1.918480 0.390454
-0.506797 -0.553656 -0.145444
1.150058 0.974208 -0.681342
-1.193088 -1.497928 0.782759
0.463766 0.029936 0.246861
-1.879380 1.557800 -0.289038
-0.222525 -0.914336 -0.824936
1.434329 0.613528 0.639166
-0.908817 -1.858608 0.103267
0.748037 -0.330744 -0.432631
-1.595108 1.197120 -0.968529
0.061746 -1.275016 0.495572
1.718600 0.252848 -0.040326
-0.624546 1.780712 -0.576225
1.032309 -0.691423 0.887877
-1.310837 0.836441 0.351979
0.346017 -1.635695 -0.183920
-1.997129 -0.107831 -0.719818
-0.340274 1.420033 0.744283
1.316580 -1.052103 0.208385
-1.026566 0.475761 -0.327513
0.630288 -1.996375 -0.863412
-1.712857 -0.468511 0.600690
-0.056003 1.059353 0.064792
1.600851 -1.412783 -0.471107
-0.742295 0.115081 0.992995
0.914560 1.642945 0.457096
-1.428586 -0.829191 -0.078802
0.228268 0.698673 -0.614700
1.885122 -1.773463 0.849401
-0.458023 -0.245599 0.313503
1.198831 1.282265 -0.222396
-1.144315 -1.189871 -0.758294
0.512539 0.337993 0.705808
-1.830606 1.865857 0.169909
-0.173752 -0.606279 -0.365989
1.483102 0.921586 -0.901887
-0.860044 -1.550550 0.562214
0.796811 -0.022686 0.026316
-1.546335 1.505178 -0.509583
0.110519 -0.966958 0.954519
1.767373 0.560906 0.418621
-0.575772 -1.911230 -0.117278
1.081082 -0.383366 -0.653176
-1.262064 1.144498 0.810925
0.394790 -1.327638 0.275027
-1.948355 0.200226 -0.260871
-0.291501 1.728090 -0.796770
