# vtk DataFile Version 3.0
Mounting plate with tapered boss and two through-holes; replaces folded plate
ASCII
DATASET UNSTRUCTURED_GRID
POINTS 5878 double
-3 -2.4 0.5
-2.9 -2.4 0.5
-2.9 -2.3 0.5
-3 -2.3 0.5
-3 -2.4 0
-2.9 -2.4 0
-2.9 -2.3 0
-3 -2.3 0
-2.9 -2.2 0.5
-3 -2.2 0.5
-2.9 -2.2 0
-3 -2.2 0
-2.9 -2.1 0.5
-3 -2.1 0.5
-2.9 -2.1 0
-3 -2.1 0
-2.9 -2 0.5
-3 -2 0.5
-2.9 -2 0
-3 -2 0
-2.9 -1.9 0.5
-3 -1.9 0.5
-2.9 -1.9 0
-3 -1.9 0
-2.9 -1.8 0.5
-3 -1.8 0.5
-2.9 -1.8 0
-3 -1.8 0
-2.9 -1.7 0.5
-3 -1.7 0.5
-2.9 -1.7 0
-3 -1.7 0
-2.9 -1.6 0.5
-3 -1.6 0.5
-2.9 -1.6 0
-3 -1.6 0
-2.9 -1.5 0.5
-3 -1.5 0.5
-2.9 -1.5 0
-3 -1.5 0
-2.9 -1.4 0.5
-3 -1.4 0.5
-2.9 -1.4 0
-3 -1.4 0
-2.9 -1.3 0.5
-3 -1.3 0.5
-2.9 -1.3 0
-3 -1.3 0
-2.9 -1.2 0.5
-3 -1.2 0.5
-2.9 -1.2 0
-3 -1.2 0
-2.9 -1.1 0.5
-3 -1.1 0.5
-2.9 -1.1 0
-3 -1.1 0
-2.9 -1 0.5
-3 -1 0.5
-2.9 -1 0
-3 -1 0
-2.9 -0.9 0.5
-3 -0.9 0.5
-2.9 -0.9 0
-3 -0.9 0
-2.9 -0.8 0.5
-3 -0.8 0.5
-2.9 -0.8 0
-3 -0.8 0
-2.9 -0.7 0.5
-3 -0.7 0.5
-2.9 -0.7 0
-3 -0.7 0
-2.9 -0.6 0.5
-3 -0.6 0.5
-2.9 -0.6 0
-3 -0.6 0
-2.9 -0.5 0.5
-3 -0.5 0.5
-2.9 -0.5 0
-3 -0.5 0
-2.9 -0.4 0.5
-3 -0.4 0.5
-2.9 -0.4 0
-3 -0.4 0
-2.9 -0.3 0.5
-3 -0.3 0.5
-2.9 -0.3 0
-3 -0.3 0
-2.9 -0.2 0.5
-3 -0.2 0.5
-2.9 -0.2 0
-3 -0.2 0
-2.9 -0.1 0.5
-3 -0.1 0.5
-2.9 -0.1 0
-3 -0.1 0
-2.9 0 0.5
-3 0 0.5
-2.9 0 0
-3 0 0
-2.9 0.1 0.5
-3 0.1 0.5
-2.9 0.1 0
-3 0.1 0
-2.9 0.2 0.5
-3 0.2 0.5
-2.9 0.2 0
-3 0.2 0
-2.9 0.3 0.5
-3 0.3 0.5
-2.9 0.3 0
-3 0.3 0
-2.9 0.4 0.5
-3 0.4 0.5
-2.9 0.4 0
-3 0.4 0
-2.9 0.5 0.5
-3 0.5 0.5
-2.9 0.5 0
-3 0.5 0
-2.9 0.6 0.5
-3 0.6 0.5
-2.9 0.6 0
-3 0.6 0
-2.9 0.7 0.5
-3 0.7 0.5
-2.9 0.7 0
-3 0.7 0
-2.9 0.8 0.5
-3 0.8 0.5
-2.9 0.8 0
-3 0.8 0
-2.9 0.9 0.5
-3 0.9 0.5
-2.9 0.9 0
-3 0.9 0
-2.9 1 0.5
-3 1 0.5
-2.9 1 0
-3 1 0
-2.9 1.1 0.5
-3 1.1 0.5
-2.9 1.1 0
-3 1.1 0
-2.9 1.2 0.5
-3 1.2 0.5
-2.9 1.2 0
-3 1.2 0
-2.9 1.3 0.5
-3 1.3 0.5
-2.9 1.3 0
-3 1.3 0
-2.9 1.4 0.5
-3 1.4 0.5
-2.9 1.4 0
-3 1.4 0
-2.9 1.5 0.5
-3 1.5 0.5
-2.9 1.5 0
-3 1.5 0
-2.9 1.6 0.5
-3 1.6 0.5
-2.9 1.6 0
-3 1.6 0
-2.9 1.7 0.5
-3 1.7 0.5
-2.9 1.7 0
-3 1.7 0
-2.9 1.8 0.5
-3 1.8 0.5
-2.9 1.8 0
-3 1.8 0
-2.9 1.9 0.5
-3 1.9 0.5
-2.9 1.9 0
-3 1.9 0
-2.9 2 0.5
-3 2 0.5
-2.9 2 0
-3 2 0
-2.9 2.1 0.5
-3 2.1 0.5
-2.9 2.1 0
-3 2.1 0
-2.9 2.2 0.5
-3 2.2 0.5
-2.9 2.2 0
-3 2.2 0
-2.9 2.3 0.5
-3 2.3 0.5
-2.9 2.3 0
-3 2.3 0
-2.9 2.4 0.5
-3 2.4 0.5
-2.9 2.4 0
-3 2.4 0
-2.8 -2.4 0.5
-2.8 -2.3 0.5
-2.8 -2.4 0
-2.8 -2.3 0
-2.8 -2.2 0.5
-2.8 -2.2 0
-2.8 -2.1 0.5
-2.8 -2.1 0
-2.8 -2 0.5
-2.8 -2 0
-2.8 -1.9 0.5
-2.8 -1.9 0
-2.8 -1.8 0.5
-2.8 -1.8 0
-2.8 -1.7 0.5
-2.8 -1.7 0
-2.8 -1.6 0.5
-2.8 -1.6 0
-2.8 -1.5 0.5
-2.8 -1.5 0
-2.8 -1.4 0.5
-2.8 -1.4 0
-2.8 -1.3 0.5
-2.8 -1.3 0
-2.8 -1.2 0.5
-2.8 -1.2 0
-2.8 -1.1 0.5
-2.8 -1.1 0
-2.8 -1 0.5
-2.8 -1 0
-2.8 -0.9 0.5
-2.8 -0.9 0
-2.8 -0.8 0.5
-2.8 -0.8 0
-2.8 -0.7 0.5
-2.8 -0.7 0
-2.8 -0.6 0.5
-2.8 -0.6 0
-2.8 -0.5 0.5
-2.8 -0.5 0
-2.8 -0.4 0.5
-2.8 -0.4 0
-2.8 -0.3 0.5
-2.8 -0.3 0
-2.8 -0.2 0.5
-2.8 -0.2 0
-2.8 -0.1 0.5
-2.8 -0.1 0
-2.8 0 0.5
-2.8 0 0
-2.8 0.1 0.5
-2.8 0.1 0
-2.8 0.2 0.5
-2.8 0.2 0
-2.8 0.3 0.5
-2.8 0.3 0
-2.8 0.4 0.5
-2.8 0.4 0
-2.8 0.5 0.5
-2.8 0.5 0
-2.8 0.6 0.5
-2.8 0.6 0
-2.8 0.7 0.5
-2.8 0.7 0
-2.8 0.8 0.5
-2.8 0.8 0
-2.8 0.9 0.5
-2.8 0.9 0
-2.8 1 0.5
-2.8 1 0
-2.8 1.1 0.5
-2.8 1.1 0
-2.8 1.2 0.5
-2.8 1.2 0
-2.8 1.3 0.5
-2.8 1.3 0
-2.8 1.4 0.5
-2.8 1.4 0
-2.8 1.5 0.5
-2.8 1.5 0
-2.8 1.6 0.5
-2.8 1.6 0
-2.8 1.7 0.5
-2.8 1.7 0
-2.8 1.8 0.5
-2.8 1.8 0
-2.8 1.9 0.5
-2.8 1.9 0
-2.8 2 0.5
-2.8 2 0
-2.8 2.1 0.5
-2.8 2.1 0
-2.8 2.2 0.5
-2.8 2.2 0
-2.8 2.3 0.5
-2.8 2.3 0
-2.8 2.4 0.5
-2.8 2.4 0
-2.7 -2.4 0.5
-2.7 -2.3 0.5
-2.7 -2.4 0
-2.7 -2.3 0
-2.7 -2.2 0.5
-2.7 -2.2 0
-2.7 -2.1 0.5
-2.7 -2.1 0
-2.7 -2 0.5
-2.7 -2 0
-2.7 -1.9 0.5
-2.7 -1.9 0
-2.7 -1.8 0.5
-2.7 -1.8 0
-2.7 -1.7 0.5
-2.7 -1.7 0
-2.7 -1.6 0.5
-2.7 -1.6 0
-2.7 -1.5 0.5
-2.7 -1.5 0
-2.7 -1.4 0.5
-2.7 -1.4 0
-2.7 -1.3 0.5
-2.7 -1.3 0
-2.7 -1.2 0.5
-2.7 -1.2 0
-2.7 -1.1 0.5
-2.7 -1.1 0
-2.7 -1 0.5
-2.7 -1 0
-2.7 -0.9 0.5
-2.7 -0.9 0
-2.7 -0.8 0.5
-2.7 -0.8 0
-2.7 -0.7 0.5
-2.7 -0.7 0
-2.7 -0.6 0.5
-2.7 -0.6 0
-2.7 -0.5 0.5
-2.7 -0.5 0
-2.7 -0.4 0.5
-2.7 -0.4 0
-2.7 -0.3 0.5
-2.7 -0.3 0
-2.7 -0.2 0.5
-2.7 -0.2 0
-2.7 -0.1 0.5
-2.7 -0.1 0
-2.7 0 0.5
-2.7 0 0
-2.7 0.1 0.5
-2.7 0.1 0
-2.7 0.2 0.5
-2.7 0.2 0
-2.7 0.3 0.5
-2.7 0.3 0
-2.7 0.4 0.5
-2.7 0.4 0
-2.7 0.5 0.5
-2.7 0.5 0
-2.7 0.6 0.5
-2.7 0.6 0
-2.7 0.7 0.5
-2.7 0.7 0
-2.7 0.8 0.5
-2.7 0.8 0
-2.7 0.9 0.5
-2.7 0.9 0
-2.7 1 0.5
-2.7 1 0
-2.7 1.1 0.5
-2.7 1.1 0
-2.7 1.2 0.5
-2.7 1.2 0
-2.7 1.3 0.5
-2.7 1.3 0
-2.7 1.4 0.5
-2.7 1.4 0
-2.7 1.5 0.5
-2.7 1.5 0
-2.7 1.6 0.5
-2.7 1.6 0
-2.7 1.7 0.5
-2.7 1.7 0
-2.7 1.8 0.5
-2.7 1.8 0
-2.7 1.9 0.5
-2.7 1.9 0
-2.7 2 0.5
-2.7 2 0
-2.7 2.1 0.5
-2.7 2.1 0
-2.7 2.2 0.5
-2.7 2.2 0
-2.7 2.3 0.5
-2.7 2.3 0
-2.7 2.4 0.5
-2.7 2.4 0
-2.6 -2.4 0.5
-2.6 -2.3 0.5
-2.6 -2.4 0
-2.6 -2.3 0
-2.6 -2.2 0.5
-2.6 -2.2 0
-2.6 -2.1 0.5
-2.6 -2.1 0
-2.6 -2 0.5
-2.6 -2 0
-2.6 -1.9 0.5
-2.6 -1.9 0
-2.6 -1.8 0.5
-2.6 -1.8 0
-2.6 -1.7 0.5
-2.6 -1.7 0
-2.6 -1.6 0.5
-2.6 -1.6 0
-2.6 -1.5 0.5
-2.6 -1.5 0
-2.6 -1.4 0.5
-2.6 -1.4 0
-2.6 -1.3 0.5
-2.6 -1.3 0
-2.6 -1.2 0.5
-2.6 -1.2 0
-2.6 -1.1 0.5
-2.6 -1.1 0
-2.6 -1 0.5
-2.6 -1 0
-2.6 -0.9 0.5
-2.6 -0.9 0
-2.6 -0.8 0.5
-2.6 -0.8 0
-2.6 -0.7 0.5
-2.6 -0.7 0
-2.6 -0.6 0.5
-2.6 -0.6 0
-2.6 -0.5 0.5
-2.6 -0.5 0
-2.6 -0.4 0.5
-2.6 -0.4 0
-2.6 -0.3 0.5
-2.6 -0.3 0
-2.6 -0.2 0.5
-2.6 -0.2 0
-2.6 -0.1 0.5
-2.6 -0.1 0
-2.6 0 0.5
-2.6 0 0
-2.6 0.1 0.5
-2.6 0.1 0
-2.6 0.2 0.5
-2.6 0.2 0
-2.6 0.3 0.5
-2.6 0.3 0
-2.6 0.4 0.5
-2.6 0.4 0
-2.6 0.5 0.5
-2.6 0.5 0
-2.6 0.6 0.5
-2.6 0.6 0
-2.6 0.7 0.5
-2.6 0.7 0
-2.6 0.8 0.5
-2.6 0.8 0
-2.6 0.9 0.5
-2.6 0.9 0
-2.6 1 0.5
-2.6 1 0
-2.6 1.1 0.5
-2.6 1.1 0
-2.6 1.2 0.5
-2.6 1.2 0
-2.6 1.3 0.5
-2.6 1.3 0
-2.6 1.4 0.5
-2.6 1.4 0
-2.6 1.5 0.5
-2.6 1.5 0
-2.6 1.6 0.5
-2.6 1.6 0
-2.6 1.7 0.5
-2.6 1.7 0
-2.6 1.8 0.5
-2.6 1.8 0
-2.6 1.9 0.5
-2.6 1.9 0
-2.6 2 0.5
-2.6 2 0
-2.6 2.1 0.5
-2.6 2.1 0
-2.6 2.2 0.5
-2.6 2.2 0
-2.6 2.3 0.5
-2.6 2.3 0
-2.6 2.4 0.5
-2.6 2.4 0
-2.5 -2.4 0.5
-2.5 -2.3 0.5
-2.5 -2.4 0
-2.5 -2.3 0
-2.5 -2.2 0.5
-2.5 -2.2 0
-2.5 -2.1 0.5
-2.5 -2.1 0
-2.5 -2 0.5
-2.5 -2 0
-2.5 -1.9 0.5
-2.5 -1.9 0
-2.5 -1.8 0.5
-2.5 -1.8 0
-2.5 -1.7 0.5
-2.5 -1.7 0
-2.5 -1.6 0.5
-2.5 -1.6 0
-2.5 -1.5 0.5
-2.5 -1.5 0
-2.5 -1.4 0.5
-2.5 -1.4 0
-2.5 -1.3 0.5
-2.5 -1.3 0
-2.5 -1.2 0.5
-2.5 -1.2 0
-2.5 -1.1 0.5
-2.5 -1.1 0
-2.5 -1 0.5
-2.5 -1 0
-2.5 -0.9 0.5
-2.5 -0.9 0
-2.5 -0.8 0.5
-2.5 -0.8 0
-2.5 -0.7 0.5
-2.5 -0.7 0
-2.5 -0.6 0.5
-2.5 -0.6 0
-2.5 -0.5 0.5
-2.5 -0.5 0
-2.5 -0.4 0.5
-2.5 -0.4 0
-2.5 -0.3 0.5
-2.5 -0.3 0
-2.5 -0.2 0.5
-2.5 -0.2 0
-2.5 -0.1 0.5
-2.5 -0.1 0
-2.5 0 0.5
-2.5 0 0
-2.5 0.1 0.5
-2.5 0.1 0
-2.5 0.2 0.5
-2.5 0.2 0
-2.5 0.3 0.5
-2.5 0.3 0
-2.5 0.4 0.5
-2.5 0.4 0
-2.5 0.5 0.5
-2.5 0.5 0
-2.5 0.6 0.5
-2.5 0.6 0
-2.5 0.7 0.5
-2.5 0.7 0
-2.5 0.8 0.5
-2.5 0.8 0
-2.5 0.9 0.5
-2.5 0.9 0
-2.5 1 0.5
-2.5 1 0
-2.5 1.1 0.5
-2.5 1.1 0
-2.5 1.2 0.5
-2.5 1.2 0
-2.5 1.3 0.5
-2.5 1.3 0
-2.5 1.4 0.5
-2.5 1.4 0
-2.5 1.5 0.5
-2.5 1.5 0
-2.5 1.6 0.5
-2.5 1.6 0
-2.5 1.7 0.5
-2.5 1.7 0
-2.5 1.8 0.5
-2.5 1.8 0
-2.5 1.9 0.5
-2.5 1.9 0
-2.5 2 0.5
-2.5 2 0
-2.5 2.1 0.5
-2.5 2.1 0
-2.5 2.2 0.5
-2.5 2.2 0
-2.5 2.3 0.5
-2.5 2.3 0
-2.5 2.4 0.5
-2.5 2.4 0
-2.4 -2.4 0.5
-2.4 -2.3 0.5
-2.4 -2.4 0
-2.4 -2.3 0
-2.4 -2.2 0.5
-2.4 -2.2 0
-2.4 -2.1 0.5
-2.4 -2.1 0
-2.4 -2 0.5
-2.4 -2 0
-2.4 -1.9 0.5
-2.4 -1.9 0
-2.4 -1.8 0.5
-2.4 -1.8 0
-2.4 -1.7 0.5
-2.4 -1.7 0
-2.4 -1.6 0.5
-2.4 -1.6 0
-2.4 -1.5 0.5
-2.4 -1.5 0
-2.4 -1.4 0.5
-2.4 -1.4 0
-2.4 -1.3 0.5
-2.4 -1.3 0
-2.4 -1.2 0.5
-2.4 -1.2 0
-2.4 -1.1 0.5
-2.4 -1.1 0
-2.4 -1 0.5
-2.4 -1 0
-2.4 -0.9 0.5
-2.4 -0.9 0
-2.4 -0.8 0.5
-2.4 -0.8 0
-2.4 -0.7 0.5
-2.4 -0.7 0
-2.4 -0.6 0.5
-2.4 -0.6 0
-2.4 -0.5 0.5
-2.4 -0.5 0
-2.4 -0.4 0.5
-2.4 -0.4 0
-2.4 -0.3 0.5
-2.4 -0.3 0
-2.4 0.3 0.5
-2.4 0.4 0.5
-2.4 0.3 0
-2.4 0.4 0
-2.4 0.5 0.5
-2.4 0.5 0
-2.4 0.6 0.5
-2.4 0.6 0
-2.4 0.7 0.5
-2.4 0.7 0
-2.4 0.8 0.5
-2.4 0.8 0
-2.4 0.9 0.5
-2.4 0.9 0
-2.4 1 0.5
-2.4 1 0
-2.4 1.1 0.5
-2.4 1.1 0
-2.4 1.2 0.5
-2.4 1.2 0
-2.4 1.3 0.5
-2.4 1.3 0
-2.4 1.4 0.5
-2.4 1.4 0
-2.4 1.5 0.5
-2.4 1.5 0
-2.4 1.6 0.5
-2.4 1.6 0
-2.4 1.7 0.5
-2.4 1.7 0
-2.4 1.8 0.5
-2.4 1.8 0
-2.4 1.9 0.5
-2.4 1.9 0
-2.4 2 0.5
-2.4 2 0
-2.4 2.1 0.5
-2.4 2.1 0
-2.4 2.2 0.5
-2.4 2.2 0
-2.4 2.3 0.5
-2.4 2.3 0
-2.4 2.4 0.5
-2.4 2.4 0
-2.3 -2.4 0.5
-2.3 -2.3 0.5
-2.3 -2.4 0
-2.3 -2.3 0
-2.3 -2.2 0.5
-2.3 -2.2 0
-2.3 -2.1 0.5
-2.3 -2.1 0
-2.3 -2 0.5
-2.3 -2 0
-2.3 -1.9 0.5
-2.3 -1.9 0
-2.3 -1.8 0.5
-2.3 -1.8 0
-2.3 -1.7 0.5
-2.3 -1.7 0
-2.3 -1.6 0.5
-2.3 -1.6 0
-2.3 -1.5 0.5
-2.3 -1.5 0
-2.3 -1.4 0.5
-2.3 -1.4 0
-2.3 -1.3 0.5
-2.3 -1.3 0
-2.3 -1.2 0.5
-2.3 -1.2 0
-2.3 -1.1 0.5
-2.3 -1.1 0
-2.3 -1 0.5
-2.3 -1 0
-2.3 -0.9 0.5
-2.3 -0.9 0
-2.3 -0.8 0.5
-2.3 -0.8 0
-2.3 -0.7 0.5
-2.3 -0.7 0
-2.3 -0.6 0.5
-2.3 -0.6 0
-2.3 -0.5 0.5
-2.3 -0.5 0
-2.3 -0.4 0.5
-2.3 -0.4 0
-2.3 -0.3 0.5
-2.3 -0.3 0
-2.3 0.3 0.5
-2.3 0.4 0.5
-2.3 0.3 0
-2.3 0.4 0
-2.3 0.5 0.5
-2.3 0.5 0
-2.3 0.6 0.5
-2.3 0.6 0
-2.3 0.7 0.5
-2.3 0.7 0
-2.3 0.8 0.5
-2.3 0.8 0
-2.3 0.9 0.5
-2.3 0.9 0
-2.3 1 0.5
-2.3 1 0
-2.3 1.1 0.5
-2.3 1.1 0
-2.3 1.2 0.5
-2.3 1.2 0
-2.3 1.3 0.5
-2.3 1.3 0
-2.3 1.4 0.5
-2.3 1.4 0
-2.3 1.5 0.5
-2.3 1.5 0
-2.3 1.6 0.5
-2.3 1.6 0
-2.3 1.7 0.5
-2.3 1.7 0
-2.3 1.8 0.5
-2.3 1.8 0
-2.3 1.9 0.5
-2.3 1.9 0
-2.3 2 0.5
-2.3 2 0
-2.3 2.1 0.5
-2.3 2.1 0
-2.3 2.2 0.5
-2.3 2.2 0
-2.3 2.3 0.5
-2.3 2.3 0
-2.3 2.4 0.5
-2.3 2.4 0
-2.2 -2.4 0.5
-2.2 -2.3 0.5
-2.2 -2.4 0
-2.2 -2.3 0
-2.2 -2.2 0.5
-2.2 -2.2 0
-2.2 -2.1 0.5
-2.2 -2.1 0
-2.2 -2 0.5
-2.2 -2 0
-2.2 -1.9 0.5
-2.2 -1.9 0
-2.2 -1.8 0.5
-2.2 -1.8 0
-2.2 -1.7 0.5
-2.2 -1.7 0
-2.2 -1.6 0.5
-2.2 -1.6 0
-2.2 -1.5 0.5
-2.2 -1.5 0
-2.2 -1.4 0.5
-2.2 -1.4 0
-2.2 -1.3 0.5
-2.2 -1.3 0
-2.2 -1.2 0.5
-2.2 -1.2 0
-2.2 -1.1 0.5
-2.2 -1.1 0
-2.2 -1 0.5
-2.2 -1 0
-2.2 -0.9 0.5
-2.2 -0.9 0
-2.2 -0.8 0.5
-2.2 -0.8 0
-2.2 -0.7 0.5
-2.2 -0.7 0
-2.2 -0.6 0.5
-2.2 -0.6 0
-2.2 -0.5 0.5
-2.2 -0.5 0
-2.2 -0.4 0.5
-2.2 -0.4 0
-2.2 -0.3 0.5
-2.2 -0.3 0
-2.2 0.3 0.5
-2.2 0.4 0.5
-2.2 0.3 0
-2.2 0.4 0
-2.2 0.5 0.5
-2.2 0.5 0
-2.2 0.6 0.5
-2.2 0.6 0
-2.2 0.7 0.5
-2.2 0.7 0
-2.2 0.8 0.5
-2.2 0.8 0
-2.2 0.9 0.5
-2.2 0.9 0
-2.2 1 0.5
-2.2 1 0
-2.2 1.1 0.5
-2.2 1.1 0
-2.2 1.2 0.5
-2.2 1.2 0
-2.2 1.3 0.5
-2.2 1.3 0
-2.2 1.4 0.5
-2.2 1.4 0
-2.2 1.5 0.5
-2.2 1.5 0
-2.2 1.6 0.5
-2.2 1.6 0
-2.2 1.7 0.5
-2.2 1.7 0
-2.2 1.8 0.5
-2.2 1.8 0
-2.2 1.9 0.5
-2.2 1.9 0
-2.2 2 0.5
-2.2 2 0
-2.2 2.1 0.5
-2.2 2.1 0
-2.2 2.2 0.5
-2.2 2.2 0
-2.2 2.3 0.5
-2.2 2.3 0
-2.2 2.4 0.5
-2.2 2.4 0
-2.1 -2.4 0.5
-2.1 -2.3 0.5
-2.1 -2.4 0
-2.1 -2.3 0
-2.1 -2.2 0.5
-2.1 -2.2 0
-2.1 -2.1 0.5
-2.1 -2.1 0
-2.1 -2 0.5
-2.1 -2 0
-2.1 -1.9 0.5
-2.1 -1.9 0
-2.1 -1.8 0.5
-2.1 -1.8 0
-2.1 -1.7 0.5
-2.1 -1.7 0
-2.1 -1.6 0.5
-2.1 -1.6 0
-2.1 -1.5 0.5
-2.1 -1.5 0
-2.1 -1.4 0.5
-2.1 -1.4 0
-2.1 -1.3 0.5
-2.1 -1.3 0
-2.1 -1.2 0.5
-2.1 -1.2 0
-2.1 -1.1 0.5
-2.1 -1.1 0
-2.1 -1 0.5
-2.1 -1 0
-2.1 -0.9 0.5
-2.1 -0.9 0
-2.1 -0.8 0.5
-2.1 -0.8 0
-2.1 -0.7 0.5
-2.1 -0.7 0
-2.1 -0.6 0.5
-2.1 -0.6 0
-2.1 -0.5 0.5
-2.1 -0.5 0
-2.1 -0.4 0.5
-2.1 -0.4 0
-2.1 -0.3 0.5
-2.1 -0.3 0
-2.1 0.3 0.5
-2.1 0.4 0.5
-2.1 0.3 0
-2.1 0.4 0
-2.1 0.5 0.5
-2.1 0.5 0
-2.1 0.6 0.5
-2.1 0.6 0
-2.1 0.7 0.5
-2.1 0.7 0
-2.1 0.8 0.5
-2.1 0.8 0
-2.1 0.9 0.5
-2.1 0.9 0
-2.1 1 0.5
-2.1 1 0
-2.1 1.1 0.5
-2.1 1.1 0
-2.1 1.2 0.5
-2.1 1.2 0
-2.1 1.3 0.5
-2.1 1.3 0
-2.1 1.4 0.5
-2.1 1.4 0
-2.1 1.5 0.5
-2.1 1.5 0
-2.1 1.6 0.5
-2.1 1.6 0
-2.1 1.7 0.5
-2.1 1.7 0
-2.1 1.8 0.5
-2.1 1.8 0
-2.1 1.9 0.5
-2.1 1.9 0
-2.1 2 0.5
-2.1 2 0
-2.1 2.1 0.5
-2.1 2.1 0
-2.1 2.2 0.5
-2.1 2.2 0
-2.1 2.3 0.5
-2.1 2.3 0
-2.1 2.4 0.5
-2.1 2.4 0
-2 -2.4 0.5
-2 -2.3 0.5
-2 -2.4 0
-2 -2.3 0
-2 -2.2 0.5
-2 -2.2 0
-2 -2.1 0.5
-2 -2.1 0
-2 -2 0.5
-2 -2 0
-2 -1.9 0.5
-2 -1.9 0
-2 -1.8 0.5
-2 -1.8 0
-2 -1.7 0.5
-2 -1.7 0
-2 -1.6 0.5
-2 -1.6 0
-2 -1.5 0.5
-2 -1.5 0
-2 -1.4 0.5
-2 -1.4 0
-2 -1.3 0.5
-2 -1.3 0
-2 -1.2 0.5
-2 -1.2 0
-2 -1.1 0.5
-2 -1.1 0
-2 -1 0.5
-2 -1 0
-2 -0.9 0.5
-2 -0.9 0
-2 -0.8 0.5
-2 -0.8 0
-2 -0.7 0.5
-2 -0.7 0
-2 -0.6 0.5
-2 -0.6 0
-2 -0.5 0.5
-2 -0.5 0
-2 -0.4 0.5
-2 -0.4 0
-2 -0.3 0.5
-2 -0.3 0
-2 0.3 0.5
-2 0.4 0.5
-2 0.3 0
-2 0.4 0
-2 0.5 0.5
-2 0.5 0
-2 0.6 0.5
-2 0.6 0
-2 0.7 0.5
-2 0.7 0
-2 0.8 0.5
-2 0.8 0
-2 0.9 0.5
-2 0.9 0
-2 1 0.5
-2 1 0
-2 1.1 0.5
-2 1.1 0
-2 1.2 0.5
-2 1.2 0
-2 1.3 0.5
-2 1.3 0
-2 1.4 0.5
-2 1.4 0
-2 1.5 0.5
-2 1.5 0
-2 1.6 0.5
-2 1.6 0
-2 1.7 0.5
-2 1.7 0
-2 1.8 0.5
-2 1.8 0
-2 1.9 0.5
-2 1.9 0
-2 2 0.5
-2 2 0
-2 2.1 0.5
-2 2.1 0
-2 2.2 0.5
-2 2.2 0
-2 2.3 0.5
-2 2.3 0
-2 2.4 0.5
-2 2.4 0
-1.9 -2.4 0.5
-1.9 -2.3 0.5
-1.9 -2.4 0
-1.9 -2.3 0
-1.9 -2.2 0.5
-1.9 -2.2 0
-1.9 -2.1 0.5
-1.9 -2.1 0
-1.9 -2 0.5
-1.9 -2 0
-1.9 -1.9 0.5
-1.9 -1.9 0
-1.9 -1.8 0.5
-1.9 -1.8 0
-1.9 -1.7 0.5
-1.9 -1.7 0
-1.9 -1.6 0.5
-1.9 -1.6 0
-1.9 -1.5 0.5
-1.9 -1.5 0
-1.9 -1.4 0.5
-1.9 -1.4 0
-1.9 -1.3 0.5
-1.9 -1.3 0
-1.9 -1.2 0.5
-1.9 -1.2 0
-1.9 -1.1 0.5
-1.9 -1.1 0
-1.9 -1 0.5
-1.9 -1 0
-1.9 -0.9 0.5
-1.9 -0.9 0
-1.9 -0.8 0.5
-1.9 -0.8 0
-1.9 -0.7 0.5
-1.9 -0.7 0
-1.9 -0.6 0.5
-1.9 -0.6 0
-1.9 -0.5 0.5
-1.9 -0.5 0
-1.9 -0.4 0.5
-1.9 -0.4 0
-1.9 -0.3 0.5
-1.9 -0.3 0
-1.9 0.3 0.5
-1.9 0.4 0.5
-1.9 0.3 0
-1.9 0.4 0
-1.9 0.5 0.5
-1.9 0.5 0
-1.9 0.6 0.5
-1.9 0.6 0
-1.9 0.7 0.5
-1.9 0.7 0
-1.9 0.8 0.5
-1.9 0.8 0
-1.9 0.9 0.5
-1.9 0.9 0
-1.9 1 0.5
-1.9 1 0
-1.9 1.1 0.5
-1.9 1.1 0
-1.9 1.2 0.5
-1.9 1.2 0
-1.9 1.3 0.5
-1.9 1.3 0
-1.9 1.4 0.5
-1.9 1.4 0
-1.9 1.5 0.5
-1.9 1.5 0
-1.9 1.6 0.5
-1.9 1.6 0
-1.9 1.7 0.5
-1.9 1.7 0
-1.9 1.8 0.5
-1.9 1.8 0
-1.9 1.9 0.5
-1.9 1.9 0
-1.9 2 0.5
-1.9 2 0
-1.9 2.1 0.5
-1.9 2.1 0
-1.9 2.2 0.5
-1.9 2.2 0
-1.9 2.3 0.5
-1.9 2.3 0
-1.9 2.4 0.5
-1.9 2.4 0
-1.8 -2.4 0.5
-1.8 -2.3 0.5
-1.8 -2.4 0
-1.8 -2.3 0
-1.8 -2.2 0.5
-1.8 -2.2 0
-1.8 -2.1 0.5
-1.8 -2.1 0
-1.8 -2 0.5
-1.8 -2 0
-1.8 -1.9 0.5
-1.8 -1.9 0
-1.8 -1.8 0.5
-1.8 -1.8 0
-1.8 -1.7 0.5
-1.8 -1.7 0
-1.8 -1.6 0.5
-1.8 -1.6 0
-1.8 -1.5 0.5
-1.8 -1.5 0
-1.8 -1.4 0.5
-1.8 -1.4 0
-1.8 -1.3 0.5
-1.8 -1.3 0
-1.8 -1.2 0.5
-1.8 -1.2 0
-1.8 -1.1 0.5
-1.8 -1.1 0
-1.8 -1 0.5
-1.8 -1 0
-1.8 -0.9 0.5
-1.8 -0.9 0
-1.8 -0.8 0.5
-1.8 -0.8 0
-1.8 -0.7 0.5
-1.8 -0.7 0
-1.8 -0.6 0.5
-1.8 -0.6 0
-1.8 -0.5 0.5
-1.8 -0.5 0
-1.8 -0.4 0.5
-1.8 -0.4 0
-1.8 -0.3 0.5
-1.8 -0.3 0
-1.8 -0.2 0.5
-1.9 -0.2 0.5
-1.8 -0.2 0
-1.9 -0.2 0
-1.8 -0.1 0.5
-1.9 -0.1 0.5
-1.8 -0.1 0
-1.9 -0.1 0
-1.8 0 0.5
-1.9 0 0.5
-1.8 0 0
-1.9 0 0
-1.8 0.1 0.5
-1.9 0.1 0.5
-1.8 0.1 0
-1.9 0.1 0
-1.8 0.2 0.5
-1.9 0.2 0.5
-1.8 0.2 0
-1.9 0.2 0
-1.8 0.3 0.5
-1.8 0.3 0
-1.8 0.4 0.5
-1.8 0.4 0
-1.8 0.5 0.5
-1.8 0.5 0
-1.8 0.6 0.5
-1.8 0.6 0
-1.8 0.7 0.5
-1.8 0.7 0
-1.8 0.8 0.5
-1.8 0.8 0
-1.8 0.9 0.5
-1.8 0.9 0
-1.8 1 0.5
-1.8 1 0
-1.8 1.1 0.5
-1.8 1.1 0
-1.8 1.2 0.5
-1.8 1.2 0
-1.8 1.3 0.5
-1.8 1.3 0
-1.8 1.4 0.5
-1.8 1.4 0
-1.8 1.5 0.5
-1.8 1.5 0
-1.8 1.6 0.5
-1.8 1.6 0
-1.8 1.7 0.5
-1.8 1.7 0
-1.8 1.8 0.5
-1.8 1.8 0
-1.8 1.9 0.5
-1.8 1.9 0
-1.8 2 0.5
-1.8 2 0
-1.8 2.1 0.5
-1.8 2.1 0
-1.8 2.2 0.5
-1.8 2.2 0
-1.8 2.3 0.5
-1.8 2.3 0
-1.8 2.4 0.5
-1.8 2.4 0
-1.7 -2.4 0.5
-1.7 -2.3 0.5
-1.7 -2.4 0
-1.7 -2.3 0
-1.7 -2.2 0.5
-1.7 -2.2 0
-1.7 -2.1 0.5
-1.7 -2.1 0
-1.7 -2 0.5
-1.7 -2 0
-1.7 -1.9 0.5
-1.7 -1.9 0
-1.7 -1.8 0.5
-1.7 -1.8 0
-1.7 -1.7 0.5
-1.7 -1.7 0
-1.7 -1.6 0.5
-1.7 -1.6 0
-1.7 -1.5 0.5
-1.7 -1.5 0
-1.7 -1.4 0.5
-1.7 -1.4 0
-1.7 -1.3 0.5
-1.7 -1.3 0
-1.7 -1.2 0.5
-1.7 -1.2 0
-1.7 -1.1 0.5
-1.7 -1.1 0
-1.7 -1 0.5
-1.7 -1 0
-1.7 -0.9 0.5
-1.7 -0.9 0
-1.7 -0.8 0.5
-1.7 -0.8 0
-1.7 -0.7 0.5
-1.7 -0.7 0
-1.7 -0.6 0.5
-1.7 -0.6 0
-1.7 -0.5 0.5
-1.7 -0.5 0
-1.7 -0.4 0.5
-1.7 -0.4 0
-1.7 -0.3 0.5
-1.7 -0.3 0
-1.7 -0.2 0.5
-1.7 -0.2 0
-1.7 -0.1 0.5
-1.7 -0.1 0
-1.7 0 0.5
-1.7 0 0
-1.7 0.1 0.5
-1.7 0.1 0
-1.7 0.2 0.5
-1.7 0.2 0
-1.7 0.3 0.5
-1.7 0.3 0
-1.7 0.4 0.5
-1.7 0.4 0
-1.7 0.5 0.5
-1.7 0.5 0
-1.7 0.6 0.5
-1.7 0.6 0
-1.7 0.7 0.5
-1.7 0.7 0
-1.7 0.8 0.5
-1.7 0.8 0
-1.7 0.9 0.5
-1.7 0.9 0
-1.7 1 0.5
-1.7 1 0
-1.7 1.1 0.5
-1.7 1.1 0
-1.7 1.2 0.5
-1.7 1.2 0
-1.7 1.3 0.5
-1.7 1.3 0
-1.7 1.4 0.5
-1.7 1.4 0
-1.7 1.5 0.5
-1.7 1.5 0
-1.7 1.6 0.5
-1.7 1.6 0
-1.7 1.7 0.5
-1.7 1.7 0
-1.7 1.8 0.5
-1.7 1.8 0
-1.7 1.9 0.5
-1.7 1.9 0
-1.7 2 0.5
-1.7 2 0
-1.7 2.1 0.5
-1.7 2.1 0
-1.7 2.2 0.5
-1.7 2.2 0
-1.7 2.3 0.5
-1.7 2.3 0
-1.7 2.4 0.5
-1.7 2.4 0
-1.6 -2.4 0.5
-1.6 -2.3 0.5
-1.6 -2.4 0
-1.6 -2.3 0
-1.6 -2.2 0.5
-1.6 -2.2 0
-1.6 -2.1 0.5
-1.6 -2.1 0
-1.6 -2 0.5
-1.6 -2 0
-1.6 -1.9 0.5
-1.6 -1.9 0
-1.6 -1.8 0.5
-1.6 -1.8 0
-1.6 -1.7 0.5
-1.6 -1.7 0
-1.6 -1.6 0.5
-1.6 -1.6 0
-1.6 -1.5 0.5
-1.6 -1.5 0
-1.6 -1.4 0.5
-1.6 -1.4 0
-1.6 -1.3 0.5
-1.6 -1.3 0
-1.6 -1.2 0.5
-1.6 -1.2 0
-1.6 -1.1 0.5
-1.6 -1.1 0
-1.6 -1 0.5
-1.6 -1 0
-1.6 -0.9 0.5
-1.6 -0.9 0
-1.6 -0.8 0.5
-1.6 -0.8 0
-1.6 -0.7 0.5
-1.6 -0.7 0
-1.6 -0.6 0.5
-1.6 -0.6 0
-1.6 -0.5 0.5
-1.6 -0.5 0
-1.6 -0.4 0.5
-1.6 -0.4 0
-1.6 -0.3 0.5
-1.6 -0.3 0
-1.6 -0.2 0.5
-1.6 -0.2 0
-1.6 -0.1 0.5
-1.6 -0.1 0
-1.6 0 0.5
-1.6 0 0
-1.6 0.1 0.5
-1.6 0.1 0
-1.6 0.2 0.5
-1.6 0.2 0
-1.6 0.3 0.5
-1.6 0.3 0
-1.6 0.4 0.5
-1.6 0.4 0
-1.6 0.5 0.5
-1.6 0.5 0
-1.6 0.6 0.5
-1.6 0.6 0
-1.6 0.7 0.5
-1.6 0.7 0
-1.6 0.8 0.5
-1.6 0.8 0
-1.6 0.9 0.5
-1.6 0.9 0
-1.6 1 0.5
-1.6 1 0
-1.6 1.1 0.5
-1.6 1.1 0
-1.6 1.2 0.5
-1.6 1.2 0
-1.6 1.3 0.5
-1.6 1.3 0
-1.6 1.4 0.5
-1.6 1.4 0
-1.6 1.5 0.5
-1.6 1.5 0
-1.6 1.6 0.5
-1.6 1.6 0
-1.6 1.7 0.5
-1.6 1.7 0
-1.6 1.8 0.5
-1.6 1.8 0
-1.6 1.9 0.5
-1.6 1.9 0
-1.6 2 0.5
-1.6 2 0
-1.6 2.1 0.5
-1.6 2.1 0
-1.6 2.2 0.5
-1.6 2.2 0
-1.6 2.3 0.5
-1.6 2.3 0
-1.6 2.4 0.5
-1.6 2.4 0
-1.5 -2.4 0.5
-1.5 -2.3 0.5
-1.5 -2.4 0
-1.5 -2.3 0
-1.5 -2.2 0.5
-1.5 -2.2 0
-1.5 -2.1 0.5
-1.5 -2.1 0
-1.5 -2 0.5
-1.5 -2 0
-1.5 -1.9 0.5
-1.5 -1.9 0
-1.5 -1.8 0.5
-1.5 -1.8 0
-1.5 -1.7 0.5
-1.5 -1.7 0
-1.5 -1.6 0.5
-1.5 -1.6 0
-1.5 -1.5 0.65
-1.5 -1.5 0
-1.5 -1.4 0.65
-1.5 -1.4 0
-1.5 -1.3 0.65
-1.5 -1.3 0
-1.5 -1.2 0.65
-1.5 -1.2 0
-1.5 -1.1 0.65
-1.5 -1.1 0
-1.5 -1 0.65
-1.5 -1 0
-1.5 -0.9 0.65
-1.5 -0.9 0
-1.5 -0.8 0.65
-1.5 -0.8 0
-1.5 -0.7 0.65
-1.5 -0.7 0
-1.5 -0.6 0.65
-1.5 -0.6 0
-1.5 -0.5 0.65
-1.5 -0.5 0
-1.5 -0.4 0.65
-1.5 -0.4 0
-1.5 -0.3 0.65
-1.5 -0.3 0
-1.5 -0.2 0.65
-1.5 -0.2 0
-1.5 -0.1 0.65
-1.5 -0.1 0
-1.5 0 0.65
-1.5 0 0
-1.5 0.1 0.65
-1.5 0.1 0
-1.5 0.2 0.65
-1.5 0.2 0
-1.5 0.3 0.65
-1.5 0.3 0
-1.5 0.4 0.65
-1.5 0.4 0
-1.5 0.5 0.65
-1.5 0.5 0
-1.5 0.6 0.65
-1.5 0.6 0
-1.5 0.7 0.65
-1.5 0.7 0
-1.5 0.8 0.65
-1.5 0.8 0
-1.5 0.9 0.65
-1.5 0.9 0
-1.5 1 0.65
-1.5 1 0
-1.5 1.1 0.65
-1.5 1.1 0
-1.5 1.2 0.65
-1.5 1.2 0
-1.5 1.3 0.65
-1.5 1.3 0
-1.5 1.4 0.65
-1.5 1.4 0
-1.5 1.5 0.65
-1.5 1.5 0
-1.5 1.6 0.5
-1.5 1.6 0
-1.5 1.7 0.5
-1.5 1.7 0
-1.5 1.8 0.5
-1.5 1.8 0
-1.5 1.9 0.5
-1.5 1.9 0
-1.5 2 0.5
-1.5 2 0
-1.5 2.1 0.5
-1.5 2.1 0
-1.5 2.2 0.5
-1.5 2.2 0
-1.5 2.3 0.5
-1.5 2.3 0
-1.5 2.4 0.5
-1.5 2.4 0
-1.4 -2.4 0.5
-1.4 -2.3 0.5
-1.4 -2.4 0
-1.4 -2.3 0
-1.4 -2.2 0.5
-1.4 -2.2 0
-1.4 -2.1 0.5
-1.4 -2.1 0
-1.4 -2 0.5
-1.4 -2 0
-1.4 -1.9 0.5
-1.4 -1.9 0
-1.4 -1.8 0.5
-1.4 -1.8 0
-1.4 -1.7 0.5
-1.4 -1.7 0
-1.4 -1.6 0.5
-1.4 -1.6 0
-1.4 -1.5 0.65
-1.4 -1.5 0
-1.4 -1.4 0.8
-1.4 -1.4 0
-1.4 -1.3 0.8
-1.4 -1.3 0
-1.4 -1.2 0.8
-1.4 -1.2 0
-1.4 -1.1 0.8
-1.4 -1.1 0
-1.4 -1 0.8
-1.4 -1 0
-1.4 -0.9 0.8
-1.4 -0.9 0
-1.4 -0.8 0.8
-1.4 -0.8 0
-1.4 -0.7 0.8
-1.4 -0.7 0
-1.4 -0.6 0.8
-1.4 -0.6 0
-1.4 -0.5 0.8
-1.4 -0.5 0
-1.4 -0.4 0.8
-1.4 -0.4 0
-1.4 -0.3 0.8
-1.4 -0.3 0
-1.4 -0.2 0.8
-1.4 -0.2 0
-1.4 -0.1 0.8
-1.4 -0.1 0
-1.4 0 0.8
-1.4 0 0
-1.4 0.1 0.8
-1.4 0.1 0
-1.4 0.2 0.8
-1.4 0.2 0
-1.4 0.3 0.8
-1.4 0.3 0
-1.4 0.4 0.8
-1.4 0.4 0
-1.4 0.5 0.8
-1.4 0.5 0
-1.4 0.6 0.8
-1.4 0.6 0
-1.4 0.7 0.8
-1.4 0.7 0
-1.4 0.8 0.8
-1.4 0.8 0
-1.4 0.9 0.8
-1.4 0.9 0
-1.4 1 0.8
-1.4 1 0
-1.4 1.1 0.8
-1.4 1.1 0
-1.4 1.2 0.8
-1.4 1.2 0
-1.4 1.3 0.8
-1.4 1.3 0
-1.4 1.4 0.8
-1.4 1.4 0
-1.4 1.5 0.65
-1.4 1.5 0
-1.4 1.6 0.5
-1.4 1.6 0
-1.4 1.7 0.5
-1.4 1.7 0
-1.4 1.8 0.5
-1.4 1.8 0
-1.4 1.9 0.5
-1.4 1.9 0
-1.4 2 0.5
-1.4 2 0
-1.4 2.1 0.5
-1.4 2.1 0
-1.4 2.2 0.5
-1.4 2.2 0
-1.4 2.3 0.5
-1.4 2.3 0
-1.4 2.4 0.5
-1.4 2.4 0
-1.3 -2.4 0.5
-1.3 -2.3 0.5
-1.3 -2.4 0
-1.3 -2.3 0
-1.3 -2.2 0.5
-1.3 -2.2 0
-1.3 -2.1 0.5
-1.3 -2.1 0
-1.3 -2 0.5
-1.3 -2 0
-1.3 -1.9 0.5
-1.3 -1.9 0
-1.3 -1.8 0.5
-1.3 -1.8 0
-1.3 -1.7 0.5
-1.3 -1.7 0
-1.3 -1.6 0.5
-1.3 -1.6 0
-1.3 -1.5 0.65
-1.3 -1.5 0
-1.3 -1.4 0.8
-1.3 -1.4 0
-1.3 -1.3 0.95
-1.3 -1.3 0
-1.3 -1.2 0.95
-1.3 -1.2 0
-1.3 -1.1 0.95
-1.3 -1.1 0
-1.3 -1 0.95
-1.3 -1 0
-1.3 -0.9 0.95
-1.3 -0.9 0
-1.3 -0.8 0.95
-1.3 -0.8 0
-1.3 -0.7 0.95
-1.3 -0.7 0
-1.3 -0.6 0.95
-1.3 -0.6 0
-1.3 -0.5 0.95
-1.3 -0.5 0
-1.3 -0.4 0.95
-1.3 -0.4 0
-1.3 -0.3 0.95
-1.3 -0.3 0
-1.3 -0.2 0.95
-1.3 -0.2 0
-1.3 -0.1 0.95
-1.3 -0.1 0
-1.3 0 0.95
-1.3 0 0
-1.3 0.1 0.95
-1.3 0.1 0
-1.3 0.2 0.95
-1.3 0.2 0
-1.3 0.3 0.95
-1.3 0.3 0
-1.3 0.4 0.95
-1.3 0.4 0
-1.3 0.5 0.95
-1.3 0.5 0
-1.3 0.6 0.95
-1.3 0.6 0
-1.3 0.7 0.95
-1.3 0.7 0
-1.3 0.8 0.95
-1.3 0.8 0
-1.3 0.9 0.95
-1.3 0.9 0
-1.3 1 0.95
-1.3 1 0
-1.3 1.1 0.95
-1.3 1.1 0
-1.3 1.2 0.95
-1.3 1.2 0
-1.3 1.3 0.95
-1.3 1.3 0
-1.3 1.4 0.8
-1.3 1.4 0
-1.3 1.5 0.65
-1.3 1.5 0
-1.3 1.6 0.5
-1.3 1.6 0
-1.3 1.7 0.5
-1.3 1.7 0
-1.3 1.8 0.5
-1.3 1.8 0
-1.3 1.9 0.5
-1.3 1.9 0
-1.3 2 0.5
-1.3 2 0
-1.3 2.1 0.5
-1.3 2.1 0
-1.3 2.2 0.5
-1.3 2.2 0
-1.3 2.3 0.5
-1.3 2.3 0
-1.3 2.4 0.5
-1.3 2.4 0
-1.2 -2.4 0.5
-1.2 -2.3 0.5
-1.2 -2.4 0
-1.2 -2.3 0
-1.2 -2.2 0.5
-1.2 -2.2 0
-1.2 -2.1 0.5
-1.2 -2.1 0
-1.2 -2 0.5
-1.2 -2 0
-1.2 -1.9 0.5
-1.2 -1.9 0
-1.2 -1.8 0.5
-1.2 -1.8 0
-1.2 -1.7 0.5
-1.2 -1.7 0
-1.2 -1.6 0.5
-1.2 -1.6 0
-1.2 -1.5 0.65
-1.2 -1.5 0
-1.2 -1.4 0.8
-1.2 -1.4 0
-1.2 -1.3 0.95
-1.2 -1.3 0
-1.2 -1.2 1.1
-1.2 -1.2 0
-1.2 -1.1 1.1
-1.2 -1.1 0
-1.2 -1 1.1
-1.2 -1 0
-1.2 -0.9 1.1
-1.2 -0.9 0
-1.2 -0.8 1.1
-1.2 -0.8 0
-1.2 -0.7 1.1
-1.2 -0.7 0
-1.2 -0.6 1.1
-1.2 -0.6 0
-1.2 -0.5 1.1
-1.2 -0.5 0
-1.2 -0.4 1.1
-1.2 -0.4 0
-1.2 -0.3 1.1
-1.2 -0.3 0
-1.2 -0.2 1.1
-1.2 -0.2 0
-1.2 -0.1 1.1
-1.2 -0.1 0
-1.2 0 1.1
-1.2 0 0
-1.2 0.1 1.1
-1.2 0.1 0
-1.2 0.2 1.1
-1.2 0.2 0
-1.2 0.3 1.1
-1.2 0.3 0
-1.2 0.4 1.1
-1.2 0.4 0
-1.2 0.5 1.1
-1.2 0.5 0
-1.2 0.6 1.1
-1.2 0.6 0
-1.2 0.7 1.1
-1.2 0.7 0
-1.2 0.8 1.1
-1.2 0.8 0
-1.2 0.9 1.1
-1.2 0.9 0
-1.2 1 1.1
-1.2 1 0
-1.2 1.1 1.1
-1.2 1.1 0
-1.2 1.2 1.1
-1.2 1.2 0
-1.2 1.3 0.95
-1.2 1.3 0
-1.2 1.4 0.8
-1.2 1.4 0
-1.2 1.5 0.65
-1.2 1.5 0
-1.2 1.6 0.5
-1.2 1.6 0
-1.2 1.7 0.5
-1.2 1.7 0
-1.2 1.8 0.5
-1.2 1.8 0
-1.2 1.9 0.5
-1.2 1.9 0
-1.2 2 0.5
-1.2 2 0
-1.2 2.1 0.5
-1.2 2.1 0
-1.2 2.2 0.5
-1.2 2.2 0
-1.2 2.3 0.5
-1.2 2.3 0
-1.2 2.4 0.5
-1.2 2.4 0
-1.1 -2.4 0.5
-1.1 -2.3 0.5
-1.1 -2.4 0
-1.1 -2.3 0
-1.1 -2.2 0.5
-1.1 -2.2 0
-1.1 -2.1 0.5
-1.1 -2.1 0
-1.1 -2 0.5
-1.1 -2 0
-1.1 -1.9 0.5
-1.1 -1.9 0
-1.1 -1.8 0.5
-1.1 -1.8 0
-1.1 -1.7 0.5
-1.1 -1.7 0
-1.1 -1.6 0.5
-1.1 -1.6 0
-1.1 -1.5 0.65
-1.1 -1.5 0
-1.1 -1.4 0.8
-1.1 -1.4 0
-1.1 -1.3 0.95
-1.1 -1.3 0
-1.1 -1.2 1.1
-1.1 -1.2 0
-1.1 -1.1 1.25
-1.1 -1.1 0
-1.1 -1 1.25
-1.1 -1 0
-1.1 -0.9 1.25
-1.1 -0.9 0
-1.1 -0.8 1.25
-1.1 -0.8 0
-1.1 -0.7 1.25
-1.1 -0.7 0
-1.1 -0.6 1.25
-1.1 -0.6 0
-1.1 -0.5 1.25
-1.1 -0.5 0
-1.1 -0.4 1.25
-1.1 -0.4 0
-1.1 -0.3 1.25
-1.1 -0.3 0
-1.1 -0.2 1.25
-1.1 -0.2 0
-1.1 -0.1 1.25
-1.1 -0.1 0
-1.1 0 1.25
-1.1 0 0
-1.1 0.1 1.25
-1.1 0.1 0
-1.1 0.2 1.25
-1.1 0.2 0
-1.1 0.3 1.25
-1.1 0.3 0
-1.1 0.4 1.25
-1.1 0.4 0
-1.1 0.5 1.25
-1.1 0.5 0
-1.1 0.6 1.25
-1.1 0.6 0
-1.1 0.7 1.25
-1.1 0.7 0
-1.1 0.8 1.25
-1.1 0.8 0
-1.1 0.9 1.25
-1.1 0.9 0
-1.1 1 1.25
-1.1 1 0
-1.1 1.1 1.25
-1.1 1.1 0
-1.1 1.2 1.1
-1.1 1.2 0
-1.1 1.3 0.95
-1.1 1.3 0
-1.1 1.4 0.8
-1.1 1.4 0
-1.1 1.5 0.65
-1.1 1.5 0
-1.1 1.6 0.5
-1.1 1.6 0
-1.1 1.7 0.5
-1.1 1.7 0
-1.1 1.8 0.5
-1.1 1.8 0
-1.1 1.9 0.5
-1.1 1.9 0
-1.1 2 0.5
-1.1 2 0
-1.1 2.1 0.5
-1.1 2.1 0
-1.1 2.2 0.5
-1.1 2.2 0
-1.1 2.3 0.5
-1.1 2.3 0
-1.1 2.4 0.5
-1.1 2.4 0
-1 -2.4 0.5
-1 -2.3 0.5
-1 -2.4 0
-1 -2.3 0
-1 -2.2 0.5
-1 -2.2 0
-1 -2.1 0.5
-1 -2.1 0
-1 -2 0.5
-1 -2 0
-1 -1.9 0.5
-1 -1.9 0
-1 -1.8 0.5
-1 -1.8 0
-1 -1.7 0.5
-1 -1.7 0
-1 -1.6 0.5
-1 -1.6 0
-1 -1.5 0.65
-1 -1.5 0
-1 -1.4 0.8
-1 -1.4 0
-1 -1.3 0.95
-1 -1.3 0
-1 -1.2 1.1
-1 -1.2 0
-1 -1.1 1.25
-1 -1.1 0
-1 -1 1.4
-1 -1 0
-1 -0.9 1.4
-1 -0.9 0
-1 -0.8 1.4
-1 -0.8 0
-1 -0.7 1.4
-1 -0.7 0
-1 -0.6 1.4
-1 -0.6 0
-1 -0.5 1.4
-1 -0.5 0
-1 -0.4 1.4
-1 -0.4 0
-1 -0.3 1.4
-1 -0.3 0
-1 -0.2 1.4
-1 -0.2 0
-1 -0.1 1.4
-1 -0.1 0
-1 0 1.4
-1 0 0
-1 0.1 1.4
-1 0.1 0
-1 0.2 1.4
-1 0.2 0
-1 0.3 1.4
-1 0.3 0
-1 0.4 1.4
-1 0.4 0
-1 0.5 1.4
-1 0.5 0
-1 0.6 1.4
-1 0.6 0
-1 0.7 1.4
-1 0.7 0
-1 0.8 1.4
-1 0.8 0
-1 0.9 1.4
-1 0.9 0
-1 1 1.4
-1 1 0
-1 1.1 1.25
-1 1.1 0
-1 1.2 1.1
-1 1.2 0
-1 1.3 0.95
-1 1.3 0
-1 1.4 0.8
-1 1.4 0
-1 1.5 0.65
-1 1.5 0
-1 1.6 0.5
-1 1.6 0
-1 1.7 0.5
-1 1.7 0
-1 1.8 0.5
-1 1.8 0
-1 1.9 0.5
-1 1.9 0
-1 2 0.5
-1 2 0
-1 2.1 0.5
-1 2.1 0
-1 2.2 0.5
-1 2.2 0
-1 2.3 0.5
-1 2.3 0
-1 2.4 0.5
-1 2.4 0
-0.9 -2.4 0.5
-0.9 -2.3 0.5
-0.9 -2.4 0
-0.9 -2.3 0
-0.9 -2.2 0.5
-0.9 -2.2 0
-0.9 -2.1 0.5
-0.9 -2.1 0
-0.9 -2 0.5
-0.9 -2 0
-0.9 -1.9 0.5
-0.9 -1.9 0
-0.9 -1.8 0.5
-0.9 -1.8 0
-0.9 -1.7 0.5
-0.9 -1.7 0
-0.9 -1.6 0.5
-0.9 -1.6 0
-0.9 -1.5 0.65
-0.9 -1.5 0
-0.9 -1.4 0.8
-0.9 -1.4 0
-0.9 -1.3 0.95
-0.9 -1.3 0
-0.9 -1.2 1.1
-0.9 -1.2 0
-0.9 -1.1 1.25
-0.9 -1.1 0
-0.9 -1 1.4
-0.9 -1 0
-0.9 -0.9 1.55
-0.9 -0.9 0
-0.9 -0.8 1.55
-0.9 -0.8 0
-0.9 -0.7 1.55
-0.9 -0.7 0
-0.9 -0.6 1.55
-0.9 -0.6 0
-0.9 -0.5 1.55
-0.9 -0.5 0
-0.9 -0.4 1.55
-0.9 -0.4 0
-0.9 -0.3 1.55
-0.9 -0.3 0
-0.9 -0.2 1.55
-0.9 -0.2 0
-0.9 -0.1 1.55
-0.9 -0.1 0
-0.9 0 1.55
-0.9 0 0
-0.9 0.1 1.55
-0.9 0.1 0
-0.9 0.2 1.55
-0.9 0.2 0
-0.9 0.3 1.55
-0.9 0.3 0
-0.9 0.4 1.55
-0.9 0.4 0
-0.9 0.5 1.55
-0.9 0.5 0
-0.9 0.6 1.55
-0.9 0.6 0
-0.9 0.7 1.55
-0.9 0.7 0
-0.9 0.8 1.55
-0.9 0.8 0
-0.9 0.9 1.55
-0.9 0.9 0
-0.9 1 1.4
-0.9 1 0
-0.9 1.1 1.25
-0.9 1.1 0
-0.9 1.2 1.1
-0.9 1.2 0
-0.9 1.3 0.95
-0.9 1.3 0
-0.9 1.4 0.8
-0.9 1.4 0
-0.9 1.5 0.65
-0.9 1.5 0
-0.9 1.6 0.5
-0.9 1.6 0
-0.9 1.7 0.5
-0.9 1.7 0
-0.9 1.8 0.5
-0.9 1.8 0
-0.9 1.9 0.5
-0.9 1.9 0
-0.9 2 0.5
-0.9 2 0
-0.9 2.1 0.5
-0.9 2.1 0
-0.9 2.2 0.5
-0.9 2.2 0
-0.9 2.3 0.5
-0.9 2.3 0
-0.9 2.4 0.5
-0.9 2.4 0
-0.8 -2.4 0.5
-0.8 -2.3 0.5
-0.8 -2.4 0
-0.8 -2.3 0
-0.8 -2.2 0.5
-0.8 -2.2 0
-0.8 -2.1 0.5
-0.8 -2.1 0
-0.8 -2 0.5
-0.8 -2 0
-0.8 -1.9 0.5
-0.8 -1.9 0
-0.8 -1.8 0.5
-0.8 -1.8 0
-0.8 -1.7 0.5
-0.8 -1.7 0
-0.8 -1.6 0.5
-0.8 -1.6 0
-0.8 -1.5 0.65
-0.8 -1.5 0
-0.8 -1.4 0.8
-0.8 -1.4 0
-0.8 -1.3 0.95
-0.8 -1.3 0
-0.8 -1.2 1.1
-0.8 -1.2 0
-0.8 -1.1 1.25
-0.8 -1.1 0
-0.8 -1 1.4
-0.8 -1 0
-0.8 -0.9 1.55
-0.8 -0.9 0
-0.8 -0.8 1.7
-0.8 -0.8 0
-0.8 -0.7 1.7
-0.8 -0.7 0
-0.8 -0.6 1.7
-0.8 -0.6 0
-0.8 -0.5 1.7
-0.8 -0.5 0
-0.8 -0.4 1.7
-0.8 -0.4 0
-0.8 -0.3 1.7
-0.8 -0.3 0
-0.8 -0.2 1.7
-0.8 -0.2 0
-0.8 -0.1 1.7
-0.8 -0.1 0
-0.8 0 1.7
-0.8 0 0
-0.8 0.1 1.7
-0.8 0.1 0
-0.8 0.2 1.7
-0.8 0.2 0
-0.8 0.3 1.7
-0.8 0.3 0
-0.8 0.4 1.7
-0.8 0.4 0
-0.8 0.5 1.7
-0.8 0.5 0
-0.8 0.6 1.7
-0.8 0.6 0
-0.8 0.7 1.7
-0.8 0.7 0
-0.8 0.8 1.7
-0.8 0.8 0
-0.8 0.9 1.55
-0.8 0.9 0
-0.8 1 1.4
-0.8 1 0
-0.8 1.1 1.25
-0.8 1.1 0
-0.8 1.2 1.1
-0.8 1.2 0
-0.8 1.3 0.95
-0.8 1.3 0
-0.8 1.4 0.8
-0.8 1.4 0
-0.8 1.5 0.65
-0.8 1.5 0
-0.8 1.6 0.5
-0.8 1.6 0
-0.8 1.7 0.5
-0.8 1.7 0
-0.8 1.8 0.5
-0.8 1.8 0
-0.8 1.9 0.5
-0.8 1.9 0
-0.8 2 0.5
-0.8 2 0
-0.8 2.1 0.5
-0.8 2.1 0
-0.8 2.2 0.5
-0.8 2.2 0
-0.8 2.3 0.5
-0.8 2.3 0
-0.8 2.4 0.5
-0.8 2.4 0
-0.7 -2.4 0.5
-0.7 -2.3 0.5
-0.7 -2.4 0
-0.7 -2.3 0
-0.7 -2.2 0.5
-0.7 -2.2 0
-0.7 -2.1 0.5
-0.7 -2.1 0
-0.7 -2 0.5
-0.7 -2 0
-0.7 -1.9 0.5
-0.7 -1.9 0
-0.7 -1.8 0.5
-0.7 -1.8 0
-0.7 -1.7 0.5
-0.7 -1.7 0
-0.7 -1.6 0.5
-0.7 -1.6 0
-0.7 -1.5 0.65
-0.7 -1.5 0
-0.7 -1.4 0.8
-0.7 -1.4 0
-0.7 -1.3 0.95
-0.7 -1.3 0
-0.7 -1.2 1.1
-0.7 -1.2 0
-0.7 -1.1 1.25
-0.7 -1.1 0
-0.7 -1 1.4
-0.7 -1 0
-0.7 -0.9 1.55
-0.7 -0.9 0
-0.7 -0.8 1.7
-0.7 -0.8 0
-0.7 -0.7 1.7
-0.7 -0.7 0
-0.7 -0.6 1.7
-0.7 -0.6 0
-0.7 -0.5 1.7
-0.7 -0.5 0
-0.7 -0.4 1.7
-0.7 -0.4 0
-0.7 -0.3 1.7
-0.7 -0.3 0
-0.7 -0.2 1.7
-0.7 -0.2 0
-0.7 -0.1 1.7
-0.7 -0.1 0
-0.7 0 1.7
-0.7 0 0
-0.7 0.1 1.7
-0.7 0.1 0
-0.7 0.2 1.7
-0.7 0.2 0
-0.7 0.3 1.7
-0.7 0.3 0
-0.7 0.4 1.7
-0.7 0.4 0
-0.7 0.5 1.7
-0.7 0.5 0
-0.7 0.6 1.7
-0.7 0.6 0
-0.7 0.7 1.7
-0.7 0.7 0
-0.7 0.8 1.7
-0.7 0.8 0
-0.7 0.9 1.55
-0.7 0.9 0
-0.7 1 1.4
-0.7 1 0
-0.7 1.1 1.25
-0.7 1.1 0
-0.7 1.2 1.1
-0.7 1.2 0
-0.7 1.3 0.95
-0.7 1.3 0
-0.7 1.4 0.8
-0.7 1.4 0
-0.7 1.5 0.65
-0.7 1.5 0
-0.7 1.6 0.5
-0.7 1.6 0
-0.7 1.7 0.5
-0.7 1.7 0
-0.7 1.8 0.5
-0.7 1.8 0
-0.7 1.9 0.5
-0.7 1.9 0
-0.7 2 0.5
-0.7 2 0
-0.7 2.1 0.5
-0.7 2.1 0
-0.7 2.2 0.5
-0.7 2.2 0
-0.7 2.3 0.5
-0.7 2.3 0
-0.7 2.4 0.5
-0.7 2.4 0
-0.6 -2.4 0.5
-0.6 -2.3 0.5
-0.6 -2.4 0
-0.6 -2.3 0
-0.6 -2.2 0.5
-0.6 -2.2 0
-0.6 -2.1 0.5
-0.6 -2.1 0
-0.6 -2 0.5
-0.6 -2 0
-0.6 -1.9 0.5
-0.6 -1.9 0
-0.6 -1.8 0.5
-0.6 -1.8 0
-0.6 -1.7 0.5
-0.6 -1.7 0
-0.6 -1.6 0.5
-0.6 -1.6 0
-0.6 -1.5 0.65
-0.6 -1.5 0
-0.6 -1.4 0.8
-0.6 -1.4 0
-0.6 -1.3 0.95
-0.6 -1.3 0
-0.6 -1.2 1.1
-0.6 -1.2 0
-0.6 -1.1 1.25
-0.6 -1.1 0
-0.6 -1 1.4
-0.6 -1 0
-0.6 -0.9 1.55
-0.6 -0.9 0
-0.6 -0.8 1.7
-0.6 -0.8 0
-0.6 -0.7 1.7
-0.6 -0.7 0
-0.6 -0.6 1.7
-0.6 -0.6 0
-0.6 -0.5 1.7
-0.6 -0.5 0
-0.6 -0.4 1.7
-0.6 -0.4 0
-0.6 -0.3 1.7
-0.6 -0.3 0
-0.6 -0.2 1.7
-0.6 -0.2 0
-0.6 -0.1 1.7
-0.6 -0.1 0
-0.6 0 1.7
-0.6 0 0
-0.6 0.1 1.7
-0.6 0.1 0
-0.6 0.2 1.7
-0.6 0.2 0
-0.6 0.3 1.7
-0.6 0.3 0
-0.6 0.4 1.7
-0.6 0.4 0
-0.6 0.5 1.7
-0.6 0.5 0
-0.6 0.6 1.7
-0.6 0.6 0
-0.6 0.7 1.7
-0.6 0.7 0
-0.6 0.8 1.7
-0.6 0.8 0
-0.6 0.9 1.55
-0.6 0.9 0
-0.6 1 1.4
-0.6 1 0
-0.6 1.1 1.25
-0.6 1.1 0
-0.6 1.2 1.1
-0.6 1.2 0
-0.6 1.3 0.95
-0.6 1.3 0
-0.6 1.4 0.8
-0.6 1.4 0
-0.6 1.5 0.65
-0.6 1.5 0
-0.6 1.6 0.5
-0.6 1.6 0
-0.6 1.7 0.5
-0.6 1.7 0
-0.6 1.8 0.5
-0.6 1.8 0
-0.6 1.9 0.5
-0.6 1.9 0
-0.6 2 0.5
-0.6 2 0
-0.6 2.1 0.5
-0.6 2.1 0
-0.6 2.2 0.5
-0.6 2.2 0
-0.6 2.3 0.5
-0.6 2.3 0
-0.6 2.4 0.5
-0.6 2.4 0
-0.5 -2.4 0.5
-0.5 -2.3 0.5
-0.5 -2.4 0
-0.5 -2.3 0
-0.5 -2.2 0.5
-0.5 -2.2 0
-0.5 -2.1 0.5
-0.5 -2.1 0
-0.5 -2 0.5
-0.5 -2 0
-0.5 -1.9 0.5
-0.5 -1.9 0
-0.5 -1.8 0.5
-0.5 -1.8 0
-0.5 -1.7 0.5
-0.5 -1.7 0
-0.5 -1.6 0.5
-0.5 -1.6 0
-0.5 -1.5 0.65
-0.5 -1.5 0
-0.5 -1.4 0.8
-0.5 -1.4 0
-0.5 -1.3 0.95
-0.5 -1.3 0
-0.5 -1.2 1.1
-0.5 -1.2 0
-0.5 -1.1 1.25
-0.5 -1.1 0
-0.5 -1 1.4
-0.5 -1 0
-0.5 -0.9 1.55
-0.5 -0.9 0
-0.5 -0.8 1.7
-0.5 -0.8 0
-0.5 -0.7 1.7
-0.5 -0.7 0
-0.5 -0.6 1.7
-0.5 -0.6 0
-0.5 -0.5 1.7
-0.5 -0.5 0
-0.5 -0.4 1.7
-0.5 -0.4 0
-0.5 -0.3 1.7
-0.5 -0.3 0
-0.5 -0.2 1.7
-0.5 -0.2 0
-0.5 -0.1 1.7
-0.5 -0.1 0
-0.5 0 1.7
-0.5 0 0
-0.5 0.1 1.7
-0.5 0.1 0
-0.5 0.2 1.7
-0.5 0.2 0
-0.5 0.3 1.7
-0.5 0.3 0
-0.5 0.4 1.7
-0.5 0.4 0
-0.5 0.5 1.7
-0.5 0.5 0
-0.5 0.6 1.7
-0.5 0.6 0
-0.5 0.7 1.7
-0.5 0.7 0
-0.5 0.8 1.7
-0.5 0.8 0
-0.5 0.9 1.55
-0.5 0.9 0
-0.5 1 1.4
-0.5 1 0
-0.5 1.1 1.25
-0.5 1.1 0
-0.5 1.2 1.1
-0.5 1.2 0
-0.5 1.3 0.95
-0.5 1.3 0
-0.5 1.4 0.8
-0.5 1.4 0
-0.5 1.5 0.65
-0.5 1.5 0
-0.5 1.6 0.5
-0.5 1.6 0
-0.5 1.7 0.5
-0.5 1.7 0
-0.5 1.8 0.5
-0.5 1.8 0
-0.5 1.9 0.5
-0.5 1.9 0
-0.5 2 0.5
-0.5 2 0
-0.5 2.1 0.5
-0.5 2.1 0
-0.5 2.2 0.5
-0.5 2.2 0
-0.5 2.3 0.5
-0.5 2.3 0
-0.5 2.4 0.5
-0.5 2.4 0
-0.4 -2.4 0.5
-0.4 -2.3 0.5
-0.4 -2.4 0
-0.4 -2.3 0
-0.4 -2.2 0.5
-0.4 -2.2 0
-0.4 -2.1 0.5
-0.4 -2.1 0
-0.4 -2 0.5
-0.4 -2 0
-0.4 -1.9 0.5
-0.4 -1.9 0
-0.4 -1.8 0.5
-0.4 -1.8 0
-0.4 -1.7 0.5
-0.4 -1.7 0
-0.4 -1.6 0.5
-0.4 -1.6 0
-0.4 -1.5 0.65
-0.4 -1.5 0
-0.4 -1.4 0.8
-0.4 -1.4 0
-0.4 -1.3 0.95
-0.4 -1.3 0
-0.4 -1.2 1.1
-0.4 -1.2 0
-0.4 -1.1 1.25
-0.4 -1.1 0
-0.4 -1 1.4
-0.4 -1 0
-0.4 -0.9 1.55
-0.4 -0.9 0
-0.4 -0.8 1.7
-0.4 -0.8 0
-0.4 -0.7 1.7
-0.4 -0.7 0
-0.4 -0.6 1.7
-0.4 -0.6 0
-0.4 -0.5 1.7
-0.4 -0.5 0
-0.4 -0.4 1.7
-0.4 -0.4 0
-0.4 -0.3 1.7
-0.4 -0.3 0
-0.4 -0.2 1.7
-0.4 -0.2 0
-0.4 -0.1 1.7
-0.4 -0.1 0
-0.4 0 1.7
-0.4 0 0
-0.4 0.1 1.7
-0.4 0.1 0
-0.4 0.2 1.7
-0.4 0.2 0
-0.4 0.3 1.7
-0.4 0.3 0
-0.4 0.4 1.7
-0.4 0.4 0
-0.4 0.5 1.7
-0.4 0.5 0
-0.4 0.6 1.7
-0.4 0.6 0
-0.4 0.7 1.7
-0.4 0.7 0
-0.4 0.8 1.7
-0.4 0.8 0
-0.4 0.9 1.55
-0.4 0.9 0
-0.4 1 1.4
-0.4 1 0
-0.4 1.1 1.25
-0.4 1.1 0
-0.4 1.2 1.1
-0.4 1.2 0
-0.4 1.3 0.95
-0.4 1.3 0
-0.4 1.4 0.8
-0.4 1.4 0
-0.4 1.5 0.65
-0.4 1.5 0
-0.4 1.6 0.5
-0.4 1.6 0
-0.4 1.7 0.5
-0.4 1.7 0
-0.4 1.8 0.5
-0.4 1.8 0
-0.4 1.9 0.5
-0.4 1.9 0
-0.4 2 0.5
-0.4 2 0
-0.4 2.1 0.5
-0.4 2.1 0
-0.4 2.2 0.5
-0.4 2.2 0
-0.4 2.3 0.5
-0.4 2.3 0
-0.4 2.4 0.5
-0.4 2.4 0
-0.3 -2.4 0.5
-0.3 -2.3 0.5
-0.3 -2.4 0
-0.3 -2.3 0
-0.3 -2.2 0.5
-0.3 -2.2 0
-0.3 -2.1 0.5
-0.3 -2.1 0
-0.3 -2 0.5
-0.3 -2 0
-0.3 -1.9 0.5
-0.3 -1.9 0
-0.3 -1.8 0.5
-0.3 -1.8 0
-0.3 -1.7 0.5
-0.3 -1.7 0
-0.3 -1.6 0.5
-0.3 -1.6 0
-0.3 -1.5 0.65
-0.3 -1.5 0
-0.3 -1.4 0.8
-0.3 -1.4 0
-0.3 -1.3 0.95
-0.3 -1.3 0
-0.3 -1.2 1.1
-0.3 -1.2 0
-0.3 -1.1 1.25
-0.3 -1.1 0
-0.3 -1 1.4
-0.3 -1 0
-0.3 -0.9 1.55
-0.3 -0.9 0
-0.3 -0.8 1.7
-0.3 -0.8 0
-0.3 -0.7 1.7
-0.3 -0.7 0
-0.3 -0.6 1.7
-0.3 -0.6 0
-0.3 -0.5 1.7
-0.3 -0.5 0
-0.3 -0.4 1.7
-0.3 -0.4 0
-0.3 -0.3 1.7
-0.3 -0.3 0
-0.3 -0.2 1.7
-0.3 -0.2 0
-0.3 -0.1 1.7
-0.3 -0.1 0
-0.3 0 1.7
-0.3 0 0
-0.3 0.1 1.7
-0.3 0.1 0
-0.3 0.2 1.7
-0.3 0.2 0
-0.3 0.3 1.7
-0.3 0.3 0
-0.3 0.4 1.7
-0.3 0.4 0
-0.3 0.5 1.7
-0.3 0.5 0
-0.3 0.6 1.7
-0.3 0.6 0
-0.3 0.7 1.7
-0.3 0.7 0
-0.3 0.8 1.7
-0.3 0.8 0
-0.3 0.9 1.55
-0.3 0.9 0
-0.3 1 1.4
-0.3 1 0
-0.3 1.1 1.25
-0.3 1.1 0
-0.3 1.2 1.1
-0.3 1.2 0
-0.3 1.3 0.95
-0.3 1.3 0
-0.3 1.4 0.8
-0.3 1.4 0
-0.3 1.5 0.65
-0.3 1.5 0
-0.3 1.6 0.5
-0.3 1.6 0
-0.3 1.7 0.5
-0.3 1.7 0
-0.3 1.8 0.5
-0.3 1.8 0
-0.3 1.9 0.5
-0.3 1.9 0
-0.3 2 0.5
-0.3 2 0
-0.3 2.1 0.5
-0.3 2.1 0
-0.3 2.2 0.5
-0.3 2.2 0
-0.3 2.3 0.5
-0.3 2.3 0
-0.3 2.4 0.5
-0.3 2.4 0
-0.2 -2.4 0.5
-0.2 -2.3 0.5
-0.2 -2.4 0
-0.2 -2.3 0
-0.2 -2.2 0.5
-0.2 -2.2 0
-0.2 -2.1 0.5
-0.2 -2.1 0
-0.2 -2 0.5
-0.2 -2 0
-0.2 -1.9 0.5
-0.2 -1.9 0
-0.2 -1.8 0.5
-0.2 -1.8 0
-0.2 -1.7 0.5
-0.2 -1.7 0
-0.2 -1.6 0.5
-0.2 -1.6 0
-0.2 -1.5 0.65
-0.2 -1.5 0
-0.2 -1.4 0.8
-0.2 -1.4 0
-0.2 -1.3 0.95
-0.2 -1.3 0
-0.2 -1.2 1.1
-0.2 -1.2 0
-0.2 -1.1 1.25
-0.2 -1.1 0
-0.2 -1 1.4
-0.2 -1 0
-0.2 -0.9 1.55
-0.2 -0.9 0
-0.2 -0.8 1.7
-0.2 -0.8 0
-0.2 -0.7 1.7
-0.2 -0.7 0
-0.2 -0.6 1.7
-0.2 -0.6 0
-0.2 -0.5 1.7
-0.2 -0.5 0
-0.2 -0.4 1.7
-0.2 -0.4 0
-0.2 -0.3 1.7
-0.2 -0.3 0
-0.2 -0.2 1.7
-0.2 -0.2 0
-0.2 -0.1 1.7
-0.2 -0.1 0
-0.2 0 1.7
-0.2 0 0
-0.2 0.1 1.7
-0.2 0.1 0
-0.2 0.2 1.7
-0.2 0.2 0
-0.2 0.3 1.7
-0.2 0.3 0
-0.2 0.4 1.7
-0.2 0.4 0
-0.2 0.5 1.7
-0.2 0.5 0
-0.2 0.6 1.7
-0.2 0.6 0
-0.2 0.7 1.7
-0.2 0.7 0
-0.2 0.8 1.7
-0.2 0.8 0
-0.2 0.9 1.55
-0.2 0.9 0
-0.2 1 1.4
-0.2 1 0
-0.2 1.1 1.25
-0.2 1.1 0
-0.2 1.2 1.1
-0.2 1.2 0
-0.2 1.3 0.95
-0.2 1.3 0
-0.2 1.4 0.8
-0.2 1.4 0
-0.2 1.5 0.65
-0.2 1.5 0
-0.2 1.6 0.5
-0.2 1.6 0
-0.2 1.7 0.5
-0.2 1.7 0
-0.2 1.8 0.5
-0.2 1.8 0
-0.2 1.9 0.5
-0.2 1.9 0
-0.2 2 0.5
-0.2 2 0
-0.2 2.1 0.5
-0.2 2.1 0
-0.2 2.2 0.5
-0.2 2.2 0
-0.2 2.3 0.5
-0.2 2.3 0
-0.2 2.4 0.5
-0.2 2.4 0
-0.1 -2.4 0.5
-0.1 -2.3 0.5
-0.1 -2.4 0
-0.1 -2.3 0
-0.1 -2.2 0.5
-0.1 -2.2 0
-0.1 -2.1 0.5
-0.1 -2.1 0
-0.1 -2 0.5
-0.1 -2 0
-0.1 -1.9 0.5
-0.1 -1.9 0
-0.1 -1.8 0.5
-0.1 -1.8 0
-0.1 -1.7 0.5
-0.1 -1.7 0
-0.1 -1.6 0.5
-0.1 -1.6 0
-0.1 -1.5 0.65
-0.1 -1.5 0
-0.1 -1.4 0.8
-0.1 -1.4 0
-0.1 -1.3 0.95
-0.1 -1.3 0
-0.1 -1.2 1.1
-0.1 -1.2 0
-0.1 -1.1 1.25
-0.1 -1.1 0
-0.1 -1 1.4
-0.1 -1 0
-0.1 -0.9 1.55
-0.1 -0.9 0
-0.1 -0.8 1.7
-0.1 -0.8 0
-0.1 -0.7 1.7
-0.1 -0.7 0
-0.1 -0.6 1.7
-0.1 -0.6 0
-0.1 -0.5 1.7
-0.1 -0.5 0
-0.1 -0.4 1.7
-0.1 -0.4 0
-0.1 -0.3 1.7
-0.1 -0.3 0
-0.1 -0.2 1.7
-0.1 -0.2 0
-0.1 -0.1 1.7
-0.1 -0.1 0
-0.1 0 1.7
-0.1 0 0
-0.1 0.1 1.7
-0.1 0.1 0
-0.1 0.2 1.7
-0.1 0.2 0
-0.1 0.3 1.7
-0.1 0.3 0
-0.1 0.4 1.7
-0.1 0.4 0
-0.1 0.5 1.7
-0.1 0.5 0
-0.1 0.6 1.7
-0.1 0.6 0
-0.1 0.7 1.7
-0.1 0.7 0
-0.1 0.8 1.7
-0.1 0.8 0
-0.1 0.9 1.55
-0.1 0.9 0
-0.1 1 1.4
-0.1 1 0
-0.1 1.1 1.25
-0.1 1.1 0
-0.1 1.2 1.1
-0.1 1.2 0
-0.1 1.3 0.95
-0.1 1.3 0
-0.1 1.4 0.8
-0.1 1.4 0
-0.1 1.5 0.65
-0.1 1.5 0
-0.1 1.6 0.5
-0.1 1.6 0
-0.1 1.7 0.5
-0.1 1.7 0
-0.1 1.8 0.5
-0.1 1.8 0
-0.1 1.9 0.5
-0.1 1.9 0
-0.1 2 0.5
-0.1 2 0
-0.1 2.1 0.5
-0.1 2.1 0
-0.1 2.2 0.5
-0.1 2.2 0
-0.1 2.3 0.5
-0.1 2.3 0
-0.1 2.4 0.5
-0.1 2.4 0
0 -2.4 0.5
0 -2.3 0.5
0 -2.4 0
0 -2.3 0
0 -2.2 0.5
0 -2.2 0
0 -2.1 0.5
0 -2.1 0
0 -2 0.5
0 -2 0
0 -1.9 0.5
0 -1.9 0
0 -1.8 0.5
0 -1.8 0
0 -1.7 0.5
0 -1.7 0
0 -1.6 0.5
0 -1.6 0
0 -1.5 0.65
0 -1.5 0
0 -1.4 0.8
0 -1.4 0
0 -1.3 0.95
0 -1.3 0
0 -1.2 1.1
0 -1.2 0
0 -1.1 1.25
0 -1.1 0
0 -1 1.4
0 -1 0
0 -0.9 1.55
0 -0.9 0
0 -0.8 1.7
0 -0.8 0
0 -0.7 1.7
0 -0.7 0
0 -0.6 1.7
0 -0.6 0
0 -0.5 1.7
0 -0.5 0
0 -0.4 1.7
0 -0.4 0
0 -0.3 1.7
0 -0.3 0
0 -0.2 1.7
0 -0.2 0
0 -0.1 1.7
0 -0.1 0
0 0 1.7
0 0 0
0 0.1 1.7
0 0.1 0
0 0.2 1.7
0 0.2 0
0 0.3 1.7
0 0.3 0
0 0.4 1.7
0 0.4 0
0 0.5 1.7
0 0.5 0
0 0.6 1.7
0 0.6 0
0 0.7 1.7
0 0.7 0
0 0.8 1.7
0 0.8 0
0 0.9 1.55
0 0.9 0
0 1 1.4
0 1 0
0 1.1 1.25
0 1.1 0
0 1.2 1.1
0 1.2 0
0 1.3 0.95
0 1.3 0
0 1.4 0.8
0 1.4 0
0 1.5 0.65
0 1.5 0
0 1.6 0.5
0 1.6 0
0 1.7 0.5
0 1.7 0
0 1.8 0.5
0 1.8 0
0 1.9 0.5
0 1.9 0
0 2 0.5
0 2 0
0 2.1 0.5
0 2.1 0
0 2.2 0.5
0 2.2 0
0 2.3 0.5
0 2.3 0
0 2.4 0.5
0 2.4 0
0.1 -2.4 0.5
0.1 -2.3 0.5
0.1 -2.4 0
0.1 -2.3 0
0.1 -2.2 0.5
0.1 -2.2 0
0.1 -2.1 0.5
0.1 -2.1 0
0.1 -2 0.5
0.1 -2 0
0.1 -1.9 0.5
0.1 -1.9 0
0.1 -1.8 0.5
0.1 -1.8 0
0.1 -1.7 0.5
0.1 -1.7 0
0.1 -1.6 0.5
0.1 -1.6 0
0.1 -1.5 0.65
0.1 -1.5 0
0.1 -1.4 0.8
0.1 -1.4 0
0.1 -1.3 0.95
0.1 -1.3 0
0.1 -1.2 1.1
0.1 -1.2 0
0.1 -1.1 1.25
0.1 -1.1 0
0.1 -1 1.4
0.1 -1 0
0.1 -0.9 1.55
0.1 -0.9 0
0.1 -0.8 1.7
0.1 -0.8 0
0.1 -0.7 1.7
0.1 -0.7 0
0.1 -0.6 1.7
0.1 -0.6 0
0.1 -0.5 1.7
0.1 -0.5 0
0.1 -0.4 1.7
0.1 -0.4 0
0.1 -0.3 1.7
0.1 -0.3 0
0.1 -0.2 1.7
0.1 -0.2 0
0.1 -0.1 1.7
0.1 -0.1 0
0.1 0 1.7
0.1 0 0
0.1 0.1 1.7
0.1 0.1 0
0.1 0.2 1.7
0.1 0.2 0
0.1 0.3 1.7
0.1 0.3 0
0.1 0.4 1.7
0.1 0.4 0
0.1 0.5 1.7
0.1 0.5 0
0.1 0.6 1.7
0.1 0.6 0
0.1 0.7 1.7
0.1 0.7 0
0.1 0.8 1.7
0.1 0.8 0
0.1 0.9 1.55
0.1 0.9 0
0.1 1 1.4
0.1 1 0
0.1 1.1 1.25
0.1 1.1 0
0.1 1.2 1.1
0.1 1.2 0
0.1 1.3 0.95
0.1 1.3 0
0.1 1.4 0.8
0.1 1.4 0
0.1 1.5 0.65
0.1 1.5 0
0.1 1.6 0.5
0.1 1.6 0
0.1 1.7 0.5
0.1 1.7 0
0.1 1.8 0.5
0.1 1.8 0
0.1 1.9 0.5
0.1 1.9 0
0.1 2 0.5
0.1 2 0
0.1 2.1 0.5
0.1 2.1 0
0.1 2.2 0.5
0.1 2.2 0
0.1 2.3 0.5
0.1 2.3 0
0.1 2.4 0.5
0.1 2.4 0
0.2 -2.4 0.5
0.2 -2.3 0.5
0.2 -2.4 0
0.2 -2.3 0
0.2 -2.2 0.5
0.2 -2.2 0
0.2 -2.1 0.5
0.2 -2.1 0
0.2 -2 0.5
0.2 -2 0
0.2 -1.9 0.5
0.2 -1.9 0
0.2 -1.8 0.5
0.2 -1.8 0
0.2 -1.7 0.5
0.2 -1.7 0
0.2 -1.6 0.5
0.2 -1.6 0
0.2 -1.5 0.65
0.2 -1.5 0
0.2 -1.4 0.8
0.2 -1.4 0
0.2 -1.3 0.95
0.2 -1.3 0
0.2 -1.2 1.1
0.2 -1.2 0
0.2 -1.1 1.25
0.2 -1.1 0
0.2 -1 1.4
0.2 -1 0
0.2 -0.9 1.55
0.2 -0.9 0
0.2 -0.8 1.7
0.2 -0.8 0
0.2 -0.7 1.7
0.2 -0.7 0
0.2 -0.6 1.7
0.2 -0.6 0
0.2 -0.5 1.7
0.2 -0.5 0
0.2 -0.4 1.7
0.2 -0.4 0
0.2 -0.3 1.7
0.2 -0.3 0
0.2 -0.2 1.7
0.2 -0.2 0
0.2 -0.1 1.7
0.2 -0.1 0
0.2 0 1.7
0.2 0 0
0.2 0.1 1.7
0.2 0.1 0
0.2 0.2 1.7
0.2 0.2 0
0.2 0.3 1.7
0.2 0.3 0
0.2 0.4 1.7
0.2 0.4 0
0.2 0.5 1.7
0.2 0.5 0
0.2 0.6 1.7
0.2 0.6 0
0.2 0.7 1.7
0.2 0.7 0
0.2 0.8 1.7
0.2 0.8 0
0.2 0.9 1.55
0.2 0.9 0
0.2 1 1.4
0.2 1 0
0.2 1.1 1.25
0.2 1.1 0
0.2 1.2 1.1
0.2 1.2 0
0.2 1.3 0.95
0.2 1.3 0
0.2 1.4 0.8
0.2 1.4 0
0.2 1.5 0.65
0.2 1.5 0
0.2 1.6 0.5
0.2 1.6 0
0.2 1.7 0.5
0.2 1.7 0
0.2 1.8 0.5
0.2 1.8 0
0.2 1.9 0.5
0.2 1.9 0
0.2 2 0.5
0.2 2 0
0.2 2.1 0.5
0.2 2.1 0
0.2 2.2 0.5
0.2 2.2 0
0.2 2.3 0.5
0.2 2.3 0
0.2 2.4 0.5
0.2 2.4 0
0.3 -2.4 0.5
0.3 -2.3 0.5
0.3 -2.4 0
0.3 -2.3 0
0.3 -2.2 0.5
0.3 -2.2 0
0.3 -2.1 0.5
0.3 -2.1 0
0.3 -2 0.5
0.3 -2 0
0.3 -1.9 0.5
0.3 -1.9 0
0.3 -1.8 0.5
0.3 -1.8 0
0.3 -1.7 0.5
0.3 -1.7 0
0.3 -1.6 0.5
0.3 -1.6 0
0.3 -1.5 0.65
0.3 -1.5 0
0.3 -1.4 0.8
0.3 -1.4 0
0.3 -1.3 0.95
0.3 -1.3 0
0.3 -1.2 1.1
0.3 -1.2 0
0.3 -1.1 1.25
0.3 -1.1 0
0.3 -1 1.4
0.3 -1 0
0.3 -0.9 1.55
0.3 -0.9 0
0.3 -0.8 1.7
0.3 -0.8 0
0.3 -0.7 1.7
0.3 -0.7 0
0.3 -0.6 1.7
0.3 -0.6 0
0.3 -0.5 1.7
0.3 -0.5 0
0.3 -0.4 1.7
0.3 -0.4 0
0.3 -0.3 1.7
0.3 -0.3 0
0.3 -0.2 1.7
0.3 -0.2 0
0.3 -0.1 1.7
0.3 -0.1 0
0.3 0 1.7
0.3 0 0
0.3 0.1 1.7
0.3 0.1 0
0.3 0.2 1.7
0.3 0.2 0
0.3 0.3 1.7
0.3 0.3 0
0.3 0.4 1.7
0.3 0.4 0
0.3 0.5 1.7
0.3 0.5 0
0.3 0.6 1.7
0.3 0.6 0
0.3 0.7 1.7
0.3 0.7 0
0.3 0.8 1.7
0.3 0.8 0
0.3 0.9 1.55
0.3 0.9 0
0.3 1 1.4
0.3 1 0
0.3 1.1 1.25
0.3 1.1 0
0.3 1.2 1.1
0.3 1.2 0
0.3 1.3 0.95
0.3 1.3 0
0.3 1.4 0.8
0.3 1.4 0
0.3 1.5 0.65
0.3 1.5 0
0.3 1.6 0.5
0.3 1.6 0
0.3 1.7 0.5
0.3 1.7 0
0.3 1.8 0.5
0.3 1.8 0
0.3 1.9 0.5
0.3 1.9 0
0.3 2 0.5
0.3 2 0
0.3 2.1 0.5
0.3 2.1 0
0.3 2.2 0.5
0.3 2.2 0
0.3 2.3 0.5
0.3 2.3 0
0.3 2.4 0.5
0.3 2.4 0
0.4 -2.4 0.5
0.4 -2.3 0.5
0.4 -2.4 0
0.4 -2.3 0
0.4 -2.2 0.5
0.4 -2.2 0
0.4 -2.1 0.5
0.4 -2.1 0
0.4 -2 0.5
0.4 -2 0
0.4 -1.9 0.5
0.4 -1.9 0
0.4 -1.8 0.5
0.4 -1.8 0
0.4 -1.7 0.5
0.4 -1.7 0
0.4 -1.6 0.5
0.4 -1.6 0
0.4 -1.5 0.65
0.4 -1.5 0
0.4 -1.4 0.8
0.4 -1.4 0
0.4 -1.3 0.95
0.4 -1.3 0
0.4 -1.2 1.1
0.4 -1.2 0
0.4 -1.1 1.25
0.4 -1.1 0
0.4 -1 1.4
0.4 -1 0
0.4 -0.9 1.55
0.4 -0.9 0
0.4 -0.8 1.7
0.4 -0.8 0
0.4 -0.7 1.7
0.4 -0.7 0
0.4 -0.6 1.7
0.4 -0.6 0
0.4 -0.5 1.7
0.4 -0.5 0
0.4 -0.4 1.7
0.4 -0.4 0
0.4 -0.3 1.7
0.4 -0.3 0
0.4 -0.2 1.7
0.4 -0.2 0
0.4 -0.1 1.7
0.4 -0.1 0
0.4 0 1.7
0.4 0 0
0.4 0.1 1.7
0.4 0.1 0
0.4 0.2 1.7
0.4 0.2 0
0.4 0.3 1.7
0.4 0.3 0
0.4 0.4 1.7
0.4 0.4 0
0.4 0.5 1.7
0.4 0.5 0
0.4 0.6 1.7
0.4 0.6 0
0.4 0.7 1.7
0.4 0.7 0
0.4 0.8 1.7
0.4 0.8 0
0.4 0.9 1.55
0.4 0.9 0
0.4 1 1.4
0.4 1 0
0.4 1.1 1.25
0.4 1.1 0
0.4 1.2 1.1
0.4 1.2 0
0.4 1.3 0.95
0.4 1.3 0
0.4 1.4 0.8
0.4 1.4 0
0.4 1.5 0.65
0.4 1.5 0
0.4 1.6 0.5
0.4 1.6 0
0.4 1.7 0.5
0.4 1.7 0
0.4 1.8 0.5
0.4 1.8 0
0.4 1.9 0.5
0.4 1.9 0
0.4 2 0.5
0.4 2 0
0.4 2.1 0.5
0.4 2.1 0
0.4 2.2 0.5
0.4 2.2 0
0.4 2.3 0.5
0.4 2.3 0
0.4 2.4 0.5
0.4 2.4 0
0.5 -2.4 0.5
0.5 -2.3 0.5
0.5 -2.4 0
0.5 -2.3 0
0.5 -2.2 0.5
0.5 -2.2 0
0.5 -2.1 0.5
0.5 -2.1 0
0.5 -2 0.5
0.5 -2 0
0.5 -1.9 0.5
0.5 -1.9 0
0.5 -1.8 0.5
0.5 -1.8 0
0.5 -1.7 0.5
0.5 -1.7 0
0.5 -1.6 0.5
0.5 -1.6 0
0.5 -1.5 0.65
0.5 -1.5 0
0.5 -1.4 0.8
0.5 -1.4 0
0.5 -1.3 0.95
0.5 -1.3 0
0.5 -1.2 1.1
0.5 -1.2 0
0.5 -1.1 1.25
0.5 -1.1 0
0.5 -1 1.4
0.5 -1 0
0.5 -0.9 1.55
0.5 -0.9 0
0.5 -0.8 1.7
0.5 -0.8 0
0.5 -0.7 1.7
0.5 -0.7 0
0.5 -0.6 1.7
0.5 -0.6 0
0.5 -0.5 1.7
0.5 -0.5 0
0.5 -0.4 1.7
0.5 -0.4 0
0.5 -0.3 1.7
0.5 -0.3 0
0.5 -0.2 1.7
0.5 -0.2 0
0.5 -0.1 1.7
0.5 -0.1 0
0.5 0 1.7
0.5 0 0
0.5 0.1 1.7
0.5 0.1 0
0.5 0.2 1.7
0.5 0.2 0
0.5 0.3 1.7
0.5 0.3 0
0.5 0.4 1.7
0.5 0.4 0
0.5 0.5 1.7
0.5 0.5 0
0.5 0.6 1.7
0.5 0.6 0
0.5 0.7 1.7
0.5 0.7 0
0.5 0.8 1.7
0.5 0.8 0
0.5 0.9 1.55
0.5 0.9 0
0.5 1 1.4
0.5 1 0
0.5 1.1 1.25
0.5 1.1 0
0.5 1.2 1.1
0.5 1.2 0
0.5 1.3 0.95
0.5 1.3 0
0.5 1.4 0.8
0.5 1.4 0
0.5 1.5 0.65
0.5 1.5 0
0.5 1.6 0.5
0.5 1.6 0
0.5 1.7 0.5
0.5 1.7 0
0.5 1.8 0.5
0.5 1.8 0
0.5 1.9 0.5
0.5 1.9 0
0.5 2 0.5
0.5 2 0
0.5 2.1 0.5
0.5 2.1 0
0.5 2.2 0.5
0.5 2.2 0
0.5 2.3 0.5
0.5 2.3 0
0.5 2.4 0.5
0.5 2.4 0
0.6 -2.4 0.5
0.6 -2.3 0.5
0.6 -2.4 0
0.6 -2.3 0
0.6 -2.2 0.5
0.6 -2.2 0
0.6 -2.1 0.5
0.6 -2.1 0
0.6 -2 0.5
0.6 -2 0
0.6 -1.9 0.5
0.6 -1.9 0
0.6 -1.8 0.5
0.6 -1.8 0
0.6 -1.7 0.5
0.6 -1.7 0
0.6 -1.6 0.5
0.6 -1.6 0
0.6 -1.5 0.65
0.6 -1.5 0
0.6 -1.4 0.8
0.6 -1.4 0
0.6 -1.3 0.95
0.6 -1.3 0
0.6 -1.2 1.1
0.6 -1.2 0
0.6 -1.1 1.25
0.6 -1.1 0
0.6 -1 1.4
0.6 -1 0
0.6 -0.9 1.55
0.6 -0.9 0
0.6 -0.8 1.7
0.6 -0.8 0
0.6 -0.7 1.7
0.6 -0.7 0
0.6 -0.6 1.7
0.6 -0.6 0
0.6 -0.5 1.7
0.6 -0.5 0
0.6 -0.4 1.7
0.6 -0.4 0
0.6 -0.3 1.7
0.6 -0.3 0
0.6 -0.2 1.7
0.6 -0.2 0
0.6 -0.1 1.7
0.6 -0.1 0
0.6 0 1.7
0.6 0 0
0.6 0.1 1.7
0.6 0.1 0
0.6 0.2 1.7
0.6 0.2 0
0.6 0.3 1.7
0.6 0.3 0
0.6 0.4 1.7
0.6 0.4 0
0.6 0.5 1.7
0.6 0.5 0
0.6 0.6 1.7
0.6 0.6 0
0.6 0.7 1.7
0.6 0.7 0
0.6 0.8 1.7
0.6 0.8 0
0.6 0.9 1.55
0.6 0.9 0
0.6 1 1.4
0.6 1 0
0.6 1.1 1.25
0.6 1.1 0
0.6 1.2 1.1
0.6 1.2 0
0.6 1.3 0.95
0.6 1.3 0
0.6 1.4 0.8
0.6 1.4 0
0.6 1.5 0.65
0.6 1.5 0
0.6 1.6 0.5
0.6 1.6 0
0.6 1.7 0.5
0.6 1.7 0
0.6 1.8 0.5
0.6 1.8 0
0.6 1.9 0.5
0.6 1.9 0
0.6 2 0.5
0.6 2 0
0.6 2.1 0.5
0.6 2.1 0
0.6 2.2 0.5
0.6 2.2 0
0.6 2.3 0.5
0.6 2.3 0
0.6 2.4 0.5
0.6 2.4 0
0.7 -2.4 0.5
0.7 -2.3 0.5
0.7 -2.4 0
0.7 -2.3 0
0.7 -2.2 0.5
0.7 -2.2 0
0.7 -2.1 0.5
0.7 -2.1 0
0.7 -2 0.5
0.7 -2 0
0.7 -1.9 0.5
0.7 -1.9 0
0.7 -1.8 0.5
0.7 -1.8 0
0.7 -1.7 0.5
0.7 -1.7 0
0.7 -1.6 0.5
0.7 -1.6 0
0.7 -1.5 0.65
0.7 -1.5 0
0.7 -1.4 0.8
0.7 -1.4 0
0.7 -1.3 0.95
0.7 -1.3 0
0.7 -1.2 1.1
0.7 -1.2 0
0.7 -1.1 1.25
0.7 -1.1 0
0.7 -1 1.4
0.7 -1 0
0.7 -0.9 1.55
0.7 -0.9 0
0.7 -0.8 1.7
0.7 -0.8 0
0.7 -0.7 1.7
0.7 -0.7 0
0.7 -0.6 1.7
0.7 -0.6 0
0.7 -0.5 1.7
0.7 -0.5 0
0.7 -0.4 1.7
0.7 -0.4 0
0.7 -0.3 1.7
0.7 -0.3 0
0.7 -0.2 1.7
0.7 -0.2 0
0.7 -0.1 1.7
0.7 -0.1 0
0.7 0 1.7
0.7 0 0
0.7 0.1 1.7
0.7 0.1 0
0.7 0.2 1.7
0.7 0.2 0
0.7 0.3 1.7
0.7 0.3 0
0.7 0.4 1.7
0.7 0.4 0
0.7 0.5 1.7
0.7 0.5 0
0.7 0.6 1.7
0.7 0.6 0
0.7 0.7 1.7
0.7 0.7 0
0.7 0.8 1.7
0.7 0.8 0
0.7 0.9 1.55
0.7 0.9 0
0.7 1 1.4
0.7 1 0
0.7 1.1 1.25
0.7 1.1 0
0.7 1.2 1.1
0.7 1.2 0
0.7 1.3 0.95
0.7 1.3 0
0.7 1.4 0.8
0.7 1.4 0
0.7 1.5 0.65
0.7 1.5 0
0.7 1.6 0.5
0.7 1.6 0
0.7 1.7 0.5
0.7 1.7 0
0.7 1.8 0.5
0.7 1.8 0
0.7 1.9 0.5
0.7 1.9 0
0.7 2 0.5
0.7 2 0
0.7 2.1 0.5
0.7 2.1 0
0.7 2.2 0.5
0.7 2.2 0
0.7 2.3 0.5
0.7 2.3 0
0.7 2.4 0.5
0.7 2.4 0
0.8 -2.4 0.5
0.8 -2.3 0.5
0.8 -2.4 0
0.8 -2.3 0
0.8 -2.2 0.5
0.8 -2.2 0
0.8 -2.1 0.5
0.8 -2.1 0
0.8 -2 0.5
0.8 -2 0
0.8 -1.9 0.5
0.8 -1.9 0
0.8 -1.8 0.5
0.8 -1.8 0
0.8 -1.7 0.5
0.8 -1.7 0
0.8 -1.6 0.5
0.8 -1.6 0
0.8 -1.5 0.65
0.8 -1.5 0
0.8 -1.4 0.8
0.8 -1.4 0
0.8 -1.3 0.95
0.8 -1.3 0
0.8 -1.2 1.1
0.8 -1.2 0
0.8 -1.1 1.25
0.8 -1.1 0
0.8 -1 1.4
0.8 -1 0
0.8 -0.9 1.55
0.8 -0.9 0
0.8 -0.8 1.7
0.8 -0.8 0
0.8 -0.7 1.7
0.8 -0.7 0
0.8 -0.6 1.7
0.8 -0.6 0
0.8 -0.5 1.7
0.8 -0.5 0
0.8 -0.4 1.7
0.8 -0.4 0
0.8 -0.3 1.7
0.8 -0.3 0
0.8 -0.2 1.7
0.8 -0.2 0
0.8 -0.1 1.7
0.8 -0.1 0
0.8 0 1.7
0.8 0 0
0.8 0.1 1.7
0.8 0.1 0
0.8 0.2 1.7
0.8 0.2 0
0.8 0.3 1.7
0.8 0.3 0
0.8 0.4 1.7
0.8 0.4 0
0.8 0.5 1.7
0.8 0.5 0
0.8 0.6 1.7
0.8 0.6 0
0.8 0.7 1.7
0.8 0.7 0
0.8 0.8 1.7
0.8 0.8 0
0.8 0.9 1.55
0.8 0.9 0
0.8 1 1.4
0.8 1 0
0.8 1.1 1.25
0.8 1.1 0
0.8 1.2 1.1
0.8 1.2 0
0.8 1.3 0.95
0.8 1.3 0
0.8 1.4 0.8
0.8 1.4 0
0.8 1.5 0.65
0.8 1.5 0
0.8 1.6 0.5
0.8 1.6 0
0.8 1.7 0.5
0.8 1.7 0
0.8 1.8 0.5
0.8 1.8 0
0.8 1.9 0.5
0.8 1.9 0
0.8 2 0.5
0.8 2 0
0.8 2.1 0.5
0.8 2.1 0
0.8 2.2 0.5
0.8 2.2 0
0.8 2.3 0.5
0.8 2.3 0
0.8 2.4 0.5
0.8 2.4 0
0.9 -2.4 0.5
0.9 -2.3 0.5
0.9 -2.4 0
0.9 -2.3 0
0.9 -2.2 0.5
0.9 -2.2 0
0.9 -2.1 0.5
0.9 -2.1 0
0.9 -2 0.5
0.9 -2 0
0.9 -1.9 0.5
0.9 -1.9 0
0.9 -1.8 0.5
0.9 -1.8 0
0.9 -1.7 0.5
0.9 -1.7 0
0.9 -1.6 0.5
0.9 -1.6 0
0.9 -1.5 0.65
0.9 -1.5 0
0.9 -1.4 0.8
0.9 -1.4 0
0.9 -1.3 0.95
0.9 -1.3 0
0.9 -1.2 1.1
0.9 -1.2 0
0.9 -1.1 1.25
0.9 -1.1 0
0.9 -1 1.4
0.9 -1 0
0.9 -0.9 1.55
0.9 -0.9 0
0.9 -0.8 1.55
0.9 -0.8 0
0.9 -0.7 1.55
0.9 -0.7 0
0.9 -0.6 1.55
0.9 -0.6 0
0.9 -0.5 1.55
0.9 -0.5 0
0.9 -0.4 1.55
0.9 -0.4 0
0.9 -0.3 1.55
0.9 -0.3 0
0.9 -0.2 1.55
0.9 -0.2 0
0.9 -0.1 1.55
0.9 -0.1 0
0.9 0 1.55
0.9 0 0
0.9 0.1 1.55
0.9 0.1 0
0.9 0.2 1.55
0.9 0.2 0
0.9 0.3 1.55
0.9 0.3 0
0.9 0.4 1.55
0.9 0.4 0
0.9 0.5 1.55
0.9 0.5 0
0.9 0.6 1.55
0.9 0.6 0
0.9 0.7 1.55
0.9 0.7 0
0.9 0.8 1.55
0.9 0.8 0
0.9 0.9 1.55
0.9 0.9 0
0.9 1 1.4
0.9 1 0
0.9 1.1 1.25
0.9 1.1 0
0.9 1.2 1.1
0.9 1.2 0
0.9 1.3 0.95
0.9 1.3 0
0.9 1.4 0.8
0.9 1.4 0
0.9 1.5 0.65
0.9 1.5 0
0.9 1.6 0.5
0.9 1.6 0
0.9 1.7 0.5
0.9 1.7 0
0.9 1.8 0.5
0.9 1.8 0
0.9 1.9 0.5
0.9 1.9 0
0.9 2 0.5
0.9 2 0
0.9 2.1 0.5
0.9 2.1 0
0.9 2.2 0.5
0.9 2.2 0
0.9 2.3 0.5
0.9 2.3 0
0.9 2.4 0.5
0.9 2.4 0
1 -2.4 0.5
1 -2.3 0.5
1 -2.4 0
1 -2.3 0
1 -2.2 0.5
1 -2.2 0
1 -2.1 0.5
1 -2.1 0
1 -2 0.5
1 -2 0
1 -1.9 0.5
1 -1.9 0
1 -1.8 0.5
1 -1.8 0
1 -1.7 0.5
1 -1.7 0
1 -1.6 0.5
1 -1.6 0
1 -1.5 0.65
1 -1.5 0
1 -1.4 0.8
1 -1.4 0
1 -1.3 0.95
1 -1.3 0
1 -1.2 1.1
1 -1.2 0
1 -1.1 1.25
1 -1.1 0
1 -1 1.4
1 -1 0
1 -0.9 1.4
1 -0.9 0
1 -0.8 1.4
1 -0.8 0
1 -0.7 1.4
1 -0.7 0
1 -0.6 1.4
1 -0.6 0
1 -0.5 1.4
1 -0.5 0
1 -0.4 1.4
1 -0.4 0
1 -0.3 1.4
1 -0.3 0
1 -0.2 1.4
1 -0.2 0
1 -0.1 1.4
1 -0.1 0
1 0 1.4
1 0 0
1 0.1 1.4
1 0.1 0
1 0.2 1.4
1 0.2 0
1 0.3 1.4
1 0.3 0
1 0.4 1.4
1 0.4 0
1 0.5 1.4
1 0.5 0
1 0.6 1.4
1 0.6 0
1 0.7 1.4
1 0.7 0
1 0.8 1.4
1 0.8 0
1 0.9 1.4
1 0.9 0
1 1 1.4
1 1 0
1 1.1 1.25
1 1.1 0
1 1.2 1.1
1 1.2 0
1 1.3 0.95
1 1.3 0
1 1.4 0.8
1 1.4 0
1 1.5 0.65
1 1.5 0
1 1.6 0.5
1 1.6 0
1 1.7 0.5
1 1.7 0
1 1.8 0.5
1 1.8 0
1 1.9 0.5
1 1.9 0
1 2 0.5
1 2 0
1 2.1 0.5
1 2.1 0
1 2.2 0.5
1 2.2 0
1 2.3 0.5
1 2.3 0
1 2.4 0.5
1 2.4 0
1.1 -2.4 0.5
1.1 -2.3 0.5
1.1 -2.4 0
1.1 -2.3 0
1.1 -2.2 0.5
1.1 -2.2 0
1.1 -2.1 0.5
1.1 -2.1 0
1.1 -2 0.5
1.1 -2 0
1.1 -1.9 0.5
1.1 -1.9 0
1.1 -1.8 0.5
1.1 -1.8 0
1.1 -1.7 0.5
1.1 -1.7 0
1.1 -1.6 0.5
1.1 -1.6 0
1.1 -1.5 0.65
1.1 -1.5 0
1.1 -1.4 0.8
1.1 -1.4 0
1.1 -1.3 0.95
1.1 -1.3 0
1.1 -1.2 1.1
1.1 -1.2 0
1.1 -1.1 1.25
1.1 -1.1 0
1.1 -1 1.25
1.1 -1 0
1.1 -0.9 1.25
1.1 -0.9 0
1.1 -0.8 1.25
1.1 -0.8 0
1.1 -0.7 1.25
1.1 -0.7 0
1.1 -0.6 1.25
1.1 -0.6 0
1.1 -0.5 1.25
1.1 -0.5 0
1.1 -0.4 1.25
1.1 -0.4 0
1.1 -0.3 1.25
1.1 -0.3 0
1.1 -0.2 1.25
1.1 -0.2 0
1.1 -0.1 1.25
1.1 -0.1 0
1.1 0 1.25
1.1 0 0
1.1 0.1 1.25
1.1 0.1 0
1.1 0.2 1.25
1.1 0.2 0
1.1 0.3 1.25
1.1 0.3 0
1.1 0.4 1.25
1.1 0.4 0
1.1 0.5 1.25
1.1 0.5 0
1.1 0.6 1.25
1.1 0.6 0
1.1 0.7 1.25
1.1 0.7 0
1.1 0.8 1.25
1.1 0.8 0
1.1 0.9 1.25
1.1 0.9 0
1.1 1 1.25
1.1 1 0
1.1 1.1 1.25
1.1 1.1 0
1.1 1.2 1.1
1.1 1.2 0
1.1 1.3 0.95
1.1 1.3 0
1.1 1.4 0.8
1.1 1.4 0
1.1 1.5 0.65
1.1 1.5 0
1.1 1.6 0.5
1.1 1.6 0
1.1 1.7 0.5
1.1 1.7 0
1.1 1.8 0.5
1.1 1.8 0
1.1 1.9 0.5
1.1 1.9 0
1.1 2 0.5
1.1 2 0
1.1 2.1 0.5
1.1 2.1 0
1.1 2.2 0.5
1.1 2.2 0
1.1 2.3 0.5
1.1 2.3 0
1.1 2.4 0.5
1.1 2.4 0
1.2 -2.4 0.5
1.2 -2.3 0.5
1.2 -2.4 0
1.2 -2.3 0
1.2 -2.2 0.5
1.2 -2.2 0
1.2 -2.1 0.5
1.2 -2.1 0
1.2 -2 0.5
1.2 -2 0
1.2 -1.9 0.5
1.2 -1.9 0
1.2 -1.8 0.5
1.2 -1.8 0
1.2 -1.7 0.5
1.2 -1.7 0
1.2 -1.6 0.5
1.2 -1.6 0
1.2 -1.5 0.65
1.2 -1.5 0
1.2 -1.4 0.8
1.2 -1.4 0
1.2 -1.3 0.95
1.2 -1.3 0
1.2 -1.2 1.1
1.2 -1.2 0
1.2 -1.1 1.1
1.2 -1.1 0
1.2 -1 1.1
1.2 -1 0
1.2 -0.9 1.1
1.2 -0.9 0
1.2 -0.8 1.1
1.2 -0.8 0
1.2 -0.7 1.1
1.2 -0.7 0
1.2 -0.6 1.1
1.2 -0.6 0
1.2 -0.5 1.1
1.2 -0.5 0
1.2 -0.4 1.1
1.2 -0.4 0
1.2 -0.3 1.1
1.2 -0.3 0
1.2 -0.2 1.1
1.2 -0.2 0
1.2 -0.1 1.1
1.2 -0.1 0
1.2 0 1.1
1.2 0 0
1.2 0.1 1.1
1.2 0.1 0
1.2 0.2 1.1
1.2 0.2 0
1.2 0.3 1.1
1.2 0.3 0
1.2 0.4 1.1
1.2 0.4 0
1.2 0.5 1.1
1.2 0.5 0
1.2 0.6 1.1
1.2 0.6 0
1.2 0.7 1.1
1.2 0.7 0
1.2 0.8 1.1
1.2 0.8 0
1.2 0.9 1.1
1.2 0.9 0
1.2 1 1.1
1.2 1 0
1.2 1.1 1.1
1.2 1.1 0
1.2 1.2 1.1
1.2 1.2 0
1.2 1.3 0.95
1.2 1.3 0
1.2 1.4 0.8
1.2 1.4 0
1.2 1.5 0.65
1.2 1.5 0
1.2 1.6 0.5
1.2 1.6 0
1.2 1.7 0.5
1.2 1.7 0
1.2 1.8 0.5
1.2 1.8 0
1.2 1.9 0.5
1.2 1.9 0
1.2 2 0.5
1.2 2 0
1.2 2.1 0.5
1.2 2.1 0
1.2 2.2 0.5
1.2 2.2 0
1.2 2.3 0.5
1.2 2.3 0
1.2 2.4 0.5
1.2 2.4 0
1.3 -2.4 0.5
1.3 -2.3 0.5
1.3 -2.4 0
1.3 -2.3 0
1.3 -2.2 0.5
1.3 -2.2 0
1.3 -2.1 0.5
1.3 -2.1 0
1.3 -2 0.5
1.3 -2 0
1.3 -1.9 0.5
1.3 -1.9 0
1.3 -1.8 0.5
1.3 -1.8 0
1.3 -1.7 0.5
1.3 -1.7 0
1.3 -1.6 0.5
1.3 -1.6 0
1.3 -1.5 0.65
1.3 -1.5 0
1.3 -1.4 0.8
1.3 -1.4 0
1.3 -1.3 0.95
1.3 -1.3 0
1.3 -1.2 0.95
1.3 -1.2 0
1.3 -1.1 0.95
1.3 -1.1 0
1.3 -1 0.95
1.3 -1 0
1.3 -0.9 0.95
1.3 -0.9 0
1.3 -0.8 0.95
1.3 -0.8 0
1.3 -0.7 0.95
1.3 -0.7 0
1.3 -0.6 0.95
1.3 -0.6 0
1.3 -0.5 0.95
1.3 -0.5 0
1.3 -0.4 0.95
1.3 -0.4 0
1.3 -0.3 0.95
1.3 -0.3 0
1.3 -0.2 0.95
1.3 -0.2 0
1.3 -0.1 0.95
1.3 -0.1 0
1.3 0 0.95
1.3 0 0
1.3 0.1 0.95
1.3 0.1 0
1.3 0.2 0.95
1.3 0.2 0
1.3 0.3 0.95
1.3 0.3 0
1.3 0.4 0.95
1.3 0.4 0
1.3 0.5 0.95
1.3 0.5 0
1.3 0.6 0.95
1.3 0.6 0
1.3 0.7 0.95
1.3 0.7 0
1.3 0.8 0.95
1.3 0.8 0
1.3 0.9 0.95
1.3 0.9 0
1.3 1 0.95
1.3 1 0
1.3 1.1 0.95
1.3 1.1 0
1.3 1.2 0.95
1.3 1.2 0
1.3 1.3 0.95
1.3 1.3 0
1.3 1.4 0.8
1.3 1.4 0
1.3 1.5 0.65
1.3 1.5 0
1.3 1.6 0.5
1.3 1.6 0
1.3 1.7 0.5
1.3 1.7 0
1.3 1.8 0.5
1.3 1.8 0
1.3 1.9 0.5
1.3 1.9 0
1.3 2 0.5
1.3 2 0
1.3 2.1 0.5
1.3 2.1 0
1.3 2.2 0.5
1.3 2.2 0
1.3 2.3 0.5
1.3 2.3 0
1.3 2.4 0.5
1.3 2.4 0
1.4 -2.4 0.5
1.4 -2.3 0.5
1.4 -2.4 0
1.4 -2.3 0
1.4 -2.2 0.5
1.4 -2.2 0
1.4 -2.1 0.5
1.4 -2.1 0
1.4 -2 0.5
1.4 -2 0
1.4 -1.9 0.5
1.4 -1.9 0
1.4 -1.8 0.5
1.4 -1.8 0
1.4 -1.7 0.5
1.4 -1.7 0
1.4 -1.6 0.5
1.4 -1.6 0
1.4 -1.5 0.65
1.4 -1.5 0
1.4 -1.4 0.8
1.4 -1.4 0
1.4 -1.3 0.8
1.4 -1.3 0
1.4 -1.2 0.8
1.4 -1.2 0
1.4 -1.1 0.8
1.4 -1.1 0
1.4 -1 0.8
1.4 -1 0
1.4 -0.9 0.8
1.4 -0.9 0
1.4 -0.8 0.8
1.4 -0.8 0
1.4 -0.7 0.8
1.4 -0.7 0
1.4 -0.6 0.8
1.4 -0.6 0
1.4 -0.5 0.8
1.4 -0.5 0
1.4 -0.4 0.8
1.4 -0.4 0
1.4 -0.3 0.8
1.4 -0.3 0
1.4 -0.2 0.8
1.4 -0.2 0
1.4 -0.1 0.8
1.4 -0.1 0
1.4 0 0.8
1.4 0 0
1.4 0.1 0.8
1.4 0.1 0
1.4 0.2 0.8
1.4 0.2 0
1.4 0.3 0.8
1.4 0.3 0
1.4 0.4 0.8
1.4 0.4 0
1.4 0.5 0.8
1.4 0.5 0
1.4 0.6 0.8
1.4 0.6 0
1.4 0.7 0.8
1.4 0.7 0
1.4 0.8 0.8
1.4 0.8 0
1.4 0.9 0.8
1.4 0.9 0
1.4 1 0.8
1.4 1 0
1.4 1.1 0.8
1.4 1.1 0
1.4 1.2 0.8
1.4 1.2 0
1.4 1.3 0.8
1.4 1.3 0
1.4 1.4 0.8
1.4 1.4 0
1.4 1.5 0.65
1.4 1.5 0
1.4 1.6 0.5
1.4 1.6 0
1.4 1.7 0.5
1.4 1.7 0
1.4 1.8 0.5
1.4 1.8 0
1.4 1.9 0.5
1.4 1.9 0
1.4 2 0.5
1.4 2 0
1.4 2.1 0.5
1.4 2.1 0
1.4 2.2 0.5
1.4 2.2 0
1.4 2.3 0.5
1.4 2.3 0
1.4 2.4 0.5
1.4 2.4 0
1.5 -2.4 0.5
1.5 -2.3 0.5
1.5 -2.4 0
1.5 -2.3 0
1.5 -2.2 0.5
1.5 -2.2 0
1.5 -2.1 0.5
1.5 -2.1 0
1.5 -2 0.5
1.5 -2 0
1.5 -1.9 0.5
1.5 -1.9 0
1.5 -1.8 0.5
1.5 -1.8 0
1.5 -1.7 0.5
1.5 -1.7 0
1.5 -1.6 0.5
1.5 -1.6 0
1.5 -1.5 0.65
1.5 -1.5 0
1.5 -1.4 0.65
1.5 -1.4 0
1.5 -1.3 0.65
1.5 -1.3 0
1.5 -1.2 0.65
1.5 -1.2 0
1.5 -1.1 0.65
1.5 -1.1 0
1.5 -1 0.65
1.5 -1 0
1.5 -0.9 0.65
1.5 -0.9 0
1.5 -0.8 0.65
1.5 -0.8 0
1.5 -0.7 0.65
1.5 -0.7 0
1.5 -0.6 0.65
1.5 -0.6 0
1.5 -0.5 0.65
1.5 -0.5 0
1.5 -0.4 0.65
1.5 -0.4 0
1.5 -0.3 0.65
1.5 -0.3 0
1.5 -0.2 0.65
1.5 -0.2 0
1.5 -0.1 0.65
1.5 -0.1 0
1.5 0 0.65
1.5 0 0
1.5 0.1 0.65
1.5 0.1 0
1.5 0.2 0.65
1.5 0.2 0
1.5 0.3 0.65
1.5 0.3 0
1.5 0.4 0.65
1.5 0.4 0
1.5 0.5 0.65
1.5 0.5 0
1.5 0.6 0.65
1.5 0.6 0
1.5 0.7 0.65
1.5 0.7 0
1.5 0.8 0.65
1.5 0.8 0
1.5 0.9 0.65
1.5 0.9 0
1.5 1 0.65
1.5 1 0
1.5 1.1 0.65
1.5 1.1 0
1.5 1.2 0.65
1.5 1.2 0
1.5 1.3 0.65
1.5 1.3 0
1.5 1.4 0.65
1.5 1.4 0
1.5 1.5 0.65
1.5 1.5 0
1.5 1.6 0.5
1.5 1.6 0
1.5 1.7 0.5
1.5 1.7 0
1.5 1.8 0.5
1.5 1.8 0
1.5 1.9 0.5
1.5 1.9 0
1.5 2 0.5
1.5 2 0
1.5 2.1 0.5
1.5 2.1 0
1.5 2.2 0.5
1.5 2.2 0
1.5 2.3 0.5
1.5 2.3 0
1.5 2.4 0.5
1.5 2.4 0
1.6 -2.4 0.5
1.6 -2.3 0.5
1.6 -2.4 0
1.6 -2.3 0
1.6 -2.2 0.5
1.6 -2.2 0
1.6 -2.1 0.5
1.6 -2.1 0
1.6 -2 0.5
1.6 -2 0
1.6 -1.9 0.5
1.6 -1.9 0
1.6 -1.8 0.5
1.6 -1.8 0
1.6 -1.7 0.5
1.6 -1.7 0
1.6 -1.6 0.5
1.6 -1.6 0
1.6 -1.5 0.5
1.6 -1.5 0
1.6 -1.4 0.5
1.6 -1.4 0
1.6 -1.3 0.5
1.6 -1.3 0
1.6 -1.2 0.5
1.6 -1.2 0
1.6 -1.1 0.5
1.6 -1.1 0
1.6 -1 0.5
1.6 -1 0
1.6 -0.9 0.5
1.6 -0.9 0
1.6 -0.8 0.5
1.6 -0.8 0
1.6 -0.7 0.5
1.6 -0.7 0
1.6 -0.6 0.5
1.6 -0.6 0
1.6 -0.5 0.5
1.6 -0.5 0
1.6 -0.4 0.5
1.6 -0.4 0
1.6 -0.3 0.5
1.6 -0.3 0
1.6 -0.2 0.5
1.6 -0.2 0
1.6 -0.1 0.5
1.6 -0.1 0
1.6 0 0.5
1.6 0 0
1.6 0.1 0.5
1.6 0.1 0
1.6 0.2 0.5
1.6 0.2 0
1.6 0.3 0.5
1.6 0.3 0
1.6 0.4 0.5
1.6 0.4 0
1.6 0.5 0.5
1.6 0.5 0
1.6 0.6 0.5
1.6 0.6 0
1.6 0.7 0.5
1.6 0.7 0
1.6 0.8 0.5
1.6 0.8 0
1.6 0.9 0.5
1.6 0.9 0
1.6 1 0.5
1.6 1 0
1.6 1.1 0.5
1.6 1.1 0
1.6 1.2 0.5
1.6 1.2 0
1.6 1.3 0.5
1.6 1.3 0
1.6 1.4 0.5
1.6 1.4 0
1.6 1.5 0.5
1.6 1.5 0
1.6 1.6 0.5
1.6 1.6 0
1.6 1.7 0.5
1.6 1.7 0
1.6 1.8 0.5
1.6 1.8 0
1.6 1.9 0.5
1.6 1.9 0
1.6 2 0.5
1.6 2 0
1.6 2.1 0.5
1.6 2.1 0
1.6 2.2 0.5
1.6 2.2 0
1.6 2.3 0.5
1.6 2.3 0
1.6 2.4 0.5
1.6 2.4 0
1.7 -2.4 0.5
1.7 -2.3 0.5
1.7 -2.4 0
1.7 -2.3 0
1.7 -2.2 0.5
1.7 -2.2 0
1.7 -2.1 0.5
1.7 -2.1 0
1.7 -2 0.5
1.7 -2 0
1.7 -1.9 0.5
1.7 -1.9 0
1.7 -1.8 0.5
1.7 -1.8 0
1.7 -1.7 0.5
1.7 -1.7 0
1.7 -1.6 0.5
1.7 -1.6 0
1.7 -1.5 0.5
1.7 -1.5 0
1.7 -1.4 0.5
1.7 -1.4 0
1.7 -1.3 0.5
1.7 -1.3 0
1.7 -1.2 0.5
1.7 -1.2 0
1.7 -1.1 0.5
1.7 -1.1 0
1.7 -1 0.5
1.7 -1 0
1.7 -0.9 0.5
1.7 -0.9 0
1.7 -0.8 0.5
1.7 -0.8 0
1.7 -0.7 0.5
1.7 -0.7 0
1.7 -0.6 0.5
1.7 -0.6 0
1.7 -0.5 0.5
1.7 -0.5 0
1.7 -0.4 0.5
1.7 -0.4 0
1.7 -0.3 0.5
1.7 -0.3 0
1.7 -0.2 0.5
1.7 -0.2 0
1.7 -0.1 0.5
1.7 -0.1 0
1.7 0 0.5
1.7 0 0
1.7 0.1 0.5
1.7 0.1 0
1.7 0.2 0.5
1.7 0.2 0
1.7 0.3 0.5
1.7 0.3 0
1.7 0.4 0.5
1.7 0.4 0
1.7 0.5 0.5
1.7 0.5 0
1.7 0.6 0.5
1.7 0.6 0
1.7 0.7 0.5
1.7 0.7 0
1.7 0.8 0.5
1.7 0.8 0
1.7 0.9 0.5
1.7 0.9 0
1.7 1 0.5
1.7 1 0
1.7 1.1 0.5
1.7 1.1 0
1.7 1.2 0.5
1.7 1.2 0
1.7 1.3 0.5
1.7 1.3 0
1.7 1.4 0.5
1.7 1.4 0
1.7 1.5 0.5
1.7 1.5 0
1.7 1.6 0.5
1.7 1.6 0
1.7 1.7 0.5
1.7 1.7 0
1.7 1.8 0.5
1.7 1.8 0
1.7 1.9 0.5
1.7 1.9 0
1.7 2 0.5
1.7 2 0
1.7 2.1 0.5
1.7 2.1 0
1.7 2.2 0.5
1.7 2.2 0
1.7 2.3 0.5
1.7 2.3 0
1.7 2.4 0.5
1.7 2.4 0
1.8 -2.4 0.5
1.8 -2.3 0.5
1.8 -2.4 0
1.8 -2.3 0
1.8 -2.2 0.5
1.8 -2.2 0
1.8 -2.1 0.5
1.8 -2.1 0
1.8 -2 0.5
1.8 -2 0
1.8 -1.9 0.5
1.8 -1.9 0
1.8 -1.8 0.5
1.8 -1.8 0
1.8 -1.7 0.5
1.8 -1.7 0
1.8 -1.6 0.5
1.8 -1.6 0
1.8 -1.5 0.5
1.8 -1.5 0
1.8 -1.4 0.5
1.8 -1.4 0
1.8 -1.3 0.5
1.8 -1.3 0
1.8 -1.2 0.5
1.8 -1.2 0
1.8 -1.1 0.5
1.8 -1.1 0
1.8 -1 0.5
1.8 -1 0
1.8 -0.9 0.5
1.8 -0.9 0
1.8 -0.8 0.5
1.8 -0.8 0
1.8 -0.7 0.5
1.8 -0.7 0
1.8 -0.6 0.5
1.8 -0.6 0
1.8 -0.5 0.5
1.8 -0.5 0
1.8 -0.4 0.5
1.8 -0.4 0
1.8 -0.3 0.5
1.8 -0.3 0
1.8 -0.2 0.5
1.8 -0.2 0
1.8 -0.1 0.5
1.8 -0.1 0
1.8 0 0.5
1.8 0 0
1.8 0.1 0.5
1.8 0.1 0
1.8 0.2 0.5
1.8 0.2 0
1.8 0.3 0.5
1.8 0.3 0
1.8 0.4 0.5
1.8 0.4 0
1.8 0.5 0.5
1.8 0.5 0
1.8 0.6 0.5
1.8 0.6 0
1.8 0.7 0.5
1.8 0.7 0
1.8 0.8 0.5
1.8 0.8 0
1.8 0.9 0.5
1.8 0.9 0
1.8 1 0.5
1.8 1 0
1.8 1.1 0.5
1.8 1.1 0
1.8 1.2 0.5
1.8 1.2 0
1.8 1.3 0.5
1.8 1.3 0
1.8 1.4 0.5
1.8 1.4 0
1.8 1.5 0.5
1.8 1.5 0
1.8 1.6 0.5
1.8 1.6 0
1.8 1.7 0.5
1.8 1.7 0
1.8 1.8 0.5
1.8 1.8 0
1.8 1.9 0.5
1.8 1.9 0
1.8 2 0.5
1.8 2 0
1.8 2.1 0.5
1.8 2.1 0
1.8 2.2 0.5
1.8 2.2 0
1.8 2.3 0.5
1.8 2.3 0
1.8 2.4 0.5
1.8 2.4 0
1.9 -2.4 0.5
1.9 -2.3 0.5
1.9 -2.4 0
1.9 -2.3 0
1.9 -2.2 0.5
1.9 -2.2 0
1.9 -2.1 0.5
1.9 -2.1 0
1.9 -2 0.5
1.9 -2 0
1.9 -1.9 0.5
1.9 -1.9 0
1.9 -1.8 0.5
1.9 -1.8 0
1.9 -1.7 0.5
1.9 -1.7 0
1.9 -1.6 0.5
1.9 -1.6 0
1.9 -1.5 0.5
1.9 -1.5 0
1.9 -1.4 0.5
1.9 -1.4 0
1.9 -1.3 0.5
1.9 -1.3 0
1.9 -1.2 0.5
1.9 -1.2 0
1.9 -1.1 0.5
1.9 -1.1 0
1.9 -1 0.5
1.9 -1 0
1.9 -0.9 0.5
1.9 -0.9 0
1.9 -0.8 0.5
1.9 -0.8 0
1.9 -0.7 0.5
1.9 -0.7 0
1.9 -0.6 0.5
1.9 -0.6 0
1.9 -0.5 0.5
1.9 -0.5 0
1.9 -0.4 0.5
1.9 -0.4 0
1.9 -0.3 0.5
1.9 -0.3 0
1.9 -0.2 0.5
1.9 -0.2 0
1.9 -0.1 0.5
1.9 -0.1 0
1.9 0 0.5
1.9 0 0
1.9 0.1 0.5
1.9 0.1 0
1.9 0.2 0.5
1.9 0.2 0
1.9 0.3 0.5
1.9 0.3 0
1.9 0.4 0.5
1.9 0.4 0
1.9 0.5 0.5
1.9 0.5 0
1.9 0.6 0.5
1.9 0.6 0
1.9 0.7 0.5
1.9 0.7 0
1.9 0.8 0.5
1.9 0.8 0
1.9 0.9 0.5
1.9 0.9 0
1.9 1 0.5
1.9 1 0
1.9 1.1 0.5
1.9 1.1 0
1.9 1.2 0.5
1.9 1.2 0
1.9 1.3 0.5
1.9 1.3 0
1.9 1.4 0.5
1.9 1.4 0
1.9 1.5 0.5
1.9 1.5 0
1.9 1.6 0.5
1.9 1.6 0
1.9 1.7 0.5
1.9 1.7 0
1.9 1.8 0.5
1.9 1.8 0
1.9 1.9 0.5
1.9 1.9 0
1.9 2 0.5
1.9 2 0
1.9 2.1 0.5
1.9 2.1 0
1.9 2.2 0.5
1.9 2.2 0
1.9 2.3 0.5
1.9 2.3 0
1.9 2.4 0.5
1.9 2.4 0
2 -2.4 0.5
2 -2.3 0.5
2 -2.4 0
2 -2.3 0
2 -2.2 0.5
2 -2.2 0
2 -2.1 0.5
2 -2.1 0
2 -2 0.5
2 -2 0
2 -1.9 0.5
2 -1.9 0
2 -1.8 0.5
2 -1.8 0
2 -1.7 0.5
2 -1.7 0
2 -1.6 0.5
2 -1.6 0
2 -1.5 0.5
2 -1.5 0
2 -1.4 0.5
2 -1.4 0
2 -1.3 0.5
2 -1.3 0
2 -1.2 0.5
2 -1.2 0
2 -1.1 0.5
2 -1.1 0
2 -1 0.5
2 -1 0
2 -0.9 0.5
2 -0.9 0
2 -0.8 0.5
2 -0.8 0
2 -0.7 0.5
2 -0.7 0
2 -0.6 0.5
2 -0.6 0
2 -0.5 0.5
2 -0.5 0
2 -0.4 0.5
2 -0.4 0
2 -0.3 0.5
2 -0.3 0
2 0.3 0.5
2 0.4 0.5
2 0.3 0
2 0.4 0
2 0.5 0.5
2 0.5 0
2 0.6 0.5
2 0.6 0
2 0.7 0.5
2 0.7 0
2 0.8 0.5
2 0.8 0
2 0.9 0.5
2 0.9 0
2 1 0.5
2 1 0
2 1.1 0.5
2 1.1 0
2 1.2 0.5
2 1.2 0
2 1.3 0.5
2 1.3 0
2 1.4 0.5
2 1.4 0
2 1.5 0.5
2 1.5 0
2 1.6 0.5
2 1.6 0
2 1.7 0.5
2 1.7 0
2 1.8 0.5
2 1.8 0
2 1.9 0.5
2 1.9 0
2 2 0.5
2 2 0
2 2.1 0.5
2 2.1 0
2 2.2 0.5
2 2.2 0
2 2.3 0.5
2 2.3 0
2 2.4 0.5
2 2.4 0
2.1 -2.4 0.5
2.1 -2.3 0.5
2.1 -2.4 0
2.1 -2.3 0
2.1 -2.2 0.5
2.1 -2.2 0
2.1 -2.1 0.5
2.1 -2.1 0
2.1 -2 0.5
2.1 -2 0
2.1 -1.9 0.5
2.1 -1.9 0
2.1 -1.8 0.5
2.1 -1.8 0
2.1 -1.7 0.5
2.1 -1.7 0
2.1 -1.6 0.5
2.1 -1.6 0
2.1 -1.5 0.5
2.1 -1.5 0
2.1 -1.4 0.5
2.1 -1.4 0
2.1 -1.3 0.5
2.1 -1.3 0
2.1 -1.2 0.5
2.1 -1.2 0
2.1 -1.1 0.5
2.1 -1.1 0
2.1 -1 0.5
2.1 -1 0
2.1 -0.9 0.5
2.1 -0.9 0
2.1 -0.8 0.5
2.1 -0.8 0
2.1 -0.7 0.5
2.1 -0.7 0
2.1 -0.6 0.5
2.1 -0.6 0
2.1 -0.5 0.5
2.1 -0.5 0
2.1 -0.4 0.5
2.1 -0.4 0
2.1 -0.3 0.5
2.1 -0.3 0
2.1 0.3 0.5
2.1 0.4 0.5
2.1 0.3 0
2.1 0.4 0
2.1 0.5 0.5
2.1 0.5 0
2.1 0.6 0.5
2.1 0.6 0
2.1 0.7 0.5
2.1 0.7 0
2.1 0.8 0.5
2.1 0.8 0
2.1 0.9 0.5
2.1 0.9 0
2.1 1 0.5
2.1 1 0
2.1 1.1 0.5
2.1 1.1 0
2.1 1.2 0.5
2.1 1.2 0
2.1 1.3 0.5
2.1 1.3 0
2.1 1.4 0.5
2.1 1.4 0
2.1 1.5 0.5
2.1 1.5 0
2.1 1.6 0.5
2.1 1.6 0
2.1 1.7 0.5
2.1 1.7 0
2.1 1.8 0.5
2.1 1.8 0
2.1 1.9 0.5
2.1 1.9 0
2.1 2 0.5
2.1 2 0
2.1 2.1 0.5
2.1 2.1 0
2.1 2.2 0.5
2.1 2.2 0
2.1 2.3 0.5
2.1 2.3 0
2.1 2.4 0.5
2.1 2.4 0
2.2 -2.4 0.5
2.2 -2.3 0.5
2.2 -2.4 0
2.2 -2.3 0
2.2 -2.2 0.5
2.2 -2.2 0
2.2 -2.1 0.5
2.2 -2.1 0
2.2 -2 0.5
2.2 -2 0
2.2 -1.9 0.5
2.2 -1.9 0
2.2 -1.8 0.5
2.2 -1.8 0
2.2 -1.7 0.5
2.2 -1.7 0
2.2 -1.6 0.5
2.2 -1.6 0
2.2 -1.5 0.5
2.2 -1.5 0
2.2 -1.4 0.5
2.2 -1.4 0
2.2 -1.3 0.5
2.2 -1.3 0
2.2 -1.2 0.5
2.2 -1.2 0
2.2 -1.1 0.5
2.2 -1.1 0
2.2 -1 0.5
2.2 -1 0
2.2 -0.9 0.5
2.2 -0.9 0
2.2 -0.8 0.5
2.2 -0.8 0
2.2 -0.7 0.5
2.2 -0.7 0
2.2 -0.6 0.5
2.2 -0.6 0
2.2 -0.5 0.5
2.2 -0.5 0
2.2 -0.4 0.5
2.2 -0.4 0
2.2 -0.3 0.5
2.2 -0.3 0
2.2 0.3 0.5
2.2 0.4 0.5
2.2 0.3 0
2.2 0.4 0
2.2 0.5 0.5
2.2 0.5 0
2.2 0.6 0.5
2.2 0.6 0
2.2 0.7 0.5
2.2 0.7 0
2.2 0.8 0.5
2.2 0.8 0
2.2 0.9 0.5
2.2 0.9 0
2.2 1 0.5
2.2 1 0
2.2 1.1 0.5
2.2 1.1 0
2.2 1.2 0.5
2.2 1.2 0
2.2 1.3 0.5
2.2 1.3 0
2.2 1.4 0.5
2.2 1.4 0
2.2 1.5 0.5
2.2 1.5 0
2.2 1.6 0.5
2.2 1.6 0
2.2 1.7 0.5
2.2 1.7 0
2.2 1.8 0.5
2.2 1.8 0
2.2 1.9 0.5
2.2 1.9 0
2.2 2 0.5
2.2 2 0
2.2 2.1 0.5
2.2 2.1 0
2.2 2.2 0.5
2.2 2.2 0
2.2 2.3 0.5
2.2 2.3 0
2.2 2.4 0.5
2.2 2.4 0
2.3 -2.4 0.5
2.3 -2.3 0.5
2.3 -2.4 0
2.3 -2.3 0
2.3 -2.2 0.5
2.3 -2.2 0
2.3 -2.1 0.5
2.3 -2.1 0
2.3 -2 0.5
2.3 -2 0
2.3 -1.9 0.5
2.3 -1.9 0
2.3 -1.8 0.5
2.3 -1.8 0
2.3 -1.7 0.5
2.3 -1.7 0
2.3 -1.6 0.5
2.3 -1.6 0
2.3 -1.5 0.5
2.3 -1.5 0
2.3 -1.4 0.5
2.3 -1.4 0
2.3 -1.3 0.5
2.3 -1.3 0
2.3 -1.2 0.5
2.3 -1.2 0
2.3 -1.1 0.5
2.3 -1.1 0
2.3 -1 0.5
2.3 -1 0
2.3 -0.9 0.5
2.3 -0.9 0
2.3 -0.8 0.5
2.3 -0.8 0
2.3 -0.7 0.5
2.3 -0.7 0
2.3 -0.6 0.5
2.3 -0.6 0
2.3 -0.5 0.5
2.3 -0.5 0
2.3 -0.4 0.5
2.3 -0.4 0
2.3 -0.3 0.5
2.3 -0.3 0
2.3 0.3 0.5
2.3 0.4 0.5
2.3 0.3 0
2.3 0.4 0
2.3 0.5 0.5
2.3 0.5 0
2.3 0.6 0.5
2.3 0.6 0
2.3 0.7 0.5
2.3 0.7 0
2.3 0.8 0.5
2.3 0.8 0
2.3 0.9 0.5
2.3 0.9 0
2.3 1 0.5
2.3 1 0
2.3 1.1 0.5
2.3 1.1 0
2.3 1.2 0.5
2.3 1.2 0
2.3 1.3 0.5
2.3 1.3 0
2.3 1.4 0.5
2.3 1.4 0
2.3 1.5 0.5
2.3 1.5 0
2.3 1.6 0.5
2.3 1.6 0
2.3 1.7 0.5
2.3 1.7 0
2.3 1.8 0.5
2.3 1.8 0
2.3 1.9 0.5
2.3 1.9 0
2.3 2 0.5
2.3 2 0
2.3 2.1 0.5
2.3 2.1 0
2.3 2.2 0.5
2.3 2.2 0
2.3 2.3 0.5
2.3 2.3 0
2.3 2.4 0.5
2.3 2.4 0
2.4 -2.4 0.5
2.4 -2.3 0.5
2.4 -2.4 0
2.4 -2.3 0
2.4 -2.2 0.5
2.4 -2.2 0
2.4 -2.1 0.5
2.4 -2.1 0
2.4 -2 0.5
2.4 -2 0
2.4 -1.9 0.5
2.4 -1.9 0
2.4 -1.8 0.5
2.4 -1.8 0
2.4 -1.7 0.5
2.4 -1.7 0
2.4 -1.6 0.5
2.4 -1.6 0
2.4 -1.5 0.5
2.4 -1.5 0
2.4 -1.4 0.5
2.4 -1.4 0
2.4 -1.3 0.5
2.4 -1.3 0
2.4 -1.2 0.5
2.4 -1.2 0
2.4 -1.1 0.5
2.4 -1.1 0
2.4 -1 0.5
2.4 -1 0
2.4 -0.9 0.5
2.4 -0.9 0
2.4 -0.8 0.5
2.4 -0.8 0
2.4 -0.7 0.5
2.4 -0.7 0
2.4 -0.6 0.5
2.4 -0.6 0
2.4 -0.5 0.5
2.4 -0.5 0
2.4 -0.4 0.5
2.4 -0.4 0
2.4 -0.3 0.5
2.4 -0.3 0
2.4 0.3 0.5
2.4 0.4 0.5
2.4 0.3 0
2.4 0.4 0
2.4 0.5 0.5
2.4 0.5 0
2.4 0.6 0.5
2.4 0.6 0
2.4 0.7 0.5
2.4 0.7 0
2.4 0.8 0.5
2.4 0.8 0
2.4 0.9 0.5
2.4 0.9 0
2.4 1 0.5
2.4 1 0
2.4 1.1 0.5
2.4 1.1 0
2.4 1.2 0.5
2.4 1.2 0
2.4 1.3 0.5
2.4 1.3 0
2.4 1.4 0.5
2.4 1.4 0
2.4 1.5 0.5
2.4 1.5 0
2.4 1.6 0.5
2.4 1.6 0
2.4 1.7 0.5
2.4 1.7 0
2.4 1.8 0.5
2.4 1.8 0
2.4 1.9 0.5
2.4 1.9 0
2.4 2 0.5
2.4 2 0
2.4 2.1 0.5
2.4 2.1 0
2.4 2.2 0.5
2.4 2.2 0
2.4 2.3 0.5
2.4 2.3 0
2.4 2.4 0.5
2.4 2.4 0
2.5 -2.4 0.5
2.5 -2.3 0.5
2.5 -2.4 0
2.5 -2.3 0
2.5 -2.2 0.5
2.5 -2.2 0
2.5 -2.1 0.5
2.5 -2.1 0
2.5 -2 0.5
2.5 -2 0
2.5 -1.9 0.5
2.5 -1.9 0
2.5 -1.8 0.5
2.5 -1.8 0
2.5 -1.7 0.5
2.5 -1.7 0
2.5 -1.6 0.5
2.5 -1.6 0
2.5 -1.5 0.5
2.5 -1.5 0
2.5 -1.4 0.5
2.5 -1.4 0
2.5 -1.3 0.5
2.5 -1.3 0
2.5 -1.2 0.5
2.5 -1.2 0
2.5 -1.1 0.5
2.5 -1.1 0
2.5 -1 0.5
2.5 -1 0
2.5 -0.9 0.5
2.5 -0.9 0
2.5 -0.8 0.5
2.5 -0.8 0
2.5 -0.7 0.5
2.5 -0.7 0
2.5 -0.6 0.5
2.5 -0.6 0
2.5 -0.5 0.5
2.5 -0.5 0
2.5 -0.4 0.5
2.5 -0.4 0
2.5 -0.3 0.5
2.5 -0.3 0
2.5 0.3 0.5
2.5 0.4 0.5
2.5 0.3 0
2.5 0.4 0
2.5 0.5 0.5
2.5 0.5 0
2.5 0.6 0.5
2.5 0.6 0
2.5 0.7 0.5
2.5 0.7 0
2.5 0.8 0.5
2.5 0.8 0
2.5 0.9 0.5
2.5 0.9 0
2.5 1 0.5
2.5 1 0
2.5 1.1 0.5
2.5 1.1 0
2.5 1.2 0.5
2.5 1.2 0
2.5 1.3 0.5
2.5 1.3 0
2.5 1.4 0.5
2.5 1.4 0
2.5 1.5 0.5
2.5 1.5 0
2.5 1.6 0.5
2.5 1.6 0
2.5 1.7 0.5
2.5 1.7 0
2.5 1.8 0.5
2.5 1.8 0
2.5 1.9 0.5
2.5 1.9 0
2.5 2 0.5
2.5 2 0
2.5 2.1 0.5
2.5 2.1 0
2.5 2.2 0.5
2.5 2.2 0
2.5 2.3 0.5
2.5 2.3 0
2.5 2.4 0.5
2.5 2.4 0
2.6 -2.4 0.5
2.6 -2.3 0.5
2.6 -2.4 0
2.6 -2.3 0
2.6 -2.2 0.5
2.6 -2.2 0
2.6 -2.1 0.5
2.6 -2.1 0
2.6 -2 0.5
2.6 -2 0
2.6 -1.9 0.5
2.6 -1.9 0
2.6 -1.8 0.5
2.6 -1.8 0
2.6 -1.7 0.5
2.6 -1.7 0
2.6 -1.6 0.5
2.6 -1.6 0
2.6 -1.5 0.5
2.6 -1.5 0
2.6 -1.4 0.5
2.6 -1.4 0
2.6 -1.3 0.5
2.6 -1.3 0
2.6 -1.2 0.5
2.6 -1.2 0
2.6 -1.1 0.5
2.6 -1.1 0
2.6 -1 0.5
2.6 -1 0
2.6 -0.9 0.5
2.6 -0.9 0
2.6 -0.8 0.5
2.6 -0.8 0
2.6 -0.7 0.5
2.6 -0.7 0
2.6 -0.6 0.5
2.6 -0.6 0
2.6 -0.5 0.5
2.6 -0.5 0
2.6 -0.4 0.5
2.6 -0.4 0
2.6 -0.3 0.5
2.6 -0.3 0
2.6 -0.2 0.5
2.5 -0.2 0.5
2.6 -0.2 0
2.5 -0.2 0
2.6 -0.1 0.5
2.5 -0.1 0.5
2.6 -0.1 0
2.5 -0.1 0
2.6 0 0.5
2.5 0 0.5
2.6 0 0
2.5 0 0
2.6 0.1 0.5
2.5 0.1 0.5
2.6 0.1 0
2.5 0.1 0
2.6 0.2 0.5
2.5 0.2 0.5
2.6 0.2 0
2.5 0.2 0
2.6 0.3 0.5
2.6 0.3 0
2.6 0.4 0.5
2.6 0.4 0
2.6 0.5 0.5
2.6 0.5 0
2.6 0.6 0.5
2.6 0.6 0
2.6 0.7 0.5
2.6 0.7 0
2.6 0.8 0.5
2.6 0.8 0
2.6 0.9 0.5
2.6 0.9 0
2.6 1 0.5
2.6 1 0
2.6 1.1 0.5
2.6 1.1 0
2.6 1.2 0.5
2.6 1.2 0
2.6 1.3 0.5
2.6 1.3 0
2.6 1.4 0.5
2.6 1.4 0
2.6 1.5 0.5
2.6 1.5 0
2.6 1.6 0.5
2.6 1.6 0
2.6 1.7 0.5
2.6 1.7 0
2.6 1.8 0.5
2.6 1.8 0
2.6 1.9 0.5
2.6 1.9 0
2.6 2 0.5
2.6 2 0
2.6 2.1 0.5
2.6 2.1 0
2.6 2.2 0.5
2.6 2.2 0
2.6 2.3 0.5
2.6 2.3 0
2.6 2.4 0.5
2.6 2.4 0
2.7 -2.4 0.5
2.7 -2.3 0.5
2.7 -2.4 0
2.7 -2.3 0
2.7 -2.2 0.5
2.7 -2.2 0
2.7 -2.1 0.5
2.7 -2.1 0
2.7 -2 0.5
2.7 -2 0
2.7 -1.9 0.5
2.7 -1.9 0
2.7 -1.8 0.5
2.7 -1.8 0
2.7 -1.7 0.5
2.7 -1.7 0
2.7 -1.6 0.5
2.7 -1.6 0
2.7 -1.5 0.5
2.7 -1.5 0
2.7 -1.4 0.5
2.7 -1.4 0
2.7 -1.3 0.5
2.7 -1.3 0
2.7 -1.2 0.5
2.7 -1.2 0
2.7 -1.1 0.5
2.7 -1.1 0
2.7 -1 0.5
2.7 -1 0
2.7 -0.9 0.5
2.7 -0.9 0
2.7 -0.8 0.5
2.7 -0.8 0
2.7 -0.7 0.5
2.7 -0.7 0
2.7 -0.6 0.5
2.7 -0.6 0
2.7 -0.5 0.5
2.7 -0.5 0
2.7 -0.4 0.5
2.7 -0.4 0
2.7 -0.3 0.5
2.7 -0.3 0
2.7 -0.2 0.5
2.7 -0.2 0
2.7 -0.1 0.5
2.7 -0.1 0
2.7 0 0.5
2.7 0 0
2.7 0.1 0.5
2.7 0.1 0
2.7 0.2 0.5
2.7 0.2 0
2.7 0.3 0.5
2.7 0.3 0
2.7 0.4 0.5
2.7 0.4 0
2.7 0.5 0.5
2.7 0.5 0
2.7 0.6 0.5
2.7 0.6 0
2.7 0.7 0.5
2.7 0.7 0
2.7 0.8 0.5
2.7 0.8 0
2.7 0.9 0.5
2.7 0.9 0
2.7 1 0.5
2.7 1 0
2.7 1.1 0.5
2.7 1.1 0
2.7 1.2 0.5
2.7 1.2 0
2.7 1.3 0.5
2.7 1.3 0
2.7 1.4 0.5
2.7 1.4 0
2.7 1.5 0.5
2.7 1.5 0
2.7 1.6 0.5
2.7 1.6 0
2.7 1.7 0.5
2.7 1.7 0
2.7 1.8 0.5
2.7 1.8 0
2.7 1.9 0.5
2.7 1.9 0
2.7 2 0.5
2.7 2 0
2.7 2.1 0.5
2.7 2.1 0
2.7 2.2 0.5
2.7 2.2 0
2.7 2.3 0.5
2.7 2.3 0
2.7 2.4 0.5
2.7 2.4 0
2.8 -2.4 0.5
2.8 -2.3 0.5
2.8 -2.4 0
2.8 -2.3 0
2.8 -2.2 0.5
2.8 -2.2 0
2.8 -2.1 0.5
2.8 -2.1 0
2.8 -2 0.5
2.8 -2 0
2.8 -1.9 0.5
2.8 -1.9 0
2.8 -1.8 0.5
2.8 -1.8 0
2.8 -1.7 0.5
2.8 -1.7 0
2.8 -1.6 0.5
2.8 -1.6 0
2.8 -1.5 0.5
2.8 -1.5 0
2.8 -1.4 0.5
2.8 -1.4 0
2.8 -1.3 0.5
2.8 -1.3 0
2.8 -1.2 0.5
2.8 -1.2 0
2.8 -1.1 0.5
2.8 -1.1 0
2.8 -1 0.5
2.8 -1 0
2.8 -0.9 0.5
2.8 -0.9 0
2.8 -0.8 0.5
2.8 -0.8 0
2.8 -0.7 0.5
2.8 -0.7 0
2.8 -0.6 0.5
2.8 -0.6 0
2.8 -0.5 0.5
2.8 -0.5 0
2.8 -0.4 0.5
2.8 -0.4 0
2.8 -0.3 0.5
2.8 -0.3 0
2.8 -0.2 0.5
2.8 -0.2 0
2.8 -0.1 0.5
2.8 -0.1 0
2.8 0 0.5
2.8 0 0
2.8 0.1 0.5
2.8 0.1 0
2.8 0.2 0.5
2.8 0.2 0
2.8 0.3 0.5
2.8 0.3 0
2.8 0.4 0.5
2.8 0.4 0
2.8 0.5 0.5
2.8 0.5 0
2.8 0.6 0.5
2.8 0.6 0
2.8 0.7 0.5
2.8 0.7 0
2.8 0.8 0.5
2.8 0.8 0
2.8 0.9 0.5
2.8 0.9 0
2.8 1 0.5
2.8 1 0
2.8 1.1 0.5
2.8 1.1 0
2.8 1.2 0.5
2.8 1.2 0
2.8 1.3 0.5
2.8 1.3 0
2.8 1.4 0.5
2.8 1.4 0
2.8 1.5 0.5
2.8 1.5 0
2.8 1.6 0.5
2.8 1.6 0
2.8 1.7 0.5
2.8 1.7 0
2.8 1.8 0.5
2.8 1.8 0
2.8 1.9 0.5
2.8 1.9 0
2.8 2 0.5
2.8 2 0
2.8 2.1 0.5
2.8 2.1 0
2.8 2.2 0.5
2.8 2.2 0
2.8 2.3 0.5
2.8 2.3 0
2.8 2.4 0.5
2.8 2.4 0
2.9 -2.4 0.5
2.9 -2.3 0.5
2.9 -2.4 0
2.9 -2.3 0
2.9 -2.2 0.5
2.9 -2.2 0
2.9 -2.1 0.5
2.9 -2.1 0
2.9 -2 0.5
2.9 -2 0
2.9 -1.9 0.5
2.9 -1.9 0
2.9 -1.8 0.5
2.9 -1.8 0
2.9 -1.7 0.5
2.9 -1.7 0
2.9 -1.6 0.5
2.9 -1.6 0
2.9 -1.5 0.5
2.9 -1.5 0
2.9 -1.4 0.5
2.9 -1.4 0
2.9 -1.3 0.5
2.9 -1.3 0
2.9 -1.2 0.5
2.9 -1.2 0
2.9 -1.1 0.5
2.9 -1.1 0
2.9 -1 0.5
2.9 -1 0
2.9 -0.9 0.5
2.9 -0.9 0
2.9 -0.8 0.5
2.9 -0.8 0
2.9 -0.7 0.5
2.9 -0.7 0
2.9 -0.6 0.5
2.9 -0.6 0
2.9 -0.5 0.5
2.9 -0.5 0
2.9 -0.4 0.5
2.9 -0.4 0
2.9 -0.3 0.5
2.9 -0.3 0
2.9 -0.2 0.5
2.9 -0.2 0
2.9 -0.1 0.5
2.9 -0.1 0
2.9 0 0.5
2.9 0 0
2.9 0.1 0.5
2.9 0.1 0
2.9 0.2 0.5
2.9 0.2 0
2.9 0.3 0.5
2.9 0.3 0
2.9 0.4 0.5
2.9 0.4 0
2.9 0.5 0.5
2.9 0.5 0
2.9 0.6 0.5
2.9 0.6 0
2.9 0.7 0.5
2.9 0.7 0
2.9 0.8 0.5
2.9 0.8 0
2.9 0.9 0.5
2.9 0.9 0
2.9 1 0.5
2.9 1 0
2.9 1.1 0.5
2.9 1.1 0
2.9 1.2 0.5
2.9 1.2 0
2.9 1.3 0.5
2.9 1.3 0
2.9 1.4 0.5
2.9 1.4 0
2.9 1.5 0.5
2.9 1.5 0
2.9 1.6 0.5
2.9 1.6 0
2.9 1.7 0.5
2.9 1.7 0
2.9 1.8 0.5
2.9 1.8 0
2.9 1.9 0.5
2.9 1.9 0
2.9 2 0.5
2.9 2 0
2.9 2.1 0.5
2.9 2.1 0
2.9 2.2 0.5
2.9 2.2 0
2.9 2.3 0.5
2.9 2.3 0
2.9 2.4 0.5
2.9 2.4 0
3 -2.4 0.5
3 -2.3 0.5
3 -2.4 0
3 -2.3 0
3 -2.2 0.5
3 -2.2 0
3 -2.1 0.5
3 -2.1 0
3 -2 0.5
3 -2 0
3 -1.9 0.5
3 -1.9 0
3 -1.8 0.5
3 -1.8 0
3 -1.7 0.5
3 -1.7 0
3 -1.6 0.5
3 -1.6 0
3 -1.5 0.5
3 -1.5 0
3 -1.4 0.5
3 -1.4 0
3 -1.3 0.5
3 -1.3 0
3 -1.2 0.5
3 -1.2 0
3 -1.1 0.5
3 -1.1 0
3 -1 0.5
3 -1 0
3 -0.9 0.5
3 -0.9 0
3 -0.8 0.5
3 -0.8 0
3 -0.7 0.5
3 -0.7 0
3 -0.6 0.5
3 -0.6 0
3 -0.5 0.5
3 -0.5 0
3 -0.4 0.5
3 -0.4 0
3 -0.3 0.5
3 -0.3 0
3 -0.2 0.5
3 -0.2 0
3 -0.1 0.5
3 -0.1 0
3 0 0.5
3 0 0
3 0.1 0.5
3 0.1 0
3 0.2 0.5
3 0.2 0
3 0.3 0.5
3 0.3 0
3 0.4 0.5
3 0.4 0
3 0.5 0.5
3 0.5 0
3 0.6 0.5
3 0.6 0
3 0.7 0.5
3 0.7 0
3 0.8 0.5
3 0.8 0
3 0.9 0.5
3 0.9 0
3 1 0.5
3 1 0
3 1.1 0.5
3 1.1 0
3 1.2 0.5
3 1.2 0
3 1.3 0.5
3 1.3 0
3 1.4 0.5
3 1.4 0
3 1.5 0.5
3 1.5 0
3 1.6 0.5
3 1.6 0
3 1.7 0.5
3 1.7 0
3 1.8 0.5
3 1.8 0
3 1.9 0.5
3 1.9 0
3 2 0.5
3 2 0
3 2.1 0.5
3 2.1 0
3 2.2 0.5
3 2.2 0
3 2.3 0.5
3 2.3 0
3 2.4 0.5
3 2.4 0
CELLS 11760 47040
3 0 1 2
3 0 2 3
3 4 6 5
3 4 7 6
3 0 5 1
3 0 4 5
3 3 4 0
3 3 7 4
3 3 2 8
3 3 8 9
3 7 10 6
3 7 11 10
3 9 7 3
3 9 11 7
3 9 8 12
3 9 12 13
3 11 14 10
3 11 15 14
3 13 11 9
3 13 15 11
3 13 12 16
3 13 16 17
3 15 18 14
3 15 19 18
3 17 15 13
3 17 19 15
3 17 16 20
3 17 20 21
3 19 22 18
3 19 23 22
3 21 19 17
3 21 23 19
3 21 20 24
3 21 24 25
3 23 26 22
3 23 27 26
3 25 23 21
3 25 27 23
3 25 24 28
3 25 28 29
3 27 30 26
3 27 31 30
3 29 27 25
3 29 31 27
3 29 28 32
3 29 32 33
3 31 34 30
3 31 35 34
3 33 31 29
3 33 35 31
3 33 32 36
3 33 36 37
3 35 38 34
3 35 39 38
3 37 35 33
3 37 39 35
3 37 36 40
3 37 40 41
3 39 42 38
3 39 43 42
3 41 39 37
3 41 43 39
3 41 40 44
3 41 44 45
3 43 46 42
3 43 47 46
3 45 43 41
3 45 47 43
3 45 44 48
3 45 48 49
3 47 50 46
3 47 51 50
3 49 47 45
3 49 51 47
3 49 48 52
3 49 52 53
3 51 54 50
3 51 55 54
3 53 51 49
3 53 55 51
3 53 52 56
3 53 56 57
3 55 58 54
3 55 59 58
3 57 55 53
3 57 59 55
3 57 56 60
3 57 60 61
3 59 62 58
3 59 63 62
3 61 59 57
3 61 63 59
3 61 60 64
3 61 64 65
3 63 66 62
3 63 67 66
3 65 63 61
3 65 67 63
3 65 64 68
3 65 68 69
3 67 70 66
3 67 71 70
3 69 67 65
3 69 71 67
3 69 68 72
3 69 72 73
3 71 74 70
3 71 75 74
3 73 71 69
3 73 75 71
3 73 72 76
3 73 76 77
3 75 78 74
3 75 79 78
3 77 75 73
3 77 79 75
3 77 76 80
3 77 80 81
3 79 82 78
3 79 83 82
3 81 79 77
3 81 83 79
3 81 80 84
3 81 84 85
3 83 86 82
3 83 87 86
3 85 83 81
3 85 87 83
3 85 84 88
3 85 88 89
3 87 90 86
3 87 91 90
3 89 87 85
3 89 91 87
3 89 88 92
3 89 92 93
3 91 94 90
3 91 95 94
3 93 91 89
3 93 95 91
3 93 92 96
3 93 96 97
3 95 98 94
3 95 99 98
3 97 95 93
3 97 99 95
3 97 96 100
3 97 100 101
3 99 102 98
3 99 103 102
3 101 99 97
3 101 103 99
3 101 100 104
3 101 104 105
3 103 106 102
3 103 107 106
3 105 103 101
3 105 107 103
3 105 104 108
3 105 108 109
3 107 110 106
3 107 111 110
3 109 107 105
3 109 111 107
3 109 108 112
3 109 112 113
3 111 114 110
3 111 115 114
3 113 111 109
3 113 115 111
3 113 112 116
3 113 116 117
3 115 118 114
3 115 119 118
3 117 115 113
3 117 119 115
3 117 116 120
3 117 120 121
3 119 122 118
3 119 123 122
3 121 119 117
3 121 123 119
3 121 120 124
3 121 124 125
3 123 126 122
3 123 127 126
3 125 123 121
3 125 127 123
3 125 124 128
3 125 128 129
3 127 130 126
3 127 131 130
3 129 127 125
3 129 131 127
3 129 128 132
3 129 132 133
3 131 134 130
3 131 135 134
3 133 131 129
3 133 135 131
3 133 132 136
3 133 136 137
3 135 138 134
3 135 139 138
3 137 135 133
3 137 139 135
3 137 136 140
3 137 140 141
3 139 142 138
3 139 143 142
3 141 139 137
3 141 143 139
3 141 140 144
3 141 144 145
3 143 146 142
3 143 147 146
3 145 143 141
3 145 147 143
3 145 144 148
3 145 148 149
3 147 150 146
3 147 151 150
3 149 147 145
3 149 151 147
3 149 148 152
3 149 152 153
3 151 154 150
3 151 155 154
3 153 151 149
3 153 155 151
3 153 152 156
3 153 156 157
3 155 158 154
3 155 159 158
3 157 155 153
3 157 159 155
3 157 156 160
3 157 160 161
3 159 162 158
3 159 163 162
3 161 159 157
3 161 163 159
3 161 160 164
3 161 164 165
3 163 166 162
3 163 167 166
3 165 163 161
3 165 167 163
3 165 164 168
3 165 168 169
3 167 170 166
3 167 171 170
3 169 167 165
3 169 171 167
3 169 168 172
3 169 172 173
3 171 174 170
3 171 175 174
3 173 171 169
3 173 175 171
3 173 172 176
3 173 176 177
3 175 178 174
3 175 179 178
3 177 175 173
3 177 179 175
3 177 176 180
3 177 180 181
3 179 182 178
3 179 183 182
3 181 179 177
3 181 183 179
3 181 180 184
3 181 184 185
3 183 186 182
3 183 187 186
3 185 183 181
3 185 187 183
3 185 184 188
3 185 188 189
3 187 190 186
3 187 191 190
3 189 187 185
3 189 191 187
3 189 188 192
3 189 192 193
3 191 194 190
3 191 195 194
3 192 195 193
3 192 194 195
3 193 191 189
3 193 195 191
3 1 196 197
3 1 197 2
3 5 199 198
3 5 6 199
3 1 198 196
3 1 5 198
3 2 197 200
3 2 200 8
3 6 201 199
3 6 10 201
3 8 200 202
3 8 202 12
3 10 203 201
3 10 14 203
3 12 202 204
3 12 204 16
3 14 205 203
3 14 18 205
3 16 204 206
3 16 206 20
3 18 207 205
3 18 22 207
3 20 206 208
3 20 208 24
3 22 209 207
3 22 26 209
3 24 208 210
3 24 210 28
3 26 211 209
3 26 30 211
3 28 210 212
3 28 212 32
3 30 213 211
3 30 34 213
3 32 212 214
3 32 214 36
3 34 215 213
3 34 38 215
3 36 214 216
3 36 216 40
3 38 217 215
3 38 42 217
3 40 216 218
3 40 218 44
3 42 219 217
3 42 46 219
3 44 218 220
3 44 220 48
3 46 221 219
3 46 50 221
3 48 220 222
3 48 222 52
3 50 223 221
3 50 54 223
3 52 222 224
3 52 224 56
3 54 225 223
3 54 58 225
3 56 224 226
3 56 226 60
3 58 227 225
3 58 62 227
3 60 226 228
3 60 228 64
3 62 229 227
3 62 66 229
3 64 228 230
3 64 230 68
3 66 231 229
3 66 70 231
3 68 230 232
3 68 232 72
3 70 233 231
3 70 74 233
3 72 232 234
3 72 234 76
3 74 235 233
3 74 78 235
3 76 234 236
3 76 236 80
3 78 237 235
3 78 82 237
3 80 236 238
3 80 238 84
3 82 239 237
3 82 86 239
3 84 238 240
3 84 240 88
3 86 241 239
3 86 90 241
3 88 240 242
3 88 242 92
3 90 243 241
3 90 94 243
3 92 242 244
3 92 244 96
3 94 245 243
3 94 98 245
3 96 244 246
3 96 246 100
3 98 247 245
3 98 102 247
3 100 246 248
3 100 248 104
3 102 249 247
3 102 106 249
3 104 248 250
3 104 250 108
3 106 251 249
3 106 110 251
3 108 250 252
3 108 252 112
3 110 253 251
3 110 114 253
3 112 252 254
3 112 254 116
3 114 255 253
3 114 118 255
3 116 254 256
3 116 256 120
3 118 257 255
3 118 122 257
3 120 256 258
3 120 258 124
3 122 259 257
3 122 126 259
3 124 258 260
3 124 260 128
3 126 261 259
3 126 130 261
3 128 260 262
3 128 262 132
3 130 263 261
3 130 134 263
3 132 262 264
3 132 264 136
3 134 265 263
3 134 138 265
3 136 264 266
3 136 266 140
3 138 267 265
3 138 142 267
3 140 266 268
3 140 268 144
3 142 269 267
3 142 146 269
3 144 268 270
3 144 270 148
3 146 271 269
3 146 150 271
3 148 270 272
3 148 272 152
3 150 273 271
3 150 154 273
3 152 272 274
3 152 274 156
3 154 275 273
3 154 158 275
3 156 274 276
3 156 276 160
3 158 277 275
3 158 162 277
3 160 276 278
3 160 278 164
3 162 279 277
3 162 166 279
3 164 278 280
3 164 280 168
3 166 281 279
3 166 170 281
3 168 280 282
3 168 282 172
3 170 283 281
3 170 174 283
3 172 282 284
3 172 284 176
3 174 285 283
3 174 178 285
3 176 284 286
3 176 286 180
3 178 287 285
3 178 182 287
3 180 286 288
3 180 288 184
3 182 289 287
3 182 186 289
3 184 288 290
3 184 290 188
3 186 291 289
3 186 190 291
3 188 290 292
3 188 292 192
3 190 293 291
3 190 194 293
3 292 194 192
3 292 293 194
3 196 294 295
3 196 295 197
3 198 297 296
3 198 199 297
3 196 296 294
3 196 198 296
3 197 295 298
3 197 298 200
3 199 299 297
3 199 201 299
3 200 298 300
3 200 300 202
3 201 301 299
3 201 203 301
3 202 300 302
3 202 302 204
3 203 303 301
3 203 205 303
3 204 302 304
3 204 304 206
3 205 305 303
3 205 207 305
3 206 304 306
3 206 306 208
3 207 307 305
3 207 209 307
3 208 306 308
3 208 308 210
3 209 309 307
3 209 211 309
3 210 308 310
3 210 310 212
3 211 311 309
3 211 213 311
3 212 310 312
3 212 312 214
3 213 313 311
3 213 215 313
3 214 312 314
3 214 314 216
3 215 315 313
3 215 217 315
3 216 314 316
3 216 316 218
3 217 317 315
3 217 219 317
3 218 316 318
3 218 318 220
3 219 319 317
3 219 221 319
3 220 318 320
3 220 320 222
3 221 321 319
3 221 223 321
3 222 320 322
3 222 322 224
3 223 323 321
3 223 225 323
3 224 322 324
3 224 324 226
3 225 325 323
3 225 227 325
3 226 324 326
3 226 326 228
3 227 327 325
3 227 229 327
3 228 326 328
3 228 328 230
3 229 329 327
3 229 231 329
3 230 328 330
3 230 330 232
3 231 331 329
3 231 233 331
3 232 330 332
3 232 332 234
3 233 333 331
3 233 235 333
3 234 332 334
3 234 334 236
3 235 335 333
3 235 237 335
3 236 334 336
3 236 336 238
3 237 337 335
3 237 239 337
3 238 336 338
3 238 338 240
3 239 339 337
3 239 241 339
3 240 338 340
3 240 340 242
3 241 341 339
3 241 243 341
3 242 340 342
3 242 342 244
3 243 343 341
3 243 245 343
3 244 342 344
3 244 344 246
3 245 345 343
3 245 247 345
3 246 344 346
3 246 346 248
3 247 347 345
3 247 249 347
3 248 346 348
3 248 348 250
3 249 349 347
3 249 251 349
3 250 348 350
3 250 350 252
3 251 351 349
3 251 253 351
3 252 350 352
3 252 352 254
3 253 353 351
3 253 255 353
3 254 352 354
3 254 354 256
3 255 355 353
3 255 257 355
3 256 354 356
3 256 356 258
3 257 357 355
3 257 259 357
3 258 356 358
3 258 358 260
3 259 359 357
3 259 261 359
3 260 358 360
3 260 360 262
3 261 361 359
3 261 263 361
3 262 360 362
3 262 362 264
3 263 363 361
3 263 265 363
3 264 362 364
3 264 364 266
3 265 365 363
3 265 267 365
3 266 364 366
3 266 366 268
3 267 367 365
3 267 269 367
3 268 366 368
3 268 368 270
3 269 369 367
3 269 271 369
3 270 368 370
3 270 370 272
3 271 371 369
3 271 273 371
3 272 370 372
3 272 372 274
3 273 373 371
3 273 275 373
3 274 372 374
3 274 374 276
3 275 375 373
3 275 277 375
3 276 374 376
3 276 376 278
3 277 377 375
3 277 279 377
3 278 376 378
3 278 378 280
3 279 379 377
3 279 281 379
3 280 378 380
3 280 380 282
3 281 381 379
3 281 283 381
3 282 380 382
3 282 382 284
3 283 383 381
3 283 285 383
3 284 382 384
3 284 384 286
3 285 385 383
3 285 287 385
3 286 384 386
3 286 386 288
3 287 387 385
3 287 289 387
3 288 386 388
3 288 388 290
3 289 389 387
3 289 291 389
3 290 388 390
3 290 390 292
3 291 391 389
3 291 293 391
3 390 293 292
3 390 391 293
3 294 392 393
3 294 393 295
3 296 395 394
3 296 297 395
3 294 394 392
3 294 296 394
3 295 393 396
3 295 396 298
3 297 397 395
3 297 299 397
3 298 396 398
3 298 398 300
3 299 399 397
3 299 301 399
3 300 398 400
3 300 400 302
3 301 401 399
3 301 303 401
3 302 400 402
3 302 402 304
3 303 403 401
3 303 305 403
3 304 402 404
3 304 404 306
3 305 405 403
3 305 307 405
3 306 404 406
3 306 406 308
3 307 407 405
3 307 309 407
3 308 406 408
3 308 408 310
3 309 409 407
3 309 311 409
3 310 408 410
3 310 410 312
3 311 411 409
3 311 313 411
3 312 410 412
3 312 412 314
3 313 413 411
3 313 315 413
3 314 412 414
3 314 414 316
3 315 415 413
3 315 317 415
3 316 414 416
3 316 416 318
3 317 417 415
3 317 319 417
3 318 416 418
3 318 418 320
3 319 419 417
3 319 321 419
3 320 418 420
3 320 420 322
3 321 421 419
3 321 323 421
3 322 420 422
3 322 422 324
3 323 423 421
3 323 325 423
3 324 422 424
3 324 424 326
3 325 425 423
3 325 327 425
3 326 424 426
3 326 426 328
3 327 427 425
3 327 329 427
3 328 426 428
3 328 428 330
3 329 429 427
3 329 331 429
3 330 428 430
3 330 430 332
3 331 431 429
3 331 333 431
3 332 430 432
3 332 432 334
3 333 433 431
3 333 335 433
3 334 432 434
3 334 434 336
3 335 435 433
3 335 337 435
3 336 434 436
3 336 436 338
3 337 437 435
3 337 339 437
3 338 436 438
3 338 438 340
3 339 439 437
3 339 341 439
3 340 438 440
3 340 440 342
3 341 441 439
3 341 343 441
3 342 440 442
3 342 442 344
3 343 443 441
3 343 345 443
3 344 442 444
3 344 444 346
3 345 445 443
3 345 347 445
3 346 444 446
3 346 446 348
3 347 447 445
3 347 349 447
3 348 446 448
3 348 448 350
3 349 449 447
3 349 351 449
3 350 448 450
3 350 450 352
3 351 451 449
3 351 353 451
3 352 450 452
3 352 452 354
3 353 453 451
3 353 355 453
3 354 452 454
3 354 454 356
3 355 455 453
3 355 357 455
3 356 454 456
3 356 456 358
3 357 457 455
3 357 359 457
3 358 456 458
3 358 458 360
3 359 459 457
3 359 361 459
3 360 458 460
3 360 460 362
3 361 461 459
3 361 363 461
3 362 460 462
3 362 462 364
3 363 463 461
3 363 365 463
3 364 462 464
3 364 464 366
3 365 465 463
3 365 367 465
3 366 464 466
3 366 466 368
3 367 467 465
3 367 369 467
3 368 466 468
3 368 468 370
3 369 469 467
3 369 371 469
3 370 468 470
3 370 470 372
3 371 471 469
3 371 373 471
3 372 470 472
3 372 472 374
3 373 473 471
3 373 375 473
3 374 472 474
3 374 474 376
3 375 475 473
3 375 377 475
3 376 474 476
3 376 476 378
3 377 477 475
3 377 379 477
3 378 476 478
3 378 478 380
3 379 479 477
3 379 381 479
3 380 478 480
3 380 480 382
3 381 481 479
3 381 383 481
3 382 480 482
3 382 482 384
3 383 483 481
3 383 385 483
3 384 482 484
3 384 484 386
3 385 485 483
3 385 387 485
3 386 484 486
3 386 486 388
3 387 487 485
3 387 389 487
3 388 486 488
3 388 488 390
3 389 489 487
3 389 391 489
3 488 391 390
3 488 489 391
3 392 490 491
3 392 491 393
3 394 493 492
3 394 395 493
3 392 492 490
3 392 394 492
3 393 491 494
3 393 494 396
3 395 495 493
3 395 397 495
3 396 494 496
3 396 496 398
3 397 497 495
3 397 399 497
3 398 496 498
3 398 498 400
3 399 499 497
3 399 401 499
3 400 498 500
3 400 500 402
3 401 501 499
3 401 403 501
3 402 500 502
3 402 502 404
3 403 503 501
3 403 405 503
3 404 502 504
3 404 504 406
3 405 505 503
3 405 407 505
3 406 504 506
3 406 506 408
3 407 507 505
3 407 409 507
3 408 506 508
3 408 508 410
3 409 509 507
3 409 411 509
3 410 508 510
3 410 510 412
3 411 511 509
3 411 413 511
3 412 510 512
3 412 512 414
3 413 513 511
3 413 415 513
3 414 512 514
3 414 514 416
3 415 515 513
3 415 417 515
3 416 514 516
3 416 516 418
3 417 517 515
3 417 419 517
3 418 516 518
3 418 518 420
3 419 519 517
3 419 421 519
3 420 518 520
3 420 520 422
3 421 521 519
3 421 423 521
3 422 520 522
3 422 522 424
3 423 523 521
3 423 425 523
3 424 522 524
3 424 524 426
3 425 525 523
3 425 427 525
3 426 524 526
3 426 526 428
3 427 527 525
3 427 429 527
3 428 526 528
3 428 528 430
3 429 529 527
3 429 431 529
3 430 528 530
3 430 530 432
3 431 531 529
3 431 433 531
3 432 530 532
3 432 532 434
3 433 533 531
3 433 435 533
3 434 532 534
3 434 534 436
3 435 535 533
3 435 437 535
3 532 535 534
3 532 533 535
3 436 534 536
3 436 536 438
3 437 537 535
3 437 439 537
3 534 537 536
3 534 535 537
3 438 536 538
3 438 538 440
3 439 539 537
3 439 441 539
3 536 539 538
3 536 537 539
3 440 538 540
3 440 540 442
3 441 541 539
3 441 443 541
3 538 541 540
3 538 539 541
3 442 540 542
3 442 542 444
3 443 543 541
3 443 445 543
3 540 543 542
3 540 541 543
3 444 542 544
3 444 544 446
3 445 545 543
3 445 447 545
3 542 545 544
3 542 543 545
3 446 544 546
3 446 546 448
3 447 547 545
3 447 449 547
3 448 546 548
3 448 548 450
3 449 549 547
3 449 451 549
3 450 548 550
3 450 550 452
3 451 551 549
3 451 453 551
3 452 550 552
3 452 552 454
3 453 553 551
3 453 455 553
3 454 552 554
3 454 554 456
3 455 555 553
3 455 457 555
3 456 554 556
3 456 556 458
3 457 557 555
3 457 459 557
3 458 556 558
3 458 558 460
3 459 559 557
3 459 461 559
3 460 558 560
3 460 560 462
3 461 561 559
3 461 463 561
3 462 560 562
3 462 562 464
3 463 563 561
3 463 465 563
3 464 562 564
3 464 564 466
3 465 565 563
3 465 467 565
3 466 564 566
3 466 566 468
3 467 567 565
3 467 469 567
3 468 566 568
3 468 568 470
3 469 569 567
3 469 471 569
3 470 568 570
3 470 570 472
3 471 571 569
3 471 473 571
3 472 570 572
3 472 572 474
3 473 573 571
3 473 475 573
3 474 572 574
3 474 574 476
3 475 575 573
3 475 477 575
3 476 574 576
3 476 576 478
3 477 577 575
3 477 479 577
3 478 576 578
3 478 578 480
3 479 579 577
3 479 481 579
3 480 578 580
3 480 580 482
3 481 581 579
3 481 483 581
3 482 580 582
3 482 582 484
3 483 583 581
3 483 485 583
3 484 582 584
3 484 584 486
3 485 585 583
3 485 487 585
3 486 584 586
3 486 586 488
3 487 587 585
3 487 489 587
3 586 489 488
3 586 587 489
3 490 588 589
3 490 589 491
3 492 591 590
3 492 493 591
3 490 590 588
3 490 492 590
3 491 589 592
3 491 592 494
3 493 593 591
3 493 495 593
3 494 592 594
3 494 594 496
3 495 595 593
3 495 497 595
3 496 594 596
3 496 596 498
3 497 597 595
3 497 499 597
3 498 596 598
3 498 598 500
3 499 599 597
3 499 501 599
3 500 598 600
3 500 600 502
3 501 601 599
3 501 503 601
3 502 600 602
3 502 602 504
3 503 603 601
3 503 505 603
3 504 602 604
3 504 604 506
3 505 605 603
3 505 507 605
3 506 604 606
3 506 606 508
3 507 607 605
3 507 509 607
3 508 606 608
3 508 608 510
3 509 609 607
3 509 511 609
3 510 608 610
3 510 610 512
3 511 611 609
3 511 513 611
3 512 610 612
3 512 612 514
3 513 613 611
3 513 515 613
3 514 612 614
3 514 614 516
3 515 615 613
3 515 517 615
3 516 614 616
3 516 616 518
3 517 617 615
3 517 519 617
3 518 616 618
3 518 618 520
3 519 619 617
3 519 521 619
3 520 618 620
3 520 620 522
3 521 621 619
3 521 523 621
3 522 620 622
3 522 622 524
3 523 623 621
3 523 525 623
3 524 622 624
3 524 624 526
3 525 625 623
3 525 527 625
3 526 624 626
3 526 626 528
3 527 627 625
3 527 529 627
3 528 626 628
3 528 628 530
3 529 629 627
3 529 531 629
3 530 628 630
3 530 630 532
3 531 631 629
3 531 533 631
3 630 533 532
3 630 631 533
3 544 632 633
3 544 633 546
3 545 635 634
3 545 547 635
3 544 634 632
3 544 545 634
3 546 633 636
3 546 636 548
3 547 637 635
3 547 549 637
3 548 636 638
3 548 638 550
3 549 639 637
3 549 551 639
3 550 638 640
3 550 640 552
3 551 641 639
3 551 553 641
3 552 640 642
3 552 642 554
3 553 643 641
3 553 555 643
3 554 642 644
3 554 644 556
3 555 645 643
3 555 557 645
3 556 644 646
3 556 646 558
3 557 647 645
3 557 559 647
3 558 646 648
3 558 648 560
3 559 649 647
3 559 561 649
3 560 648 650
3 560 650 562
3 561 651 649
3 561 563 651
3 562 650 652
3 562 652 564
3 563 653 651
3 563 565 653
3 564 652 654
3 564 654 566
3 565 655 653
3 565 567 655
3 566 654 656
3 566 656 568
3 567 657 655
3 567 569 657
3 568 656 658
3 568 658 570
3 569 659 657
3 569 571 659
3 570 658 660
3 570 660 572
3 571 661 659
3 571 573 661
3 572 660 662
3 572 662 574
3 573 663 661
3 573 575 663
3 574 662 664
3 574 664 576
3 575 665 663
3 575 577 665
3 576 664 666
3 576 666 578
3 577 667 665
3 577 579 667
3 578 666 668
3 578 668 580
3 579 669 667
3 579 581 669
3 580 668 670
3 580 670 582
3 581 671 669
3 581 583 671
3 582 670 672
3 582 672 584
3 583 673 671
3 583 585 673
3 584 672 674
3 584 674 586
3 585 675 673
3 585 587 675
3 674 587 586
3 674 675 587
3 588 676 677
3 588 677 589
3 590 679 678
3 590 591 679
3 588 678 676
3 588 590 678
3 589 677 680
3 589 680 592
3 591 681 679
3 591 593 681
3 592 680 682
3 592 682 594
3 593 683 681
3 593 595 683
3 594 682 684
3 594 684 596
3 595 685 683
3 595 597 685
3 596 684 686
3 596 686 598
3 597 687 685
3 597 599 687
3 598 686 688
3 598 688 600
3 599 689 687
3 599 601 689
3 600 688 690
3 600 690 602
3 601 691 689
3 601 603 691
3 602 690 692
3 602 692 604
3 603 693 691
3 603 605 693
3 604 692 694
3 604 694 606
3 605 695 693
3 605 607 695
3 606 694 696
3 606 696 608
3 607 697 695
3 607 609 697
3 608 696 698
3 608 698 610
3 609 699 697
3 609 611 699
3 610 698 700
3 610 700 612
3 611 701 699
3 611 613 701
3 612 700 702
3 612 702 614
3 613 703 701
3 613 615 703
3 614 702 704
3 614 704 616
3 615 705 703
3 615 617 705
3 616 704 706
3 616 706 618
3 617 707 705
3 617 619 707
3 618 706 708
3 618 708 620
3 619 709 707
3 619 621 709
3 620 708 710
3 620 710 622
3 621 711 709
3 621 623 711
3 622 710 712
3 622 712 624
3 623 713 711
3 623 625 713
3 624 712 714
3 624 714 626
3 625 715 713
3 625 627 715
3 626 714 716
3 626 716 628
3 627 717 715
3 627 629 717
3 628 716 718
3 628 718 630
3 629 719 717
3 629 631 719
3 718 631 630
3 718 719 631
3 632 720 721
3 632 721 633
3 634 723 722
3 634 635 723
3 632 722 720
3 632 634 722
3 633 721 724
3 633 724 636
3 635 725 723
3 635 637 725
3 636 724 726
3 636 726 638
3 637 727 725
3 637 639 727
3 638 726 728
3 638 728 640
3 639 729 727
3 639 641 729
3 640 728 730
3 640 730 642
3 641 731 729
3 641 643 731
3 642 730 732
3 642 732 644
3 643 733 731
3 643 645 733
3 644 732 734
3 644 734 646
3 645 735 733
3 645 647 735
3 646 734 736
3 646 736 648
3 647 737 735
3 647 649 737
3 648 736 738
3 648 738 650
3 649 739 737
3 649 651 739
3 650 738 740
3 650 740 652
3 651 741 739
3 651 653 741
3 652 740 742
3 652 742 654
3 653 743 741
3 653 655 743
3 654 742 744
3 654 744 656
3 655 745 743
3 655 657 745
3 656 744 746
3 656 746 658
3 657 747 745
3 657 659 747
3 658 746 748
3 658 748 660
3 659 749 747
3 659 661 749
3 660 748 750
3 660 750 662
3 661 751 749
3 661 663 751
3 662 750 752
3 662 752 664
3 663 753 751
3 663 665 753
3 664 752 754
3 664 754 666
3 665 755 753
3 665 667 755
3 666 754 756
3 666 756 668
3 667 757 755
3 667 669 757
3 668 756 758
3 668 758 670
3 669 759 757
3 669 671 759
3 670 758 760
3 670 760 672
3 671 761 759
3 671 673 761
3 672 760 762
3 672 762 674
3 673 763 761
3 673 675 763
3 762 675 674
3 762 763 675
3 676 764 765
3 676 765 677
3 678 767 766
3 678 679 767
3 676 766 764
3 676 678 766
3 677 765 768
3 677 768 680
3 679 769 767
3 679 681 769
3 680 768 770
3 680 770 682
3 681 771 769
3 681 683 771
3 682 770 772
3 682 772 684
3 683 773 771
3 683 685 773
3 684 772 774
3 684 774 686
3 685 775 773
3 685 687 775
3 686 774 776
3 686 776 688
3 687 777 775
3 687 689 777
3 688 776 778
3 688 778 690
3 689 779 777
3 689 691 779
3 690 778 780
3 690 780 692
3 691 781 779
3 691 693 781
3 692 780 782
3 692 782 694
3 693 783 781
3 693 695 783
3 694 782 784
3 694 784 696
3 695 785 783
3 695 697 785
3 696 784 786
3 696 786 698
3 697 787 785
3 697 699 787
3 698 786 788
3 698 788 700
3 699 789 787
3 699 701 789
3 700 788 790
3 700 790 702
3 701 791 789
3 701 703 791
3 702 790 792
3 702 792 704
3 703 793 791
3 703 705 793
3 704 792 794
3 704 794 706
3 705 795 793
3 705 707 795
3 706 794 796
3 706 796 708
3 707 797 795
3 707 709 797
3 708 796 798
3 708 798 710
3 709 799 797
3 709 711 799
3 710 798 800
3 710 800 712
3 711 801 799
3 711 713 801
3 712 800 802
3 712 802 714
3 713 803 801
3 713 715 803
3 714 802 804
3 714 804 716
3 715 805 803
3 715 717 805
3 716 804 806
3 716 806 718
3 717 807 805
3 717 719 807
3 806 719 718
3 806 807 719
3 720 808 809
3 720 809 721
3 722 811 810
3 722 723 811
3 720 810 808
3 720 722 810
3 721 809 812
3 721 812 724
3 723 813 811
3 723 725 813
3 724 812 814
3 724 814 726
3 725 815 813
3 725 727 815
3 726 814 816
3 726 816 728
3 727 817 815
3 727 729 817
3 728 816 818
3 728 818 730
3 729 819 817
3 729 731 819
3 730 818 820
3 730 820 732
3 731 821 819
3 731 733 821
3 732 820 822
3 732 822 734
3 733 823 821
3 733 735 823
3 734 822 824
3 734 824 736
3 735 825 823
3 735 737 825
3 736 824 826
3 736 826 738
3 737 827 825
3 737 739 827
3 738 826 828
3 738 828 740
3 739 829 827
3 739 741 829
3 740 828 830
3 740 830 742
3 741 831 829
3 741 743 831
3 742 830 832
3 742 832 744
3 743 833 831
3 743 745 833
3 744 832 834
3 744 834 746
3 745 835 833
3 745 747 835
3 746 834 836
3 746 836 748
3 747 837 835
3 747 749 837
3 748 836 838
3 748 838 750
3 749 839 837
3 749 751 839
3 750 838 840
3 750 840 752
3 751 841 839
3 751 753 841
3 752 840 842
3 752 842 754
3 753 843 841
3 753 755 843
3 754 842 844
3 754 844 756
3 755 845 843
3 755 757 845
3 756 844 846
3 756 846 758
3 757 847 845
3 757 759 847
3 758 846 848
3 758 848 760
3 759 849 847
3 759 761 849
3 760 848 850
3 760 850 762
3 761 851 849
3 761 763 851
3 850 763 762
3 850 851 763
3 764 852 853
3 764 853 765
3 766 855 854
3 766 767 855
3 764 854 852
3 764 766 854
3 765 853 856
3 765 856 768
3 767 857 855
3 767 769 857
3 768 856 858
3 768 858 770
3 769 859 857
3 769 771 859
3 770 858 860
3 770 860 772
3 771 861 859
3 771 773 861
3 772 860 862
3 772 862 774
3 773 863 861
3 773 775 863
3 774 862 864
3 774 864 776
3 775 865 863
3 775 777 865
3 776 864 866
3 776 866 778
3 777 867 865
3 777 779 867
3 778 866 868
3 778 868 780
3 779 869 867
3 779 781 869
3 780 868 870
3 780 870 782
3 781 871 869
3 781 783 871
3 782 870 872
3 782 872 784
3 783 873 871
3 783 785 873
3 784 872 874
3 784 874 786
3 785 875 873
3 785 787 875
3 786 874 876
3 786 876 788
3 787 877 875
3 787 789 877
3 788 876 878
3 788 878 790
3 789 879 877
3 789 791 879
3 790 878 880
3 790 880 792
3 791 881 879
3 791 793 881
3 792 880 882
3 792 882 794
3 793 883 881
3 793 795 883
3 794 882 884
3 794 884 796
3 795 885 883
3 795 797 885
3 796 884 886
3 796 886 798
3 797 887 885
3 797 799 887
3 798 886 888
3 798 888 800
3 799 889 887
3 799 801 889
3 800 888 890
3 800 890 802
3 801 891 889
3 801 803 891
3 802 890 892
3 802 892 804
3 803 893 891
3 803 805 893
3 804 892 894
3 804 894 806
3 805 895 893
3 805 807 895
3 894 807 806
3 894 895 807
3 808 896 897
3 808 897 809
3 810 899 898
3 810 811 899
3 808 898 896
3 808 810 898
3 809 897 900
3 809 900 812
3 811 901 899
3 811 813 901
3 812 900 902
3 812 902 814
3 813 903 901
3 813 815 903
3 814 902 904
3 814 904 816
3 815 905 903
3 815 817 905
3 816 904 906
3 816 906 818
3 817 907 905
3 817 819 907
3 818 906 908
3 818 908 820
3 819 909 907
3 819 821 909
3 820 908 910
3 820 910 822
3 821 911 909
3 821 823 911
3 822 910 912
3 822 912 824
3 823 913 911
3 823 825 913
3 824 912 914
3 824 914 826
3 825 915 913
3 825 827 915
3 826 914 916
3 826 916 828
3 827 917 915
3 827 829 917
3 828 916 918
3 828 918 830
3 829 919 917
3 829 831 919
3 830 918 920
3 830 920 832
3 831 921 919
3 831 833 921
3 832 920 922
3 832 922 834
3 833 923 921
3 833 835 923
3 834 922 924
3 834 924 836
3 835 925 923
3 835 837 925
3 836 924 926
3 836 926 838
3 837 927 925
3 837 839 927
3 838 926 928
3 838 928 840
3 839 929 927
3 839 841 929
3 840 928 930
3 840 930 842
3 841 931 929
3 841 843 931
3 842 930 932
3 842 932 844
3 843 933 931
3 843 845 933
3 844 932 934
3 844 934 846
3 845 935 933
3 845 847 935
3 846 934 936
3 846 936 848
3 847 937 935
3 847 849 937
3 848 936 938
3 848 938 850
3 849 939 937
3 849 851 939
3 938 851 850
3 938 939 851
3 852 940 941
3 852 941 853
3 854 943 942
3 854 855 943
3 852 942 940
3 852 854 942
3 853 941 944
3 853 944 856
3 855 945 943
3 855 857 945
3 856 944 946
3 856 946 858
3 857 947 945
3 857 859 947
3 858 946 948
3 858 948 860
3 859 949 947
3 859 861 949
3 860 948 950
3 860 950 862
3 861 951 949
3 861 863 951
3 862 950 952
3 862 952 864
3 863 953 951
3 863 865 953
3 864 952 954
3 864 954 866
3 865 955 953
3 865 867 955
3 866 954 956
3 866 956 868
3 867 957 955
3 867 869 957
3 868 956 958
3 868 958 870
3 869 959 957
3 869 871 959
3 870 958 960
3 870 960 872
3 871 961 959
3 871 873 961
3 872 960 962
3 872 962 874
3 873 963 961
3 873 875 963
3 874 962 964
3 874 964 876
3 875 965 963
3 875 877 965
3 876 964 966
3 876 966 878
3 877 967 965
3 877 879 967
3 878 966 968
3 878 968 880
3 879 969 967
3 879 881 969
3 880 968 970
3 880 970 882
3 881 971 969
3 881 883 971
3 882 970 972
3 882 972 884
3 883 973 971
3 883 885 973
3 884 972 974
3 884 974 886
3 885 975 973
3 885 887 975
3 886 974 976
3 886 976 888
3 887 977 975
3 887 889 977
3 888 976 978
3 888 978 890
3 889 979 977
3 889 891 979
3 890 978 980
3 890 980 892
3 891 981 979
3 891 893 981
3 892 980 982
3 892 982 894
3 893 983 981
3 893 895 983
3 982 895 894
3 982 983 895
3 896 984 985
3 896 985 897
3 898 987 986
3 898 899 987
3 896 986 984
3 896 898 986
3 897 985 988
3 897 988 900
3 899 989 987
3 899 901 989
3 900 988 990
3 900 990 902
3 901 991 989
3 901 903 991
3 902 990 992
3 902 992 904
3 903 993 991
3 903 905 993
3 904 992 994
3 904 994 906
3 905 995 993
3 905 907 995
3 906 994 996
3 906 996 908
3 907 997 995
3 907 909 997
3 908 996 998
3 908 998 910
3 909 999 997
3 909 911 999
3 910 998 1000
3 910 1000 912
3 911 1001 999
3 911 913 1001
3 912 1000 1002
3 912 1002 914
3 913 1003 1001
3 913 915 1003
3 914 1002 1004
3 914 1004 916
3 915 1005 1003
3 915 917 1005
3 916 1004 1006
3 916 1006 918
3 917 1007 1005
3 917 919 1007
3 918 1006 1008
3 918 1008 920
3 919 1009 1007
3 919 921 1009
3 920 1008 1010
3 920 1010 922
3 921 1011 1009
3 921 923 1011
3 922 1010 1012
3 922 1012 924
3 923 1013 1011
3 923 925 1013
3 924 1012 1014
3 924 1014 926
3 925 1015 1013
3 925 927 1015
3 926 1014 1016
3 926 1016 928
3 927 1017 1015
3 927 929 1017
3 928 1016 1018
3 928 1018 930
3 929 1019 1017
3 929 931 1019
3 930 1018 1020
3 930 1020 932
3 931 1021 1019
3 931 933 1021
3 932 1020 1022
3 932 1022 934
3 933 1023 1021
3 933 935 1023
3 934 1022 1024
3 934 1024 936
3 935 1025 1023
3 935 937 1025
3 936 1024 1026
3 936 1026 938
3 937 1027 1025
3 937 939 1027
3 1026 939 938
3 1026 1027 939
3 940 1028 1029
3 940 1029 941
3 942 1031 1030
3 942 943 1031
3 940 1030 1028
3 940 942 1030
3 941 1029 1032
3 941 1032 944
3 943 1033 1031
3 943 945 1033
3 944 1032 1034
3 944 1034 946
3 945 1035 1033
3 945 947 1035
3 946 1034 1036
3 946 1036 948
3 947 1037 1035
3 947 949 1037
3 948 1036 1038
3 948 1038 950
3 949 1039 1037
3 949 951 1039
3 950 1038 1040
3 950 1040 952
3 951 1041 1039
3 951 953 1041
3 952 1040 1042
3 952 1042 954
3 953 1043 1041
3 953 955 1043
3 954 1042 1044
3 954 1044 956
3 955 1045 1043
3 955 957 1045
3 956 1044 1046
3 956 1046 958
3 957 1047 1045
3 957 959 1047
3 958 1046 1048
3 958 1048 960
3 959 1049 1047
3 959 961 1049
3 960 1048 1050
3 960 1050 962
3 961 1051 1049
3 961 963 1051
3 962 1050 1052
3 962 1052 964
3 963 1053 1051
3 963 965 1053
3 964 1052 1054
3 964 1054 966
3 965 1055 1053
3 965 967 1055
3 966 1054 1056
3 966 1056 968
3 967 1057 1055
3 967 969 1057
3 968 1056 1058
3 968 1058 970
3 969 1059 1057
3 969 971 1059
3 970 1058 1060
3 970 1060 972
3 971 1061 1059
3 971 973 1061
3 972 1060 1062
3 972 1062 974
3 973 1063 1061
3 973 975 1063
3 974 1062 1064
3 974 1064 976
3 975 1065 1063
3 975 977 1065
3 976 1064 1066
3 976 1066 978
3 977 1067 1065
3 977 979 1067
3 978 1066 1068
3 978 1068 980
3 979 1069 1067
3 979 981 1069
3 980 1068 1070
3 980 1070 982
3 981 1071 1069
3 981 983 1071
3 1070 983 982
3 1070 1071 983
3 984 1072 1073
3 984 1073 985
3 986 1075 1074
3 986 987 1075
3 984 1074 1072
3 984 986 1074
3 985 1073 1076
3 985 1076 988
3 987 1077 1075
3 987 989 1077
3 988 1076 1078
3 988 1078 990
3 989 1079 1077
3 989 991 1079
3 990 1078 1080
3 990 1080 992
3 991 1081 1079
3 991 993 1081
3 992 1080 1082
3 992 1082 994
3 993 1083 1081
3 993 995 1083
3 994 1082 1084
3 994 1084 996
3 995 1085 1083
3 995 997 1085
3 996 1084 1086
3 996 1086 998
3 997 1087 1085
3 997 999 1087
3 998 1086 1088
3 998 1088 1000
3 999 1089 1087
3 999 1001 1089
3 1000 1088 1090
3 1000 1090 1002
3 1001 1091 1089
3 1001 1003 1091
3 1002 1090 1092
3 1002 1092 1004
3 1003 1093 1091
3 1003 1005 1093
3 1004 1092 1094
3 1004 1094 1006
3 1005 1095 1093
3 1005 1007 1095
3 1006 1094 1096
3 1006 1096 1008
3 1007 1097 1095
3 1007 1009 1097
3 1008 1096 1098
3 1008 1098 1010
3 1009 1099 1097
3 1009 1011 1099
3 1010 1098 1100
3 1010 1100 1012
3 1011 1101 1099
3 1011 1013 1101
3 1012 1100 1102
3 1012 1102 1014
3 1013 1103 1101
3 1013 1015 1103
3 1014 1102 1104
3 1014 1104 1016
3 1015 1105 1103
3 1015 1017 1105
3 1016 1104 1106
3 1016 1106 1018
3 1017 1107 1105
3 1017 1019 1107
3 1018 1106 1108
3 1018 1108 1020
3 1019 1109 1107
3 1019 1021 1109
3 1020 1108 1110
3 1020 1110 1022
3 1021 1111 1109
3 1021 1023 1111
3 1022 1110 1112
3 1022 1112 1024
3 1023 1113 1111
3 1023 1025 1113
3 1024 1112 1114
3 1024 1114 1026
3 1025 1115 1113
3 1025 1027 1115
3 1114 1027 1026
3 1114 1115 1027
3 1028 1116 1117
3 1028 1117 1029
3 1030 1119 1118
3 1030 1031 1119
3 1028 1118 1116
3 1028 1030 1118
3 1029 1117 1120
3 1029 1120 1032
3 1031 1121 1119
3 1031 1033 1121
3 1032 1120 1122
3 1032 1122 1034
3 1033 1123 1121
3 1033 1035 1123
3 1034 1122 1124
3 1034 1124 1036
3 1035 1125 1123
3 1035 1037 1125
3 1036 1124 1126
3 1036 1126 1038
3 1037 1127 1125
3 1037 1039 1127
3 1038 1126 1128
3 1038 1128 1040
3 1039 1129 1127
3 1039 1041 1129
3 1040 1128 1130
3 1040 1130 1042
3 1041 1131 1129
3 1041 1043 1131
3 1042 1130 1132
3 1042 1132 1044
3 1043 1133 1131
3 1043 1045 1133
3 1044 1132 1134
3 1044 1134 1046
3 1045 1135 1133
3 1045 1047 1135
3 1046 1134 1136
3 1046 1136 1048
3 1047 1137 1135
3 1047 1049 1137
3 1048 1136 1138
3 1048 1138 1050
3 1049 1139 1137
3 1049 1051 1139
3 1050 1138 1140
3 1050 1140 1052
3 1051 1141 1139
3 1051 1053 1141
3 1052 1140 1142
3 1052 1142 1054
3 1053 1143 1141
3 1053 1055 1143
3 1054 1142 1144
3 1054 1144 1056
3 1055 1145 1143
3 1055 1057 1145
3 1056 1144 1146
3 1056 1146 1058
3 1057 1147 1145
3 1057 1059 1147
3 1058 1146 1148
3 1058 1148 1060
3 1059 1149 1147
3 1059 1061 1149
3 1060 1148 1150
3 1060 1150 1062
3 1061 1151 1149
3 1061 1063 1151
3 1062 1150 1152
3 1062 1152 1064
3 1063 1153 1151
3 1063 1065 1153
3 1064 1152 1154
3 1064 1154 1066
3 1065 1155 1153
3 1065 1067 1155
3 1066 1154 1156
3 1066 1156 1068
3 1067 1157 1155
3 1067 1069 1157
3 1068 1156 1158
3 1068 1158 1070
3 1069 1159 1157
3 1069 1071 1159
3 1070 1158 1160
3 1070 1160 1161
3 1071 1162 1159
3 1071 1163 1162
3 1161 1071 1070
3 1161 1163 1071
3 1161 1160 1164
3 1161 1164 1165
3 1163 1166 1162
3 1163 1167 1166
3 1165 1163 1161
3 1165 1167 1163
3 1165 1164 1168
3 1165 1168 1169
3 1167 1170 1166
3 1167 1171 1170
3 1169 1167 1165
3 1169 1171 1167
3 1169 1168 1172
3 1169 1172 1173
3 1171 1174 1170
3 1171 1175 1174
3 1173 1171 1169
3 1173 1175 1171
3 1173 1172 1176
3 1173 1176 1177
3 1175 1178 1174
3 1175 1179 1178
3 1177 1175 1173
3 1177 1179 1175
3 1177 1176 1180
3 1177 1180 1072
3 1179 1181 1178
3 1179 1074 1181
3 1072 1179 1177
3 1072 1074 1179
3 1072 1180 1182
3 1072 1182 1073
3 1074 1183 1181
3 1074 1075 1183
3 1073 1182 1184
3 1073 1184 1076
3 1075 1185 1183
3 1075 1077 1185
3 1076 1184 1186
3 1076 1186 1078
3 1077 1187 1185
3 1077 1079 1187
3 1078 1186 1188
3 1078 1188 1080
3 1079 1189 1187
3 1079 1081 1189
3 1080 1188 1190
3 1080 1190 1082
3 1081 1191 1189
3 1081 1083 1191
3 1082 1190 1192
3 1082 1192 1084
3 1083 1193 1191
3 1083 1085 1193
3 1084 1192 1194
3 1084 1194 1086
3 1085 1195 1193
3 1085 1087 1195
3 1086 1194 1196
3 1086 1196 1088
3 1087 1197 1195
3 1087 1089 1197
3 1088 1196 1198
3 1088 1198 1090
3 1089 1199 1197
3 1089 1091 1199
3 1090 1198 1200
3 1090 1200 1092
3 1091 1201 1199
3 1091 1093 1201
3 1092 1200 1202
3 1092 1202 1094
3 1093 1203 1201
3 1093 1095 1203
3 1094 1202 1204
3 1094 1204 1096
3 1095 1205 1203
3 1095 1097 1205
3 1096 1204 1206
3 1096 1206 1098
3 1097 1207 1205
3 1097 1099 1207
3 1098 1206 1208
3 1098 1208 1100
3 1099 1209 1207
3 1099 1101 1209
3 1100 1208 1210
3 1100 1210 1102
3 1101 1211 1209
3 1101 1103 1211
3 1102 1210 1212
3 1102 1212 1104
3 1103 1213 1211
3 1103 1105 1213
3 1104 1212 1214
3 1104 1214 1106
3 1105 1215 1213
3 1105 1107 1215
3 1106 1214 1216
3 1106 1216 1108
3 1107 1217 1215
3 1107 1109 1217
3 1108 1216 1218
3 1108 1218 1110
3 1109 1219 1217
3 1109 1111 1219
3 1110 1218 1220
3 1110 1220 1112
3 1111 1221 1219
3 1111 1113 1221
3 1112 1220 1222
3 1112 1222 1114
3 1113 1223 1221
3 1113 1115 1223
3 1222 1115 1114
3 1222 1223 1115
3 1116 1224 1225
3 1116 1225 1117
3 1118 1227 1226
3 1118 1119 1227
3 1116 1226 1224
3 1116 1118 1226
3 1117 1225 1228
3 1117 1228 1120
3 1119 1229 1227
3 1119 1121 1229
3 1120 1228 1230
3 1120 1230 1122
3 1121 1231 1229
3 1121 1123 1231
3 1122 1230 1232
3 1122 1232 1124
3 1123 1233 1231
3 1123 1125 1233
3 1124 1232 1234
3 1124 1234 1126
3 1125 1235 1233
3 1125 1127 1235
3 1126 1234 1236
3 1126 1236 1128
3 1127 1237 1235
3 1127 1129 1237
3 1128 1236 1238
3 1128 1238 1130
3 1129 1239 1237
3 1129 1131 1239
3 1130 1238 1240
3 1130 1240 1132
3 1131 1241 1239
3 1131 1133 1241
3 1132 1240 1242
3 1132 1242 1134
3 1133 1243 1241
3 1133 1135 1243
3 1134 1242 1244
3 1134 1244 1136
3 1135 1245 1243
3 1135 1137 1245
3 1136 1244 1246
3 1136 1246 1138
3 1137 1247 1245
3 1137 1139 1247
3 1138 1246 1248
3 1138 1248 1140
3 1139 1249 1247
3 1139 1141 1249
3 1140 1248 1250
3 1140 1250 1142
3 1141 1251 1249
3 1141 1143 1251
3 1142 1250 1252
3 1142 1252 1144
3 1143 1253 1251
3 1143 1145 1253
3 1144 1252 1254
3 1144 1254 1146
3 1145 1255 1253
3 1145 1147 1255
3 1146 1254 1256
3 1146 1256 1148
3 1147 1257 1255
3 1147 1149 1257
3 1148 1256 1258
3 1148 1258 1150
3 1149 1259 1257
3 1149 1151 1259
3 1150 1258 1260
3 1150 1260 1152
3 1151 1261 1259
3 1151 1153 1261
3 1152 1260 1262
3 1152 1262 1154
3 1153 1263 1261
3 1153 1155 1263
3 1154 1262 1264
3 1154 1264 1156
3 1155 1265 1263
3 1155 1157 1265
3 1156 1264 1266
3 1156 1266 1158
3 1157 1267 1265
3 1157 1159 1267
3 1158 1266 1268
3 1158 1268 1160
3 1159 1269 1267
3 1159 1162 1269
3 1160 1268 1270
3 1160 1270 1164
3 1162 1271 1269
3 1162 1166 1271
3 1164 1270 1272
3 1164 1272 1168
3 1166 1273 1271
3 1166 1170 1273
3 1168 1272 1274
3 1168 1274 1172
3 1170 1275 1273
3 1170 1174 1275
3 1172 1274 1276
3 1172 1276 1176
3 1174 1277 1275
3 1174 1178 1277
3 1176 1276 1278
3 1176 1278 1180
3 1178 1279 1277
3 1178 1181 1279
3 1180 1278 1280
3 1180 1280 1182
3 1181 1281 1279
3 1181 1183 1281
3 1182 1280 1282
3 1182 1282 1184
3 1183 1283 1281
3 1183 1185 1283
3 1184 1282 1284
3 1184 1284 1186
3 1185 1285 1283
3 1185 1187 1285
3 1186 1284 1286
3 1186 1286 1188
3 1187 1287 1285
3 1187 1189 1287
3 1188 1286 1288
3 1188 1288 1190
3 1189 1289 1287
3 1189 1191 1289
3 1190 1288 1290
3 1190 1290 1192
3 1191 1291 1289
3 1191 1193 1291
3 1192 1290 1292
3 1192 1292 1194
3 1193 1293 1291
3 1193 1195 1293
3 1194 1292 1294
3 1194 1294 1196
3 1195 1295 1293
3 1195 1197 1295
3 1196 1294 1296
3 1196 1296 1198
3 1197 1297 1295
3 1197 1199 1297
3 1198 1296 1298
3 1198 1298 1200
3 1199 1299 1297
3 1199 1201 1299
3 1200 1298 1300
3 1200 1300 1202
3 1201 1301 1299
3 1201 1203 1301
3 1202 1300 1302
3 1202 1302 1204
3 1203 1303 1301
3 1203 1205 1303
3 1204 1302 1304
3 1204 1304 1206
3 1205 1305 1303
3 1205 1207 1305
3 1206 1304 1306
3 1206 1306 1208
3 1207 1307 1305
3 1207 1209 1307
3 1208 1306 1308
3 1208 1308 1210
3 1209 1309 1307
3 1209 1211 1309
3 1210 1308 1310
3 1210 1310 1212
3 1211 1311 1309
3 1211 1213 1311
3 1212 1310 1312
3 1212 1312 1214
3 1213 1313 1311
3 1213 1215 1313
3 1214 1312 1314
3 1214 1314 1216
3 1215 1315 1313
3 1215 1217 1315
3 1216 1314 1316
3 1216 1316 1218
3 1217 1317 1315
3 1217 1219 1317
3 1218 1316 1318
3 1218 1318 1220
3 1219 1319 1317
3 1219 1221 1319
3 1220 1318 1320
3 1220 1320 1222
3 1221 1321 1319
3 1221 1223 1321
3 1320 1223 1222
3 1320 1321 1223
3 1224 1322 1323
3 1224 1323 1225
3 1226 1325 1324
3 1226 1227 1325
3 1224 1324 1322
3 1224 1226 1324
3 1225 1323 1326
3 1225 1326 1228
3 1227 1327 1325
3 1227 1229 1327
3 1228 1326 1328
3 1228 1328 1230
3 1229 1329 1327
3 1229 1231 1329
3 1230 1328 1330
3 1230 1330 1232
3 1231 1331 1329
3 1231 1233 1331
3 1232 1330 1332
3 1232 1332 1234
3 1233 1333 1331
3 1233 1235 1333
3 1234 1332 1334
3 1234 1334 1236
3 1235 1335 1333
3 1235 1237 1335
3 1236 1334 1336
3 1236 1336 1238
3 1237 1337 1335
3 1237 1239 1337
3 1238 1336 1338
3 1238 1338 1240
3 1239 1339 1337
3 1239 1241 1339
3 1240 1338 1340
3 1240 1340 1242
3 1241 1341 1339
3 1241 1243 1341
3 1242 1340 1342
3 1242 1342 1244
3 1243 1343 1341
3 1243 1245 1343
3 1244 1342 1344
3 1244 1344 1246
3 1245 1345 1343
3 1245 1247 1345
3 1246 1344 1346
3 1246 1346 1248
3 1247 1347 1345
3 1247 1249 1347
3 1248 1346 1348
3 1248 1348 1250
3 1249 1349 1347
3 1249 1251 1349
3 1250 1348 1350
3 1250 1350 1252
3 1251 1351 1349
3 1251 1253 1351
3 1252 1350 1352
3 1252 1352 1254
3 1253 1353 1351
3 1253 1255 1353
3 1254 1352 1354
3 1254 1354 1256
3 1255 1355 1353
3 1255 1257 1355
3 1256 1354 1356
3 1256 1356 1258
3 1257 1357 1355
3 1257 1259 1357
3 1258 1356 1358
3 1258 1358 1260
3 1259 1359 1357
3 1259 1261 1359
3 1260 1358 1360
3 1260 1360 1262
3 1261 1361 1359
3 1261 1263 1361
3 1262 1360 1362
3 1262 1362 1264
3 1263 1363 1361
3 1263 1265 1363
3 1264 1362 1364
3 1264 1364 1266
3 1265 1365 1363
3 1265 1267 1365
3 1266 1364 1366
3 1266 1366 1268
3 1267 1367 1365
3 1267 1269 1367
3 1268 1366 1368
3 1268 1368 1270
3 1269 1369 1367
3 1269 1271 1369
3 1270 1368 1370
3 1270 1370 1272
3 1271 1371 1369
3 1271 1273 1371
3 1272 1370 1372
3 1272 1372 1274
3 1273 1373 1371
3 1273 1275 1373
3 1274 1372 1374
3 1274 1374 1276
3 1275 1375 1373
3 1275 1277 1375
3 1276 1374 1376
3 1276 1376 1278
3 1277 1377 1375
3 1277 1279 1377
3 1278 1376 1378
3 1278 1378 1280
3 1279 1379 1377
3 1279 1281 1379
3 1280 1378 1380
3 1280 1380 1282
3 1281 1381 1379
3 1281 1283 1381
3 1282 1380 1382
3 1282 1382 1284
3 1283 1383 1381
3 1283 1285 1383
3 1284 1382 1384
3 1284 1384 1286
3 1285 1385 1383
3 1285 1287 1385
3 1286 1384 1386
3 1286 1386 1288
3 1287 1387 1385
3 1287 1289 1387
3 1288 1386 1388
3 1288 1388 1290
3 1289 1389 1387
3 1289 1291 1389
3 1290 1388 1390
3 1290 1390 1292
3 1291 1391 1389
3 1291 1293 1391
3 1292 1390 1392
3 1292 1392 1294
3 1293 1393 1391
3 1293 1295 1393
3 1294 1392 1394
3 1294 1394 1296
3 1295 1395 1393
3 1295 1297 1395
3 1296 1394 1396
3 1296 1396 1298
3 1297 1397 1395
3 1297 1299 1397
3 1298 1396 1398
3 1298 1398 1300
3 1299 1399 1397
3 1299 1301 1399
3 1300 1398 1400
3 1300 1400 1302
3 1301 1401 1399
3 1301 1303 1401
3 1302 1400 1402
3 1302 1402 1304
3 1303 1403 1401
3 1303 1305 1403
3 1304 1402 1404
3 1304 1404 1306
3 1305 1405 1403
3 1305 1307 1405
3 1306 1404 1406
3 1306 1406 1308
3 1307 1407 1405
3 1307 1309 1407
3 1308 1406 1408
3 1308 1408 1310
3 1309 1409 1407
3 1309 1311 1409
3 1310 1408 1410
3 1310 1410 1312
3 1311 1411 1409
3 1311 1313 1411
3 1312 1410 1412
3 1312 1412 1314
3 1313 1413 1411
3 1313 1315 1413
3 1314 1412 1414
3 1314 1414 1316
3 1315 1415 1413
3 1315 1317 1415
3 1316 1414 1416
3 1316 1416 1318
3 1317 1417 1415
3 1317 1319 1417
3 1318 1416 1418
3 1318 1418 1320
3 1319 1419 1417
3 1319 1321 1419
3 1418 1321 1320
3 1418 1419 1321
3 1322 1420 1421
3 1322 1421 1323
3 1324 1423 1422
3 1324 1325 1423
3 1322 1422 1420
3 1322 1324 1422
3 1323 1421 1424
3 1323 1424 1326
3 1325 1425 1423
3 1325 1327 1425
3 1326 1424 1426
3 1326 1426 1328
3 1327 1427 1425
3 1327 1329 1427
3 1328 1426 1428
3 1328 1428 1330
3 1329 1429 1427
3 1329 1331 1429
3 1330 1428 1430
3 1330 1430 1332
3 1331 1431 1429
3 1331 1333 1431
3 1332 1430 1432
3 1332 1432 1334
3 1333 1433 1431
3 1333 1335 1433
3 1334 1432 1434
3 1334 1434 1336
3 1335 1435 1433
3 1335 1337 1435
3 1336 1434 1436
3 1336 1436 1338
3 1337 1437 1435
3 1337 1339 1437
3 1338 1436 1438
3 1338 1438 1340
3 1339 1439 1437
3 1339 1341 1439
3 1340 1438 1440
3 1340 1440 1342
3 1341 1441 1439
3 1341 1343 1441
3 1342 1440 1442
3 1342 1442 1344
3 1343 1443 1441
3 1343 1345 1443
3 1344 1442 1444
3 1344 1444 1346
3 1345 1445 1443
3 1345 1347 1445
3 1346 1444 1446
3 1346 1446 1348
3 1347 1447 1445
3 1347 1349 1447
3 1348 1446 1448
3 1348 1448 1350
3 1349 1449 1447
3 1349 1351 1449
3 1350 1448 1450
3 1350 1450 1352
3 1351 1451 1449
3 1351 1353 1451
3 1352 1450 1452
3 1352 1452 1354
3 1353 1453 1451
3 1353 1355 1453
3 1354 1452 1454
3 1354 1454 1356
3 1355 1455 1453
3 1355 1357 1455
3 1356 1454 1456
3 1356 1456 1358
3 1357 1457 1455
3 1357 1359 1457
3 1358 1456 1458
3 1358 1458 1360
3 1359 1459 1457
3 1359 1361 1459
3 1360 1458 1460
3 1360 1460 1362
3 1361 1461 1459
3 1361 1363 1461
3 1362 1460 1462
3 1362 1462 1364
3 1363 1463 1461
3 1363 1365 1463
3 1364 1462 1464
3 1364 1464 1366
3 1365 1465 1463
3 1365 1367 1465
3 1366 1464 1466
3 1366 1466 1368
3 1367 1467 1465
3 1367 1369 1467
3 1368 1466 1468
3 1368 1468 1370
3 1369 1469 1467
3 1369 1371 1469
3 1370 1468 1470
3 1370 1470 1372
3 1371 1471 1469
3 1371 1373 1471
3 1372 1470 1472
3 1372 1472 1374
3 1373 1473 1471
3 1373 1375 1473
3 1374 1472 1474
3 1374 1474 1376
3 1375 1475 1473
3 1375 1377 1475
3 1376 1474 1476
3 1376 1476 1378
3 1377 1477 1475
3 1377 1379 1477
3 1378 1476 1478
3 1378 1478 1380
3 1379 1479 1477
3 1379 1381 1479
3 1380 1478 1480
3 1380 1480 1382
3 1381 1481 1479
3 1381 1383 1481
3 1382 1480 1482
3 1382 1482 1384
3 1383 1483 1481
3 1383 1385 1483
3 1384 1482 1484
3 1384 1484 1386
3 1385 1485 1483
3 1385 1387 1485
3 1386 1484 1486
3 1386 1486 1388
3 1387 1487 1485
3 1387 1389 1487
3 1388 1486 1488
3 1388 1488 1390
3 1389 1489 1487
3 1389 1391 1489
3 1390 1488 1490
3 1390 1490 1392
3 1391 1491 1489
3 1391 1393 1491
3 1392 1490 1492
3 1392 1492 1394
3 1393 1493 1491
3 1393 1395 1493
3 1394 1492 1494
3 1394 1494 1396
3 1395 1495 1493
3 1395 1397 1495
3 1396 1494 1496
3 1396 1496 1398
3 1397 1497 1495
3 1397 1399 1497
3 1398 1496 1498
3 1398 1498 1400
3 1399 1499 1497
3 1399 1401 1499
3 1400 1498 1402
3 1498 1500 1402
3 1401 1501 1499
3 1401 1403 1501
3 1402 1500 1502
3 1402 1502 1404
3 1403 1503 1501
3 1403 1405 1503
3 1404 1502 1504
3 1404 1504 1406
3 1405 1505 1503
3 1405 1407 1505
3 1406 1504 1506
3 1406 1506 1408
3 1407 1507 1505
3 1407 1409 1507
3 1408 1506 1508
3 1408 1508 1410
3 1409 1509 1507
3 1409 1411 1509
3 1410 1508 1510
3 1410 1510 1412
3 1411 1511 1509
3 1411 1413 1511
3 1412 1510 1512
3 1412 1512 1414
3 1413 1513 1511
3 1413 1415 1513
3 1414 1512 1514
3 1414 1514 1416
3 1415 1515 1513
3 1415 1417 1515
3 1416 1514 1516
3 1416 1516 1418
3 1417 1517 1515
3 1417 1419 1517
3 1516 1419 1418
3 1516 1517 1419
3 1420 1518 1519
3 1420 1519 1421
3 1422 1521 1520
3 1422 1423 1521
3 1420 1520 1518
3 1420 1422 1520
3 1421 1519 1522
3 1421 1522 1424
3 1423 1523 1521
3 1423 1425 1523
3 1424 1522 1524
3 1424 1524 1426
3 1425 1525 1523
3 1425 1427 1525
3 1426 1524 1526
3 1426 1526 1428
3 1427 1527 1525
3 1427 1429 1527
3 1428 1526 1528
3 1428 1528 1430
3 1429 1529 1527
3 1429 1431 1529
3 1430 1528 1530
3 1430 1530 1432
3 1431 1531 1529
3 1431 1433 1531
3 1432 1530 1532
3 1432 1532 1434
3 1433 1533 1531
3 1433 1435 1533
3 1434 1532 1534
3 1434 1534 1436
3 1435 1535 1533
3 1435 1437 1535
3 1436 1534 1536
3 1436 1536 1438
3 1437 1537 1535
3 1437 1439 1537
3 1438 1536 1538
3 1438 1538 1440
3 1439 1539 1537
3 1439 1441 1539
3 1440 1538 1540
3 1440 1540 1442
3 1441 1541 1539
3 1441 1443 1541
3 1442 1540 1542
3 1442 1542 1444
3 1443 1543 1541
3 1443 1445 1543
3 1444 1542 1544
3 1444 1544 1446
3 1445 1545 1543
3 1445 1447 1545
3 1446 1544 1546
3 1446 1546 1448
3 1447 1547 1545
3 1447 1449 1547
3 1448 1546 1548
3 1448 1548 1450
3 1449 1549 1547
3 1449 1451 1549
3 1450 1548 1550
3 1450 1550 1452
3 1451 1551 1549
3 1451 1453 1551
3 1452 1550 1552
3 1452 1552 1454
3 1453 1553 1551
3 1453 1455 1553
3 1454 1552 1554
3 1454 1554 1456
3 1455 1555 1553
3 1455 1457 1555
3 1456 1554 1556
3 1456 1556 1458
3 1457 1557 1555
3 1457 1459 1557
3 1458 1556 1558
3 1458 1558 1460
3 1459 1559 1557
3 1459 1461 1559
3 1460 1558 1560
3 1460 1560 1462
3 1461 1561 1559
3 1461 1463 1561
3 1462 1560 1562
3 1462 1562 1464
3 1463 1563 1561
3 1463 1465 1563
3 1464 1562 1564
3 1464 1564 1466
3 1465 1565 1563
3 1465 1467 1565
3 1466 1564 1566
3 1466 1566 1468
3 1467 1567 1565
3 1467 1469 1567
3 1468 1566 1568
3 1468 1568 1470
3 1469 1569 1567
3 1469 1471 1569
3 1470 1568 1570
3 1470 1570 1472
3 1471 1571 1569
3 1471 1473 1571
3 1472 1570 1572
3 1472 1572 1474
3 1473 1573 1571
3 1473 1475 1573
3 1474 1572 1574
3 1474 1574 1476
3 1475 1575 1573
3 1475 1477 1575
3 1476 1574 1576
3 1476 1576 1478
3 1477 1577 1575
3 1477 1479 1577
3 1478 1576 1578
3 1478 1578 1480
3 1479 1579 1577
3 1479 1481 1579
3 1480 1578 1580
3 1480 1580 1482
3 1481 1581 1579
3 1481 1483 1581
3 1482 1580 1582
3 1482 1582 1484
3 1483 1583 1581
3 1483 1485 1583
3 1484 1582 1584
3 1484 1584 1486
3 1485 1585 1583
3 1485 1487 1585
3 1486 1584 1586
3 1486 1586 1488
3 1487 1587 1585
3 1487 1489 1587
3 1488 1586 1588
3 1488 1588 1490
3 1489 1589 1587
3 1489 1491 1589
3 1490 1588 1590
3 1490 1590 1492
3 1491 1591 1589
3 1491 1493 1591
3 1492 1590 1592
3 1492 1592 1494
3 1493 1593 1591
3 1493 1495 1593
3 1494 1592 1594
3 1494 1594 1496
3 1495 1595 1593
3 1495 1497 1595
3 1496 1594 1498
3 1594 1596 1498
3 1497 1597 1595
3 1497 1499 1597
3 1498 1596 1598
3 1498 1598 1500
3 1499 1599 1597
3 1499 1501 1599
3 1500 1598 1600
3 1500 1600 1502
3 1501 1601 1599
3 1501 1503 1601
3 1502 1600 1602
3 1502 1602 1504
3 1503 1603 1601
3 1503 1505 1603
3 1504 1602 1604
3 1504 1604 1506
3 1505 1605 1603
3 1505 1507 1605
3 1506 1604 1606
3 1506 1606 1508
3 1507 1607 1605
3 1507 1509 1607
3 1508 1606 1608
3 1508 1608 1510
3 1509 1609 1607
3 1509 1511 1609
3 1510 1608 1610
3 1510 1610 1512
3 1511 1611 1609
3 1511 1513 1611
3 1512 1610 1612
3 1512 1612 1514
3 1513 1613 1611
3 1513 1515 1613
3 1514 1612 1614
3 1514 1614 1516
3 1515 1615 1613
3 1515 1517 1615
3 1614 1517 1516
3 1614 1615 1517
3 1518 1616 1617
3 1518 1617 1519
3 1520 1619 1618
3 1520 1521 1619
3 1518 1618 1616
3 1518 1520 1618
3 1519 1617 1620
3 1519 1620 1522
3 1521 1621 1619
3 1521 1523 1621
3 1522 1620 1622
3 1522 1622 1524
3 1523 1623 1621
3 1523 1525 1623
3 1524 1622 1624
3 1524 1624 1526
3 1525 1625 1623
3 1525 1527 1625
3 1526 1624 1626
3 1526 1626 1528
3 1527 1627 1625
3 1527 1529 1627
3 1528 1626 1628
3 1528 1628 1530
3 1529 1629 1627
3 1529 1531 1629
3 1530 1628 1630
3 1530 1630 1532
3 1531 1631 1629
3 1531 1533 1631
3 1532 1630 1632
3 1532 1632 1534
3 1533 1633 1631
3 1533 1535 1633
3 1534 1632 1634
3 1534 1634 1536
3 1535 1635 1633
3 1535 1537 1635
3 1536 1634 1636
3 1536 1636 1538
3 1537 1637 1635
3 1537 1539 1637
3 1538 1636 1638
3 1538 1638 1540
3 1539 1639 1637
3 1539 1541 1639
3 1540 1638 1640
3 1540 1640 1542
3 1541 1641 1639
3 1541 1543 1641
3 1542 1640 1642
3 1542 1642 1544
3 1543 1643 1641
3 1543 1545 1643
3 1544 1642 1644
3 1544 1644 1546
3 1545 1645 1643
3 1545 1547 1645
3 1546 1644 1646
3 1546 1646 1548
3 1547 1647 1645
3 1547 1549 1647
3 1548 1646 1648
3 1548 1648 1550
3 1549 1649 1647
3 1549 1551 1649
3 1550 1648 1650
3 1550 1650 1552
3 1551 1651 1649
3 1551 1553 1651
3 1552 1650 1652
3 1552 1652 1554
3 1553 1653 1651
3 1553 1555 1653
3 1554 1652 1654
3 1554 1654 1556
3 1555 1655 1653
3 1555 1557 1655
3 1556 1654 1656
3 1556 1656 1558
3 1557 1657 1655
3 1557 1559 1657
3 1558 1656 1658
3 1558 1658 1560
3 1559 1659 1657
3 1559 1561 1659
3 1560 1658 1660
3 1560 1660 1562
3 1561 1661 1659
3 1561 1563 1661
3 1562 1660 1662
3 1562 1662 1564
3 1563 1663 1661
3 1563 1565 1663
3 1564 1662 1664
3 1564 1664 1566
3 1565 1665 1663
3 1565 1567 1665
3 1566 1664 1666
3 1566 1666 1568
3 1567 1667 1665
3 1567 1569 1667
3 1568 1666 1668
3 1568 1668 1570
3 1569 1669 1667
3 1569 1571 1669
3 1570 1668 1670
3 1570 1670 1572
3 1571 1671 1669
3 1571 1573 1671
3 1572 1670 1672
3 1572 1672 1574
3 1573 1673 1671
3 1573 1575 1673
3 1574 1672 1674
3 1574 1674 1576
3 1575 1675 1673
3 1575 1577 1675
3 1576 1674 1676
3 1576 1676 1578
3 1577 1677 1675
3 1577 1579 1677
3 1578 1676 1678
3 1578 1678 1580
3 1579 1679 1677
3 1579 1581 1679
3 1580 1678 1680
3 1580 1680 1582
3 1581 1681 1679
3 1581 1583 1681
3 1582 1680 1682
3 1582 1682 1584
3 1583 1683 1681
3 1583 1585 1683
3 1584 1682 1684
3 1584 1684 1586
3 1585 1685 1683
3 1585 1587 1685
3 1586 1684 1686
3 1586 1686 1588
3 1587 1687 1685
3 1587 1589 1687
3 1588 1686 1688
3 1588 1688 1590
3 1589 1689 1687
3 1589 1591 1689
3 1590 1688 1690
3 1590 1690 1592
3 1591 1691 1689
3 1591 1593 1691
3 1592 1690 1594
3 1690 1692 1594
3 1593 1693 1691
3 1593 1595 1693
3 1594 1692 1694
3 1594 1694 1596
3 1595 1695 1693
3 1595 1597 1695
3 1596 1694 1696
3 1596 1696 1598
3 1597 1697 1695
3 1597 1599 1697
3 1598 1696 1698
3 1598 1698 1600
3 1599 1699 1697
3 1599 1601 1699
3 1600 1698 1700
3 1600 1700 1602
3 1601 1701 1699
3 1601 1603 1701
3 1602 1700 1702
3 1602 1702 1604
3 1603 1703 1701
3 1603 1605 1703
3 1604 1702 1704
3 1604 1704 1606
3 1605 1705 1703
3 1605 1607 1705
3 1606 1704 1706
3 1606 1706 1608
3 1607 1707 1705
3 1607 1609 1707
3 1608 1706 1708
3 1608 1708 1610
3 1609 1709 1707
3 1609 1611 1709
3 1610 1708 1710
3 1610 1710 1612
3 1611 1711 1709
3 1611 1613 1711
3 1612 1710 1712
3 1612 1712 1614
3 1613 1713 1711
3 1613 1615 1713
3 1712 1615 1614
3 1712 1713 1615
3 1616 1714 1715
3 1616 1715 1617
3 1618 1717 1716
3 1618 1619 1717
3 1616 1716 1714
3 1616 1618 1716
3 1617 1715 1718
3 1617 1718 1620
3 1619 1719 1717
3 1619 1621 1719
3 1620 1718 1720
3 1620 1720 1622
3 1621 1721 1719
3 1621 1623 1721
3 1622 1720 1722
3 1622 1722 1624
3 1623 1723 1721
3 1623 1625 1723
3 1624 1722 1724
3 1624 1724 1626
3 1625 1725 1723
3 1625 1627 1725
3 1626 1724 1726
3 1626 1726 1628
3 1627 1727 1725
3 1627 1629 1727
3 1628 1726 1728
3 1628 1728 1630
3 1629 1729 1727
3 1629 1631 1729
3 1630 1728 1730
3 1630 1730 1632
3 1631 1731 1729
3 1631 1633 1731
3 1632 1730 1732
3 1632 1732 1634
3 1633 1733 1731
3 1633 1635 1733
3 1634 1732 1734
3 1634 1734 1636
3 1635 1735 1733
3 1635 1637 1735
3 1636 1734 1736
3 1636 1736 1638
3 1637 1737 1735
3 1637 1639 1737
3 1638 1736 1738
3 1638 1738 1640
3 1639 1739 1737
3 1639 1641 1739
3 1640 1738 1740
3 1640 1740 1642
3 1641 1741 1739
3 1641 1643 1741
3 1642 1740 1742
3 1642 1742 1644
3 1643 1743 1741
3 1643 1645 1743
3 1644 1742 1744
3 1644 1744 1646
3 1645 1745 1743
3 1645 1647 1745
3 1646 1744 1746
3 1646 1746 1648
3 1647 1747 1745
3 1647 1649 1747
3 1648 1746 1748
3 1648 1748 1650
3 1649 1749 1747
3 1649 1651 1749
3 1650 1748 1750
3 1650 1750 1652
3 1651 1751 1749
3 1651 1653 1751
3 1652 1750 1752
3 1652 1752 1654
3 1653 1753 1751
3 1653 1655 1753
3 1654 1752 1754
3 1654 1754 1656
3 1655 1755 1753
3 1655 1657 1755
3 1656 1754 1756
3 1656 1756 1658
3 1657 1757 1755
3 1657 1659 1757
3 1658 1756 1758
3 1658 1758 1660
3 1659 1759 1757
3 1659 1661 1759
3 1660 1758 1760
3 1660 1760 1662
3 1661 1761 1759
3 1661 1663 1761
3 1662 1760 1762
3 1662 1762 1664
3 1663 1763 1761
3 1663 1665 1763
3 1664 1762 1764
3 1664 1764 1666
3 1665 1765 1763
3 1665 1667 1765
3 1666 1764 1766
3 1666 1766 1668
3 1667 1767 1765
3 1667 1669 1767
3 1668 1766 1768
3 1668 1768 1670
3 1669 1769 1767
3 1669 1671 1769
3 1670 1768 1770
3 1670 1770 1672
3 1671 1771 1769
3 1671 1673 1771
3 1672 1770 1772
3 1672 1772 1674
3 1673 1773 1771
3 1673 1675 1773
3 1674 1772 1774
3 1674 1774 1676
3 1675 1775 1773
3 1675 1677 1775
3 1676 1774 1776
3 1676 1776 1678
3 1677 1777 1775
3 1677 1679 1777
3 1678 1776 1778
3 1678 1778 1680
3 1679 1779 1777
3 1679 1681 1779
3 1680 1778 1780
3 1680 1780 1682
3 1681 1781 1779
3 1681 1683 1781
3 1682 1780 1782
3 1682 1782 1684
3 1683 1783 1781
3 1683 1685 1783
3 1684 1782 1784
3 1684 1784 1686
3 1685 1785 1783
3 1685 1687 1785
3 1686 1784 1786
3 1686 1786 1688
3 1687 1787 1785
3 1687 1689 1787
3 1688 1786 1690
3 1786 1788 1690
3 1689 1789 1787
3 1689 1691 1789
3 1690 1788 1790
3 1690 1790 1692
3 1691 1791 1789
3 1691 1693 1791
3 1692 1790 1792
3 1692 1792 1694
3 1693 1793 1791
3 1693 1695 1793
3 1694 1792 1794
3 1694 1794 1696
3 1695 1795 1793
3 1695 1697 1795
3 1696 1794 1796
3 1696 1796 1698
3 1697 1797 1795
3 1697 1699 1797
3 1698 1796 1798
3 1698 1798 1700
3 1699 1799 1797
3 1699 1701 1799
3 1700 1798 1800
3 1700 1800 1702
3 1701 1801 1799
3 1701 1703 1801
3 1702 1800 1802
3 1702 1802 1704
3 1703 1803 1801
3 1703 1705 1803
3 1704 1802 1804
3 1704 1804 1706
3 1705 1805 1803
3 1705 1707 1805
3 1706 1804 1806
3 1706 1806 1708
3 1707 1807 1805
3 1707 1709 1807
3 1708 1806 1808
3 1708 1808 1710
3 1709 1809 1807
3 1709 1711 1809
3 1710 1808 1810
3 1710 1810 1712
3 1711 1811 1809
3 1711 1713 1811
3 1810 1713 1712
3 1810 1811 1713
3 1714 1812 1813
3 1714 1813 1715
3 1716 1815 1814
3 1716 1717 1815
3 1714 1814 1812
3 1714 1716 1814
3 1715 1813 1816
3 1715 1816 1718
3 1717 1817 1815
3 1717 1719 1817
3 1718 1816 1818
3 1718 1818 1720
3 1719 1819 1817
3 1719 1721 1819
3 1720 1818 1820
3 1720 1820 1722
3 1721 1821 1819
3 1721 1723 1821
3 1722 1820 1822
3 1722 1822 1724
3 1723 1823 1821
3 1723 1725 1823
3 1724 1822 1824
3 1724 1824 1726
3 1725 1825 1823
3 1725 1727 1825
3 1726 1824 1826
3 1726 1826 1728
3 1727 1827 1825
3 1727 1729 1827
3 1728 1826 1828
3 1728 1828 1730
3 1729 1829 1827
3 1729 1731 1829
3 1730 1828 1830
3 1730 1830 1732
3 1731 1831 1829
3 1731 1733 1831
3 1732 1830 1832
3 1732 1832 1734
3 1733 1833 1831
3 1733 1735 1833
3 1734 1832 1834
3 1734 1834 1736
3 1735 1835 1833
3 1735 1737 1835
3 1736 1834 1836
3 1736 1836 1738
3 1737 1837 1835
3 1737 1739 1837
3 1738 1836 1838
3 1738 1838 1740
3 1739 1839 1837
3 1739 1741 1839
3 1740 1838 1840
3 1740 1840 1742
3 1741 1841 1839
3 1741 1743 1841
3 1742 1840 1842
3 1742 1842 1744
3 1743 1843 1841
3 1743 1745 1843
3 1744 1842 1844
3 1744 1844 1746
3 1745 1845 1843
3 1745 1747 1845
3 1746 1844 1846
3 1746 1846 1748
3 1747 1847 1845
3 1747 1749 1847
3 1748 1846 1848
3 1748 1848 1750
3 1749 1849 1847
3 1749 1751 1849
3 1750 1848 1850
3 1750 1850 1752
3 1751 1851 1849
3 1751 1753 1851
3 1752 1850 1852
3 1752 1852 1754
3 1753 1853 1851
3 1753 1755 1853
3 1754 1852 1854
3 1754 1854 1756
3 1755 1855 1853
3 1755 1757 1855
3 1756 1854 1856
3 1756 1856 1758
3 1757 1857 1855
3 1757 1759 1857
3 1758 1856 1858
3 1758 1858 1760
3 1759 1859 1857
3 1759 1761 1859
3 1760 1858 1860
3 1760 1860 1762
3 1761 1861 1859
3 1761 1763 1861
3 1762 1860 1862
3 1762 1862 1764
3 1763 1863 1861
3 1763 1765 1863
3 1764 1862 1864
3 1764 1864 1766
3 1765 1865 1863
3 1765 1767 1865
3 1766 1864 1866
3 1766 1866 1768
3 1767 1867 1865
3 1767 1769 1867
3 1768 1866 1868
3 1768 1868 1770
3 1769 1869 1867
3 1769 1771 1869
3 1770 1868 1870
3 1770 1870 1772
3 1771 1871 1869
3 1771 1773 1871
3 1772 1870 1872
3 1772 1872 1774
3 1773 1873 1871
3 1773 1775 1873
3 1774 1872 1874
3 1774 1874 1776
3 1775 1875 1873
3 1775 1777 1875
3 1776 1874 1876
3 1776 1876 1778
3 1777 1877 1875
3 1777 1779 1877
3 1778 1876 1878
3 1778 1878 1780
3 1779 1879 1877
3 1779 1781 1879
3 1780 1878 1880
3 1780 1880 1782
3 1781 1881 1879
3 1781 1783 1881
3 1782 1880 1882
3 1782 1882 1784
3 1783 1883 1881
3 1783 1785 1883
3 1784 1882 1786
3 1882 1884 1786
3 1785 1885 1883
3 1785 1787 1885
3 1786 1884 1886
3 1786 1886 1788
3 1787 1887 1885
3 1787 1789 1887
3 1788 1886 1888
3 1788 1888 1790
3 1789 1889 1887
3 1789 1791 1889
3 1790 1888 1890
3 1790 1890 1792
3 1791 1891 1889
3 1791 1793 1891
3 1792 1890 1892
3 1792 1892 1794
3 1793 1893 1891
3 1793 1795 1893
3 1794 1892 1894
3 1794 1894 1796
3 1795 1895 1893
3 1795 1797 1895
3 1796 1894 1896
3 1796 1896 1798
3 1797 1897 1895
3 1797 1799 1897
3 1798 1896 1898
3 1798 1898 1800
3 1799 1899 1897
3 1799 1801 1899
3 1800 1898 1900
3 1800 1900 1802
3 1801 1901 1899
3 1801 1803 1901
3 1802 1900 1902
3 1802 1902 1804
3 1803 1903 1901
3 1803 1805 1903
3 1804 1902 1904
3 1804 1904 1806
3 1805 1905 1903
3 1805 1807 1905
3 1806 1904 1906
3 1806 1906 1808
3 1807 1907 1905
3 1807 1809 1907
3 1808 1906 1908
3 1808 1908 1810
3 1809 1909 1907
3 1809 1811 1909
3 1908 1811 1810
3 1908 1909 1811
3 1812 1910 1911
3 1812 1911 1813
3 1814 1913 1912
3 1814 1815 1913
3 1812 1912 1910
3 1812 1814 1912
3 1813 1911 1914
3 1813 1914 1816
3 1815 1915 1913
3 1815 1817 1915
3 1816 1914 1916
3 1816 1916 1818
3 1817 1917 1915
3 1817 1819 1917
3 1818 1916 1918
3 1818 1918 1820
3 1819 1919 1917
3 1819 1821 1919
3 1820 1918 1920
3 1820 1920 1822
3 1821 1921 1919
3 1821 1823 1921
3 1822 1920 1922
3 1822 1922 1824
3 1823 1923 1921
3 1823 1825 1923
3 1824 1922 1924
3 1824 1924 1826
3 1825 1925 1923
3 1825 1827 1925
3 1826 1924 1926
3 1826 1926 1828
3 1827 1927 1925
3 1827 1829 1927
3 1828 1926 1928
3 1828 1928 1830
3 1829 1929 1927
3 1829 1831 1929
3 1830 1928 1930
3 1830 1930 1832
3 1831 1931 1929
3 1831 1833 1931
3 1832 1930 1932
3 1832 1932 1834
3 1833 1933 1931
3 1833 1835 1933
3 1834 1932 1934
3 1834 1934 1836
3 1835 1935 1933
3 1835 1837 1935
3 1836 1934 1936
3 1836 1936 1838
3 1837 1937 1935
3 1837 1839 1937
3 1838 1936 1938
3 1838 1938 1840
3 1839 1939 1937
3 1839 1841 1939
3 1840 1938 1940
3 1840 1940 1842
3 1841 1941 1939
3 1841 1843 1941
3 1842 1940 1942
3 1842 1942 1844
3 1843 1943 1941
3 1843 1845 1943
3 1844 1942 1944
3 1844 1944 1846
3 1845 1945 1943
3 1845 1847 1945
3 1846 1944 1946
3 1846 1946 1848
3 1847 1947 1945
3 1847 1849 1947
3 1848 1946 1948
3 1848 1948 1850
3 1849 1949 1947
3 1849 1851 1949
3 1850 1948 1950
3 1850 1950 1852
3 1851 1951 1949
3 1851 1853 1951
3 1852 1950 1952
3 1852 1952 1854
3 1853 1953 1951
3 1853 1855 1953
3 1854 1952 1954
3 1854 1954 1856
3 1855 1955 1953
3 1855 1857 1955
3 1856 1954 1956
3 1856 1956 1858
3 1857 1957 1955
3 1857 1859 1957
3 1858 1956 1958
3 1858 1958 1860
3 1859 1959 1957
3 1859 1861 1959
3 1860 1958 1960
3 1860 1960 1862
3 1861 1961 1959
3 1861 1863 1961
3 1862 1960 1962
3 1862 1962 1864
3 1863 1963 1961
3 1863 1865 1963
3 1864 1962 1964
3 1864 1964 1866
3 1865 1965 1963
3 1865 1867 1965
3 1866 1964 1966
3 1866 1966 1868
3 1867 1967 1965
3 1867 1869 1967
3 1868 1966 1968
3 1868 1968 1870
3 1869 1969 1967
3 1869 1871 1969
3 1870 1968 1970
3 1870 1970 1872
3 1871 1971 1969
3 1871 1873 1971
3 1872 1970 1972
3 1872 1972 1874
3 1873 1973 1971
3 1873 1875 1973
3 1874 1972 1974
3 1874 1974 1876
3 1875 1975 1973
3 1875 1877 1975
3 1876 1974 1976
3 1876 1976 1878
3 1877 1977 1975
3 1877 1879 1977
3 1878 1976 1978
3 1878 1978 1880
3 1879 1979 1977
3 1879 1881 1979
3 1880 1978 1882
3 1978 1980 1882
3 1881 1981 1979
3 1881 1883 1981
3 1882 1980 1982
3 1882 1982 1884
3 1883 1983 1981
3 1883 1885 1983
3 1884 1982 1984
3 1884 1984 1886
3 1885 1985 1983
3 1885 1887 1985
3 1886 1984 1986
3 1886 1986 1888
3 1887 1987 1985
3 1887 1889 1987
3 1888 1986 1988
3 1888 1988 1890
3 1889 1989 1987
3 1889 1891 1989
3 1890 1988 1990
3 1890 1990 1892
3 1891 1991 1989
3 1891 1893 1991
3 1892 1990 1992
3 1892 1992 1894
3 1893 1993 1991
3 1893 1895 1993
3 1894 1992 1994
3 1894 1994 1896
3 1895 1995 1993
3 1895 1897 1995
3 1896 1994 1996
3 1896 1996 1898
3 1897 1997 1995
3 1897 1899 1997
3 1898 1996 1998
3 1898 1998 1900
3 1899 1999 1997
3 1899 1901 1999
3 1900 1998 2000
3 1900 2000 1902
3 1901 2001 1999
3 1901 1903 2001
3 1902 2000 2002
3 1902 2002 1904
3 1903 2003 2001
3 1903 1905 2003
3 1904 2002 2004
3 1904 2004 1906
3 1905 2005 2003
3 1905 1907 2005
3 1906 2004 2006
3 1906 2006 1908
3 1907 2007 2005
3 1907 1909 2007
3 2006 1909 1908
3 2006 2007 1909
3 1910 2008 2009
3 1910 2009 1911
3 1912 2011 2010
3 1912 1913 2011
3 1910 2010 2008
3 1910 1912 2010
3 1911 2009 2012
3 1911 2012 1914
3 1913 2013 2011
3 1913 1915 2013
3 1914 2012 2014
3 1914 2014 1916
3 1915 2015 2013
3 1915 1917 2015
3 1916 2014 2016
3 1916 2016 1918
3 1917 2017 2015
3 1917 1919 2017
3 1918 2016 2018
3 1918 2018 1920
3 1919 2019 2017
3 1919 1921 2019
3 1920 2018 2020
3 1920 2020 1922
3 1921 2021 2019
3 1921 1923 2021
3 1922 2020 2022
3 1922 2022 1924
3 1923 2023 2021
3 1923 1925 2023
3 1924 2022 2024
3 1924 2024 1926
3 1925 2025 2023
3 1925 1927 2025
3 1926 2024 2026
3 1926 2026 1928
3 1927 2027 2025
3 1927 1929 2027
3 1928 2026 2028
3 1928 2028 1930
3 1929 2029 2027
3 1929 1931 2029
3 1930 2028 2030
3 1930 2030 1932
3 1931 2031 2029
3 1931 1933 2031
3 1932 2030 2032
3 1932 2032 1934
3 1933 2033 2031
3 1933 1935 2033
3 1934 2032 2034
3 1934 2034 1936
3 1935 2035 2033
3 1935 1937 2035
3 1936 2034 2036
3 1936 2036 1938
3 1937 2037 2035
3 1937 1939 2037
3 1938 2036 2038
3 1938 2038 1940
3 1939 2039 2037
3 1939 1941 2039
3 1940 2038 2040
3 1940 2040 1942
3 1941 2041 2039
3 1941 1943 2041
3 1942 2040 2042
3 1942 2042 1944
3 1943 2043 2041
3 1943 1945 2043
3 1944 2042 2044
3 1944 2044 1946
3 1945 2045 2043
3 1945 1947 2045
3 1946 2044 2046
3 1946 2046 1948
3 1947 2047 2045
3 1947 1949 2047
3 1948 2046 2048
3 1948 2048 1950
3 1949 2049 2047
3 1949 1951 2049
3 1950 2048 2050
3 1950 2050 1952
3 1951 2051 2049
3 1951 1953 2051
3 1952 2050 2052
3 1952 2052 1954
3 1953 2053 2051
3 1953 1955 2053
3 1954 2052 2054
3 1954 2054 1956
3 1955 2055 2053
3 1955 1957 2055
3 1956 2054 2056
3 1956 2056 1958
3 1957 2057 2055
3 1957 1959 2057
3 1958 2056 2058
3 1958 2058 1960
3 1959 2059 2057
3 1959 1961 2059
3 1960 2058 2060
3 1960 2060 1962
3 1961 2061 2059
3 1961 1963 2061
3 1962 2060 2062
3 1962 2062 1964
3 1963 2063 2061
3 1963 1965 2063
3 1964 2062 2064
3 1964 2064 1966
3 1965 2065 2063
3 1965 1967 2065
3 1966 2064 2066
3 1966 2066 1968
3 1967 2067 2065
3 1967 1969 2067
3 1968 2066 2068
3 1968 2068 1970
3 1969 2069 2067
3 1969 1971 2069
3 1970 2068 2070
3 1970 2070 1972
3 1971 2071 2069
3 1971 1973 2071
3 1972 2070 2072
3 1972 2072 1974
3 1973 2073 2071
3 1973 1975 2073
3 1974 2072 2074
3 1974 2074 1976
3 1975 2075 2073
3 1975 1977 2075
3 1976 2074 1978
3 2074 2076 1978
3 1977 2077 2075
3 1977 1979 2077
3 1978 2076 2078
3 1978 2078 1980
3 1979 2079 2077
3 1979 1981 2079
3 1980 2078 2080
3 1980 2080 1982
3 1981 2081 2079
3 1981 1983 2081
3 1982 2080 2082
3 1982 2082 1984
3 1983 2083 2081
3 1983 1985 2083
3 1984 2082 2084
3 1984 2084 1986
3 1985 2085 2083
3 1985 1987 2085
3 1986 2084 2086
3 1986 2086 1988
3 1987 2087 2085
3 1987 1989 2087
3 1988 2086 2088
3 1988 2088 1990
3 1989 2089 2087
3 1989 1991 2089
3 1990 2088 2090
3 1990 2090 1992
3 1991 2091 2089
3 1991 1993 2091
3 1992 2090 2092
3 1992 2092 1994
3 1993 2093 2091
3 1993 1995 2093
3 1994 2092 2094
3 1994 2094 1996
3 1995 2095 2093
3 1995 1997 2095
3 1996 2094 2096
3 1996 2096 1998
3 1997 2097 2095
3 1997 1999 2097
3 1998 2096 2098
3 1998 2098 2000
3 1999 2099 2097
3 1999 2001 2099
3 2000 2098 2100
3 2000 2100 2002
3 2001 2101 2099
3 2001 2003 2101
3 2002 2100 2102
3 2002 2102 2004
3 2003 2103 2101
3 2003 2005 2103
3 2004 2102 2104
3 2004 2104 2006
3 2005 2105 2103
3 2005 2007 2105
3 2104 2007 2006
3 2104 2105 2007
3 2008 2106 2107
3 2008 2107 2009
3 2010 2109 2108
3 2010 2011 2109
3 2008 2108 2106
3 2008 2010 2108
3 2009 2107 2110
3 2009 2110 2012
3 2011 2111 2109
3 2011 2013 2111
3 2012 2110 2112
3 2012 2112 2014
3 2013 2113 2111
3 2013 2015 2113
3 2014 2112 2114
3 2014 2114 2016
3 2015 2115 2113
3 2015 2017 2115
3 2016 2114 2116
3 2016 2116 2018
3 2017 2117 2115
3 2017 2019 2117
3 2018 2116 2118
3 2018 2118 2020
3 2019 2119 2117
3 2019 2021 2119
3 2020 2118 2120
3 2020 2120 2022
3 2021 2121 2119
3 2021 2023 2121
3 2022 2120 2122
3 2022 2122 2024
3 2023 2123 2121
3 2023 2025 2123
3 2024 2122 2124
3 2024 2124 2026
3 2025 2125 2123
3 2025 2027 2125
3 2026 2124 2126
3 2026 2126 2028
3 2027 2127 2125
3 2027 2029 2127
3 2028 2126 2128
3 2028 2128 2030
3 2029 2129 2127
3 2029 2031 2129
3 2030 2128 2130
3 2030 2130 2032
3 2031 2131 2129
3 2031 2033 2131
3 2032 2130 2132
3 2032 2132 2034
3 2033 2133 2131
3 2033 2035 2133
3 2034 2132 2134
3 2034 2134 2036
3 2035 2135 2133
3 2035 2037 2135
3 2036 2134 2136
3 2036 2136 2038
3 2037 2137 2135
3 2037 2039 2137
3 2038 2136 2138
3 2038 2138 2040
3 2039 2139 2137
3 2039 2041 2139
3 2040 2138 2140
3 2040 2140 2042
3 2041 2141 2139
3 2041 2043 2141
3 2042 2140 2142
3 2042 2142 2044
3 2043 2143 2141
3 2043 2045 2143
3 2044 2142 2144
3 2044 2144 2046
3 2045 2145 2143
3 2045 2047 2145
3 2046 2144 2146
3 2046 2146 2048
3 2047 2147 2145
3 2047 2049 2147
3 2048 2146 2148
3 2048 2148 2050
3 2049 2149 2147
3 2049 2051 2149
3 2050 2148 2150
3 2050 2150 2052
3 2051 2151 2149
3 2051 2053 2151
3 2052 2150 2152
3 2052 2152 2054
3 2053 2153 2151
3 2053 2055 2153
3 2054 2152 2154
3 2054 2154 2056
3 2055 2155 2153
3 2055 2057 2155
3 2056 2154 2156
3 2056 2156 2058
3 2057 2157 2155
3 2057 2059 2157
3 2058 2156 2158
3 2058 2158 2060
3 2059 2159 2157
3 2059 2061 2159
3 2060 2158 2160
3 2060 2160 2062
3 2061 2161 2159
3 2061 2063 2161
3 2062 2160 2162
3 2062 2162 2064
3 2063 2163 2161
3 2063 2065 2163
3 2064 2162 2164
3 2064 2164 2066
3 2065 2165 2163
3 2065 2067 2165
3 2066 2164 2166
3 2066 2166 2068
3 2067 2167 2165
3 2067 2069 2167
3 2068 2166 2168
3 2068 2168 2070
3 2069 2169 2167
3 2069 2071 2169
3 2070 2168 2170
3 2070 2170 2072
3 2071 2171 2169
3 2071 2073 2171
3 2072 2170 2074
3 2170 2172 2074
3 2073 2173 2171
3 2073 2075 2173
3 2074 2172 2174
3 2074 2174 2076
3 2075 2175 2173
3 2075 2077 2175
3 2076 2174 2176
3 2076 2176 2078
3 2077 2177 2175
3 2077 2079 2177
3 2078 2176 2178
3 2078 2178 2080
3 2079 2179 2177
3 2079 2081 2179
3 2080 2178 2180
3 2080 2180 2082
3 2081 2181 2179
3 2081 2083 2181
3 2082 2180 2182
3 2082 2182 2084
3 2083 2183 2181
3 2083 2085 2183
3 2084 2182 2184
3 2084 2184 2086
3 2085 2185 2183
3 2085 2087 2185
3 2086 2184 2186
3 2086 2186 2088
3 2087 2187 2185
3 2087 2089 2187
3 2088 2186 2188
3 2088 2188 2090
3 2089 2189 2187
3 2089 2091 2189
3 2090 2188 2190
3 2090 2190 2092
3 2091 2191 2189
3 2091 2093 2191
3 2092 2190 2192
3 2092 2192 2094
3 2093 2193 2191
3 2093 2095 2193
3 2094 2192 2194
3 2094 2194 2096
3 2095 2195 2193
3 2095 2097 2195
3 2096 2194 2196
3 2096 2196 2098
3 2097 2197 2195
3 2097 2099 2197
3 2098 2196 2198
3 2098 2198 2100
3 2099 2199 2197
3 2099 2101 2199
3 2100 2198 2200
3 2100 2200 2102
3 2101 2201 2199
3 2101 2103 2201
3 2102 2200 2202
3 2102 2202 2104
3 2103 2203 2201
3 2103 2105 2203
3 2202 2105 2104
3 2202 2203 2105
3 2106 2204 2205
3 2106 2205 2107
3 2108 2207 2206
3 2108 2109 2207
3 2106 2206 2204
3 2106 2108 2206
3 2107 2205 2208
3 2107 2208 2110
3 2109 2209 2207
3 2109 2111 2209
3 2110 2208 2210
3 2110 2210 2112
3 2111 2211 2209
3 2111 2113 2211
3 2112 2210 2212
3 2112 2212 2114
3 2113 2213 2211
3 2113 2115 2213
3 2114 2212 2214
3 2114 2214 2116
3 2115 2215 2213
3 2115 2117 2215
3 2116 2214 2216
3 2116 2216 2118
3 2117 2217 2215
3 2117 2119 2217
3 2118 2216 2218
3 2118 2218 2120
3 2119 2219 2217
3 2119 2121 2219
3 2120 2218 2220
3 2120 2220 2122
3 2121 2221 2219
3 2121 2123 2221
3 2122 2220 2222
3 2122 2222 2124
3 2123 2223 2221
3 2123 2125 2223
3 2124 2222 2224
3 2124 2224 2126
3 2125 2225 2223
3 2125 2127 2225
3 2126 2224 2226
3 2126 2226 2128
3 2127 2227 2225
3 2127 2129 2227
3 2128 2226 2228
3 2128 2228 2130
3 2129 2229 2227
3 2129 2131 2229
3 2130 2228 2230
3 2130 2230 2132
3 2131 2231 2229
3 2131 2133 2231
3 2132 2230 2232
3 2132 2232 2134
3 2133 2233 2231
3 2133 2135 2233
3 2134 2232 2234
3 2134 2234 2136
3 2135 2235 2233
3 2135 2137 2235
3 2136 2234 2236
3 2136 2236 2138
3 2137 2237 2235
3 2137 2139 2237
3 2138 2236 2238
3 2138 2238 2140
3 2139 2239 2237
3 2139 2141 2239
3 2140 2238 2240
3 2140 2240 2142
3 2141 2241 2239
3 2141 2143 2241
3 2142 2240 2242
3 2142 2242 2144
3 2143 2243 2241
3 2143 2145 2243
3 2144 2242 2244
3 2144 2244 2146
3 2145 2245 2243
3 2145 2147 2245
3 2146 2244 2246
3 2146 2246 2148
3 2147 2247 2245
3 2147 2149 2247
3 2148 2246 2248
3 2148 2248 2150
3 2149 2249 2247
3 2149 2151 2249
3 2150 2248 2250
3 2150 2250 2152
3 2151 2251 2249
3 2151 2153 2251
3 2152 2250 2252
3 2152 2252 2154
3 2153 2253 2251
3 2153 2155 2253
3 2154 2252 2254
3 2154 2254 2156
3 2155 2255 2253
3 2155 2157 2255
3 2156 2254 2256
3 2156 2256 2158
3 2157 2257 2255
3 2157 2159 2257
3 2158 2256 2258
3 2158 2258 2160
3 2159 2259 2257
3 2159 2161 2259
3 2160 2258 2260
3 2160 2260 2162
3 2161 2261 2259
3 2161 2163 2261
3 2162 2260 2262
3 2162 2262 2164
3 2163 2263 2261
3 2163 2165 2263
3 2164 2262 2264
3 2164 2264 2166
3 2165 2265 2263
3 2165 2167 2265
3 2166 2264 2266
3 2166 2266 2168
3 2167 2267 2265
3 2167 2169 2267
3 2168 2266 2268
3 2168 2268 2170
3 2169 2269 2267
3 2169 2171 2269
3 2170 2268 2270
3 2170 2270 2172
3 2171 2271 2269
3 2171 2173 2271
3 2172 2270 2272
3 2172 2272 2174
3 2173 2273 2271
3 2173 2175 2273
3 2174 2272 2274
3 2174 2274 2176
3 2175 2275 2273
3 2175 2177 2275
3 2176 2274 2276
3 2176 2276 2178
3 2177 2277 2275
3 2177 2179 2277
3 2178 2276 2278
3 2178 2278 2180
3 2179 2279 2277
3 2179 2181 2279
3 2180 2278 2280
3 2180 2280 2182
3 2181 2281 2279
3 2181 2183 2281
3 2182 2280 2282
3 2182 2282 2184
3 2183 2283 2281
3 2183 2185 2283
3 2184 2282 2284
3 2184 2284 2186
3 2185 2285 2283
3 2185 2187 2285
3 2186 2284 2286
3 2186 2286 2188
3 2187 2287 2285
3 2187 2189 2287
3 2188 2286 2288
3 2188 2288 2190
3 2189 2289 2287
3 2189 2191 2289
3 2190 2288 2290
3 2190 2290 2192
3 2191 2291 2289
3 2191 2193 2291
3 2192 2290 2292
3 2192 2292 2194
3 2193 2293 2291
3 2193 2195 2293
3 2194 2292 2294
3 2194 2294 2196
3 2195 2295 2293
3 2195 2197 2295
3 2196 2294 2296
3 2196 2296 2198
3 2197 2297 2295
3 2197 2199 2297
3 2198 2296 2298
3 2198 2298 2200
3 2199 2299 2297
3 2199 2201 2299
3 2200 2298 2300
3 2200 2300 2202
3 2201 2301 2299
3 2201 2203 2301
3 2300 2203 2202
3 2300 2301 2203
3 2204 2302 2303
3 2204 2303 2205
3 2206 2305 2304
3 2206 2207 2305
3 2204 2304 2302
3 2204 2206 2304
3 2205 2303 2306
3 2205 2306 2208
3 2207 2307 2305
3 2207 2209 2307
3 2208 2306 2308
3 2208 2308 2210
3 2209 2309 2307
3 2209 2211 2309
3 2210 2308 2310
3 2210 2310 2212
3 2211 2311 2309
3 2211 2213 2311
3 2212 2310 2312
3 2212 2312 2214
3 2213 2313 2311
3 2213 2215 2313
3 2214 2312 2314
3 2214 2314 2216
3 2215 2315 2313
3 2215 2217 2315
3 2216 2314 2316
3 2216 2316 2218
3 2217 2317 2315
3 2217 2219 2317
3 2218 2316 2318
3 2218 2318 2220
3 2219 2319 2317
3 2219 2221 2319
3 2220 2318 2320
3 2220 2320 2222
3 2221 2321 2319
3 2221 2223 2321
3 2222 2320 2322
3 2222 2322 2224
3 2223 2323 2321
3 2223 2225 2323
3 2224 2322 2324
3 2224 2324 2226
3 2225 2325 2323
3 2225 2227 2325
3 2226 2324 2326
3 2226 2326 2228
3 2227 2327 2325
3 2227 2229 2327
3 2228 2326 2328
3 2228 2328 2230
3 2229 2329 2327
3 2229 2231 2329
3 2230 2328 2330
3 2230 2330 2232
3 2231 2331 2329
3 2231 2233 2331
3 2232 2330 2332
3 2232 2332 2234
3 2233 2333 2331
3 2233 2235 2333
3 2234 2332 2334
3 2234 2334 2236
3 2235 2335 2333
3 2235 2237 2335
3 2236 2334 2336
3 2236 2336 2238
3 2237 2337 2335
3 2237 2239 2337
3 2238 2336 2338
3 2238 2338 2240
3 2239 2339 2337
3 2239 2241 2339
3 2240 2338 2340
3 2240 2340 2242
3 2241 2341 2339
3 2241 2243 2341
3 2242 2340 2342
3 2242 2342 2244
3 2243 2343 2341
3 2243 2245 2343
3 2244 2342 2344
3 2244 2344 2246
3 2245 2345 2343
3 2245 2247 2345
3 2246 2344 2346
3 2246 2346 2248
3 2247 2347 2345
3 2247 2249 2347
3 2248 2346 2348
3 2248 2348 2250
3 2249 2349 2347
3 2249 2251 2349
3 2250 2348 2350
3 2250 2350 2252
3 2251 2351 2349
3 2251 2253 2351
3 2252 2350 2352
3 2252 2352 2254
3 2253 2353 2351
3 2253 2255 2353
3 2254 2352 2354
3 2254 2354 2256
3 2255 2355 2353
3 2255 2257 2355
3 2256 2354 2356
3 2256 2356 2258
3 2257 2357 2355
3 2257 2259 2357
3 2258 2356 2358
3 2258 2358 2260
3 2259 2359 2357
3 2259 2261 2359
3 2260 2358 2360
3 2260 2360 2262
3 2261 2361 2359
3 2261 2263 2361
3 2262 2360 2362
3 2262 2362 2264
3 2263 2363 2361
3 2263 2265 2363
3 2264 2362 2364
3 2264 2364 2266
3 2265 2365 2363
3 2265 2267 2365
3 2266 2364 2366
3 2266 2366 2268
3 2267 2367 2365
3 2267 2269 2367
3 2268 2366 2368
3 2268 2368 2270
3 2269 2369 2367
3 2269 2271 2369
3 2270 2368 2370
3 2270 2370 2272
3 2271 2371 2369
3 2271 2273 2371
3 2272 2370 2372
3 2272 2372 2274
3 2273 2373 2371
3 2273 2275 2373
3 2274 2372 2374
3 2274 2374 2276
3 2275 2375 2373
3 2275 2277 2375
3 2276 2374 2376
3 2276 2376 2278
3 2277 2377 2375
3 2277 2279 2377
3 2278 2376 2378
3 2278 2378 2280
3 2279 2379 2377
3 2279 2281 2379
3 2280 2378 2380
3 2280 2380 2282
3 2281 2381 2379
3 2281 2283 2381
3 2282 2380 2382
3 2282 2382 2284
3 2283 2383 2381
3 2283 2285 2383
3 2284 2382 2384
3 2284 2384 2286
3 2285 2385 2383
3 2285 2287 2385
3 2286 2384 2386
3 2286 2386 2288
3 2287 2387 2385
3 2287 2289 2387
3 2288 2386 2388
3 2288 2388 2290
3 2289 2389 2387
3 2289 2291 2389
3 2290 2388 2390
3 2290 2390 2292
3 2291 2391 2389
3 2291 2293 2391
3 2292 2390 2392
3 2292 2392 2294
3 2293 2393 2391
3 2293 2295 2393
3 2294 2392 2394
3 2294 2394 2296
3 2295 2395 2393
3 2295 2297 2395
3 2296 2394 2396
3 2296 2396 2298
3 2297 2397 2395
3 2297 2299 2397
3 2298 2396 2398
3 2298 2398 2300
3 2299 2399 2397
3 2299 2301 2399
3 2398 2301 2300
3 2398 2399 2301
3 2302 2400 2401
3 2302 2401 2303
3 2304 2403 2402
3 2304 2305 2403
3 2302 2402 2400
3 2302 2304 2402
3 2303 2401 2404
3 2303 2404 2306
3 2305 2405 2403
3 2305 2307 2405
3 2306 2404 2406
3 2306 2406 2308
3 2307 2407 2405
3 2307 2309 2407
3 2308 2406 2408
3 2308 2408 2310
3 2309 2409 2407
3 2309 2311 2409
3 2310 2408 2410
3 2310 2410 2312
3 2311 2411 2409
3 2311 2313 2411
3 2312 2410 2412
3 2312 2412 2314
3 2313 2413 2411
3 2313 2315 2413
3 2314 2412 2414
3 2314 2414 2316
3 2315 2415 2413
3 2315 2317 2415
3 2316 2414 2416
3 2316 2416 2318
3 2317 2417 2415
3 2317 2319 2417
3 2318 2416 2418
3 2318 2418 2320
3 2319 2419 2417
3 2319 2321 2419
3 2320 2418 2420
3 2320 2420 2322
3 2321 2421 2419
3 2321 2323 2421
3 2322 2420 2422
3 2322 2422 2324
3 2323 2423 2421
3 2323 2325 2423
3 2324 2422 2424
3 2324 2424 2326
3 2325 2425 2423
3 2325 2327 2425
3 2326 2424 2426
3 2326 2426 2328
3 2327 2427 2425
3 2327 2329 2427
3 2328 2426 2428
3 2328 2428 2330
3 2329 2429 2427
3 2329 2331 2429
3 2330 2428 2430
3 2330 2430 2332
3 2331 2431 2429
3 2331 2333 2431
3 2332 2430 2432
3 2332 2432 2334
3 2333 2433 2431
3 2333 2335 2433
3 2334 2432 2434
3 2334 2434 2336
3 2335 2435 2433
3 2335 2337 2435
3 2336 2434 2436
3 2336 2436 2338
3 2337 2437 2435
3 2337 2339 2437
3 2338 2436 2438
3 2338 2438 2340
3 2339 2439 2437
3 2339 2341 2439
3 2340 2438 2440
3 2340 2440 2342
3 2341 2441 2439
3 2341 2343 2441
3 2342 2440 2442
3 2342 2442 2344
3 2343 2443 2441
3 2343 2345 2443
3 2344 2442 2444
3 2344 2444 2346
3 2345 2445 2443
3 2345 2347 2445
3 2346 2444 2446
3 2346 2446 2348
3 2347 2447 2445
3 2347 2349 2447
3 2348 2446 2448
3 2348 2448 2350
3 2349 2449 2447
3 2349 2351 2449
3 2350 2448 2450
3 2350 2450 2352
3 2351 2451 2449
3 2351 2353 2451
3 2352 2450 2452
3 2352 2452 2354
3 2353 2453 2451
3 2353 2355 2453
3 2354 2452 2454
3 2354 2454 2356
3 2355 2455 2453
3 2355 2357 2455
3 2356 2454 2456
3 2356 2456 2358
3 2357 2457 2455
3 2357 2359 2457
3 2358 2456 2458
3 2358 2458 2360
3 2359 2459 2457
3 2359 2361 2459
3 2360 2458 2460
3 2360 2460 2362
3 2361 2461 2459
3 2361 2363 2461
3 2362 2460 2462
3 2362 2462 2364
3 2363 2463 2461
3 2363 2365 2463
3 2364 2462 2464
3 2364 2464 2366
3 2365 2465 2463
3 2365 2367 2465
3 2366 2464 2466
3 2366 2466 2368
3 2367 2467 2465
3 2367 2369 2467
3 2368 2466 2468
3 2368 2468 2370
3 2369 2469 2467
3 2369 2371 2469
3 2370 2468 2470
3 2370 2470 2372
3 2371 2471 2469
3 2371 2373 2471
3 2372 2470 2472
3 2372 2472 2374
3 2373 2473 2471
3 2373 2375 2473
3 2374 2472 2474
3 2374 2474 2376
3 2375 2475 2473
3 2375 2377 2475
3 2376 2474 2476
3 2376 2476 2378
3 2377 2477 2475
3 2377 2379 2477
3 2378 2476 2478
3 2378 2478 2380
3 2379 2479 2477
3 2379 2381 2479
3 2380 2478 2480
3 2380 2480 2382
3 2381 2481 2479
3 2381 2383 2481
3 2382 2480 2482
3 2382 2482 2384
3 2383 2483 2481
3 2383 2385 2483
3 2384 2482 2484
3 2384 2484 2386
3 2385 2485 2483
3 2385 2387 2485
3 2386 2484 2486
3 2386 2486 2388
3 2387 2487 2485
3 2387 2389 2487
3 2388 2486 2488
3 2388 2488 2390
3 2389 2489 2487
3 2389 2391 2489
3 2390 2488 2490
3 2390 2490 2392
3 2391 2491 2489
3 2391 2393 2491
3 2392 2490 2492
3 2392 2492 2394
3 2393 2493 2491
3 2393 2395 2493
3 2394 2492 2494
3 2394 2494 2396
3 2395 2495 2493
3 2395 2397 2495
3 2396 2494 2496
3 2396 2496 2398
3 2397 2497 2495
3 2397 2399 2497
3 2496 2399 2398
3 2496 2497 2399
3 2400 2498 2499
3 2400 2499 2401
3 2402 2501 2500
3 2402 2403 2501
3 2400 2500 2498
3 2400 2402 2500
3 2401 2499 2502
3 2401 2502 2404
3 2403 2503 2501
3 2403 2405 2503
3 2404 2502 2504
3 2404 2504 2406
3 2405 2505 2503
3 2405 2407 2505
3 2406 2504 2506
3 2406 2506 2408
3 2407 2507 2505
3 2407 2409 2507
3 2408 2506 2508
3 2408 2508 2410
3 2409 2509 2507
3 2409 2411 2509
3 2410 2508 2510
3 2410 2510 2412
3 2411 2511 2509
3 2411 2413 2511
3 2412 2510 2512
3 2412 2512 2414
3 2413 2513 2511
3 2413 2415 2513
3 2414 2512 2514
3 2414 2514 2416
3 2415 2515 2513
3 2415 2417 2515
3 2416 2514 2516
3 2416 2516 2418
3 2417 2517 2515
3 2417 2419 2517
3 2418 2516 2518
3 2418 2518 2420
3 2419 2519 2517
3 2419 2421 2519
3 2420 2518 2520
3 2420 2520 2422
3 2421 2521 2519
3 2421 2423 2521
3 2422 2520 2522
3 2422 2522 2424
3 2423 2523 2521
3 2423 2425 2523
3 2424 2522 2524
3 2424 2524 2426
3 2425 2525 2523
3 2425 2427 2525
3 2426 2524 2526
3 2426 2526 2428
3 2427 2527 2525
3 2427 2429 2527
3 2428 2526 2528
3 2428 2528 2430
3 2429 2529 2527
3 2429 2431 2529
3 2430 2528 2530
3 2430 2530 2432
3 2431 2531 2529
3 2431 2433 2531
3 2432 2530 2532
3 2432 2532 2434
3 2433 2533 2531
3 2433 2435 2533
3 2434 2532 2534
3 2434 2534 2436
3 2435 2535 2533
3 2435 2437 2535
3 2436 2534 2536
3 2436 2536 2438
3 2437 2537 2535
3 2437 2439 2537
3 2438 2536 2538
3 2438 2538 2440
3 2439 2539 2537
3 2439 2441 2539
3 2440 2538 2540
3 2440 2540 2442
3 2441 2541 2539
3 2441 2443 2541
3 2442 2540 2542
3 2442 2542 2444
3 2443 2543 2541
3 2443 2445 2543
3 2444 2542 2544
3 2444 2544 2446
3 2445 2545 2543
3 2445 2447 2545
3 2446 2544 2546
3 2446 2546 2448
3 2447 2547 2545
3 2447 2449 2547
3 2448 2546 2548
3 2448 2548 2450
3 2449 2549 2547
3 2449 2451 2549
3 2450 2548 2550
3 2450 2550 2452
3 2451 2551 2549
3 2451 2453 2551
3 2452 2550 2552
3 2452 2552 2454
3 2453 2553 2551
3 2453 2455 2553
3 2454 2552 2554
3 2454 2554 2456
3 2455 2555 2553
3 2455 2457 2555
3 2456 2554 2556
3 2456 2556 2458
3 2457 2557 2555
3 2457 2459 2557
3 2458 2556 2558
3 2458 2558 2460
3 2459 2559 2557
3 2459 2461 2559
3 2460 2558 2560
3 2460 2560 2462
3 2461 2561 2559
3 2461 2463 2561
3 2462 2560 2562
3 2462 2562 2464
3 2463 2563 2561
3 2463 2465 2563
3 2464 2562 2564
3 2464 2564 2466
3 2465 2565 2563
3 2465 2467 2565
3 2466 2564 2566
3 2466 2566 2468
3 2467 2567 2565
3 2467 2469 2567
3 2468 2566 2568
3 2468 2568 2470
3 2469 2569 2567
3 2469 2471 2569
3 2470 2568 2570
3 2470 2570 2472
3 2471 2571 2569
3 2471 2473 2571
3 2472 2570 2572
3 2472 2572 2474
3 2473 2573 2571
3 2473 2475 2573
3 2474 2572 2574
3 2474 2574 2476
3 2475 2575 2573
3 2475 2477 2575
3 2476 2574 2576
3 2476 2576 2478
3 2477 2577 2575
3 2477 2479 2577
3 2478 2576 2578
3 2478 2578 2480
3 2479 2579 2577
3 2479 2481 2579
3 2480 2578 2580
3 2480 2580 2482
3 2481 2581 2579
3 2481 2483 2581
3 2482 2580 2582
3 2482 2582 2484
3 2483 2583 2581
3 2483 2485 2583
3 2484 2582 2584
3 2484 2584 2486
3 2485 2585 2583
3 2485 2487 2585
3 2486 2584 2586
3 2486 2586 2488
3 2487 2587 2585
3 2487 2489 2587
3 2488 2586 2588
3 2488 2588 2490
3 2489 2589 2587
3 2489 2491 2589
3 2490 2588 2590
3 2490 2590 2492
3 2491 2591 2589
3 2491 2493 2591
3 2492 2590 2592
3 2492 2592 2494
3 2493 2593 2591
3 2493 2495 2593
3 2494 2592 2594
3 2494 2594 2496
3 2495 2595 2593
3 2495 2497 2595
3 2594 2497 2496
3 2594 2595 2497
3 2498 2596 2597
3 2498 2597 2499
3 2500 2599 2598
3 2500 2501 2599
3 2498 2598 2596
3 2498 2500 2598
3 2499 2597 2600
3 2499 2600 2502
3 2501 2601 2599
3 2501 2503 2601
3 2502 2600 2602
3 2502 2602 2504
3 2503 2603 2601
3 2503 2505 2603
3 2504 2602 2604
3 2504 2604 2506
3 2505 2605 2603
3 2505 2507 2605
3 2506 2604 2606
3 2506 2606 2508
3 2507 2607 2605
3 2507 2509 2607
3 2508 2606 2608
3 2508 2608 2510
3 2509 2609 2607
3 2509 2511 2609
3 2510 2608 2610
3 2510 2610 2512
3 2511 2611 2609
3 2511 2513 2611
3 2512 2610 2612
3 2512 2612 2514
3 2513 2613 2611
3 2513 2515 2613
3 2514 2612 2614
3 2514 2614 2516
3 2515 2615 2613
3 2515 2517 2615
3 2516 2614 2616
3 2516 2616 2518
3 2517 2617 2615
3 2517 2519 2617
3 2518 2616 2618
3 2518 2618 2520
3 2519 2619 2617
3 2519 2521 2619
3 2520 2618 2620
3 2520 2620 2522
3 2521 2621 2619
3 2521 2523 2621
3 2522 2620 2622
3 2522 2622 2524
3 2523 2623 2621
3 2523 2525 2623
3 2524 2622 2624
3 2524 2624 2526
3 2525 2625 2623
3 2525 2527 2625
3 2526 2624 2626
3 2526 2626 2528
3 2527 2627 2625
3 2527 2529 2627
3 2528 2626 2628
3 2528 2628 2530
3 2529 2629 2627
3 2529 2531 2629
3 2530 2628 2630
3 2530 2630 2532
3 2531 2631 2629
3 2531 2533 2631
3 2532 2630 2632
3 2532 2632 2534
3 2533 2633 2631
3 2533 2535 2633
3 2534 2632 2634
3 2534 2634 2536
3 2535 2635 2633
3 2535 2537 2635
3 2536 2634 2636
3 2536 2636 2538
3 2537 2637 2635
3 2537 2539 2637
3 2538 2636 2638
3 2538 2638 2540
3 2539 2639 2637
3 2539 2541 2639
3 2540 2638 2640
3 2540 2640 2542
3 2541 2641 2639
3 2541 2543 2641
3 2542 2640 2642
3 2542 2642 2544
3 2543 2643 2641
3 2543 2545 2643
3 2544 2642 2644
3 2544 2644 2546
3 2545 2645 2643
3 2545 2547 2645
3 2546 2644 2646
3 2546 2646 2548
3 2547 2647 2645
3 2547 2549 2647
3 2548 2646 2648
3 2548 2648 2550
3 2549 2649 2647
3 2549 2551 2649
3 2550 2648 2650
3 2550 2650 2552
3 2551 2651 2649
3 2551 2553 2651
3 2552 2650 2652
3 2552 2652 2554
3 2553 2653 2651
3 2553 2555 2653
3 2554 2652 2654
3 2554 2654 2556
3 2555 2655 2653
3 2555 2557 2655
3 2556 2654 2656
3 2556 2656 2558
3 2557 2657 2655
3 2557 2559 2657
3 2558 2656 2658
3 2558 2658 2560
3 2559 2659 2657
3 2559 2561 2659
3 2560 2658 2660
3 2560 2660 2562
3 2561 2661 2659
3 2561 2563 2661
3 2562 2660 2662
3 2562 2662 2564
3 2563 2663 2661
3 2563 2565 2663
3 2564 2662 2664
3 2564 2664 2566
3 2565 2665 2663
3 2565 2567 2665
3 2566 2664 2666
3 2566 2666 2568
3 2567 2667 2665
3 2567 2569 2667
3 2568 2666 2668
3 2568 2668 2570
3 2569 2669 2667
3 2569 2571 2669
3 2570 2668 2670
3 2570 2670 2572
3 2571 2671 2669
3 2571 2573 2671
3 2572 2670 2672
3 2572 2672 2574
3 2573 2673 2671
3 2573 2575 2673
3 2574 2672 2674
3 2574 2674 2576
3 2575 2675 2673
3 2575 2577 2675
3 2576 2674 2676
3 2576 2676 2578
3 2577 2677 2675
3 2577 2579 2677
3 2578 2676 2678
3 2578 2678 2580
3 2579 2679 2677
3 2579 2581 2679
3 2580 2678 2680
3 2580 2680 2582
3 2581 2681 2679
3 2581 2583 2681
3 2582 2680 2682
3 2582 2682 2584
3 2583 2683 2681
3 2583 2585 2683
3 2584 2682 2684
3 2584 2684 2586
3 2585 2685 2683
3 2585 2587 2685
3 2586 2684 2686
3 2586 2686 2588
3 2587 2687 2685
3 2587 2589 2687
3 2588 2686 2688
3 2588 2688 2590
3 2589 2689 2687
3 2589 2591 2689
3 2590 2688 2690
3 2590 2690 2592
3 2591 2691 2689
3 2591 2593 2691
3 2592 2690 2692
3 2592 2692 2594
3 2593 2693 2691
3 2593 2595 2693
3 2692 2595 2594
3 2692 2693 2595
3 2596 2694 2695
3 2596 2695 2597
3 2598 2697 2696
3 2598 2599 2697
3 2596 2696 2694
3 2596 2598 2696
3 2597 2695 2698
3 2597 2698 2600
3 2599 2699 2697
3 2599 2601 2699
3 2600 2698 2700
3 2600 2700 2602
3 2601 2701 2699
3 2601 2603 2701
3 2602 2700 2702
3 2602 2702 2604
3 2603 2703 2701
3 2603 2605 2703
3 2604 2702 2704
3 2604 2704 2606
3 2605 2705 2703
3 2605 2607 2705
3 2606 2704 2706
3 2606 2706 2608
3 2607 2707 2705
3 2607 2609 2707
3 2608 2706 2708
3 2608 2708 2610
3 2609 2709 2707
3 2609 2611 2709
3 2610 2708 2710
3 2610 2710 2612
3 2611 2711 2709
3 2611 2613 2711
3 2612 2710 2712
3 2612 2712 2614
3 2613 2713 2711
3 2613 2615 2713
3 2614 2712 2714
3 2614 2714 2616
3 2615 2715 2713
3 2615 2617 2715
3 2616 2714 2716
3 2616 2716 2618
3 2617 2717 2715
3 2617 2619 2717
3 2618 2716 2718
3 2618 2718 2620
3 2619 2719 2717
3 2619 2621 2719
3 2620 2718 2720
3 2620 2720 2622
3 2621 2721 2719
3 2621 2623 2721
3 2622 2720 2722
3 2622 2722 2624
3 2623 2723 2721
3 2623 2625 2723
3 2624 2722 2724
3 2624 2724 2626
3 2625 2725 2723
3 2625 2627 2725
3 2626 2724 2726
3 2626 2726 2628
3 2627 2727 2725
3 2627 2629 2727
3 2628 2726 2728
3 2628 2728 2630
3 2629 2729 2727
3 2629 2631 2729
3 2630 2728 2730
3 2630 2730 2632
3 2631 2731 2729
3 2631 2633 2731
3 2632 2730 2732
3 2632 2732 2634
3 2633 2733 2731
3 2633 2635 2733
3 2634 2732 2734
3 2634 2734 2636
3 2635 2735 2733
3 2635 2637 2735
3 2636 2734 2736
3 2636 2736 2638
3 2637 2737 2735
3 2637 2639 2737
3 2638 2736 2738
3 2638 2738 2640
3 2639 2739 2737
3 2639 2641 2739
3 2640 2738 2740
3 2640 2740 2642
3 2641 2741 2739
3 2641 2643 2741
3 2642 2740 2742
3 2642 2742 2644
3 2643 2743 2741
3 2643 2645 2743
3 2644 2742 2744
3 2644 2744 2646
3 2645 2745 2743
3 2645 2647 2745
3 2646 2744 2746
3 2646 2746 2648
3 2647 2747 2745
3 2647 2649 2747
3 2648 2746 2748
3 2648 2748 2650
3 2649 2749 2747
3 2649 2651 2749
3 2650 2748 2750
3 2650 2750 2652
3 2651 2751 2749
3 2651 2653 2751
3 2652 2750 2752
3 2652 2752 2654
3 2653 2753 2751
3 2653 2655 2753
3 2654 2752 2754
3 2654 2754 2656
3 2655 2755 2753
3 2655 2657 2755
3 2656 2754 2756
3 2656 2756 2658
3 2657 2757 2755
3 2657 2659 2757
3 2658 2756 2758
3 2658 2758 2660
3 2659 2759 2757
3 2659 2661 2759
3 2660 2758 2760
3 2660 2760 2662
3 2661 2761 2759
3 2661 2663 2761
3 2662 2760 2762
3 2662 2762 2664
3 2663 2763 2761
3 2663 2665 2763
3 2664 2762 2764
3 2664 2764 2666
3 2665 2765 2763
3 2665 2667 2765
3 2666 2764 2766
3 2666 2766 2668
3 2667 2767 2765
3 2667 2669 2767
3 2668 2766 2768
3 2668 2768 2670
3 2669 2769 2767
3 2669 2671 2769
3 2670 2768 2770
3 2670 2770 2672
3 2671 2771 2769
3 2671 2673 2771
3 2672 2770 2772
3 2672 2772 2674
3 2673 2773 2771
3 2673 2675 2773
3 2674 2772 2774
3 2674 2774 2676
3 2675 2775 2773
3 2675 2677 2775
3 2676 2774 2776
3 2676 2776 2678
3 2677 2777 2775
3 2677 2679 2777
3 2678 2776 2778
3 2678 2778 2680
3 2679 2779 2777
3 2679 2681 2779
3 2680 2778 2780
3 2680 2780 2682
3 2681 2781 2779
3 2681 2683 2781
3 2682 2780 2782
3 2682 2782 2684
3 2683 2783 2781
3 2683 2685 2783
3 2684 2782 2784
3 2684 2784 2686
3 2685 2785 2783
3 2685 2687 2785
3 2686 2784 2786
3 2686 2786 2688
3 2687 2787 2785
3 2687 2689 2787
3 2688 2786 2788
3 2688 2788 2690
3 2689 2789 2787
3 2689 2691 2789
3 2690 2788 2790
3 2690 2790 2692
3 2691 2791 2789
3 2691 2693 2791
3 2790 2693 2692
3 2790 2791 2693
3 2694 2792 2793
3 2694 2793 2695
3 2696 2795 2794
3 2696 2697 2795
3 2694 2794 2792
3 2694 2696 2794
3 2695 2793 2796
3 2695 2796 2698
3 2697 2797 2795
3 2697 2699 2797
3 2698 2796 2798
3 2698 2798 2700
3 2699 2799 2797
3 2699 2701 2799
3 2700 2798 2800
3 2700 2800 2702
3 2701 2801 2799
3 2701 2703 2801
3 2702 2800 2802
3 2702 2802 2704
3 2703 2803 2801
3 2703 2705 2803
3 2704 2802 2804
3 2704 2804 2706
3 2705 2805 2803
3 2705 2707 2805
3 2706 2804 2806
3 2706 2806 2708
3 2707 2807 2805
3 2707 2709 2807
3 2708 2806 2808
3 2708 2808 2710
3 2709 2809 2807
3 2709 2711 2809
3 2710 2808 2810
3 2710 2810 2712
3 2711 2811 2809
3 2711 2713 2811
3 2712 2810 2812
3 2712 2812 2714
3 2713 2813 2811
3 2713 2715 2813
3 2714 2812 2814
3 2714 2814 2716
3 2715 2815 2813
3 2715 2717 2815
3 2716 2814 2816
3 2716 2816 2718
3 2717 2817 2815
3 2717 2719 2817
3 2718 2816 2818
3 2718 2818 2720
3 2719 2819 2817
3 2719 2721 2819
3 2720 2818 2820
3 2720 2820 2722
3 2721 2821 2819
3 2721 2723 2821
3 2722 2820 2822
3 2722 2822 2724
3 2723 2823 2821
3 2723 2725 2823
3 2724 2822 2824
3 2724 2824 2726
3 2725 2825 2823
3 2725 2727 2825
3 2726 2824 2826
3 2726 2826 2728
3 2727 2827 2825
3 2727 2729 2827
3 2728 2826 2828
3 2728 2828 2730
3 2729 2829 2827
3 2729 2731 2829
3 2730 2828 2830
3 2730 2830 2732
3 2731 2831 2829
3 2731 2733 2831
3 2732 2830 2832
3 2732 2832 2734
3 2733 2833 2831
3 2733 2735 2833
3 2734 2832 2834
3 2734 2834 2736
3 2735 2835 2833
3 2735 2737 2835
3 2736 2834 2836
3 2736 2836 2738
3 2737 2837 2835
3 2737 2739 2837
3 2738 2836 2838
3 2738 2838 2740
3 2739 2839 2837
3 2739 2741 2839
3 2740 2838 2840
3 2740 2840 2742
3 2741 2841 2839
3 2741 2743 2841
3 2742 2840 2842
3 2742 2842 2744
3 2743 2843 2841
3 2743 2745 2843
3 2744 2842 2844
3 2744 2844 2746
3 2745 2845 2843
3 2745 2747 2845
3 2746 2844 2846
3 2746 2846 2748
3 2747 2847 2845
3 2747 2749 2847
3 2748 2846 2848
3 2748 2848 2750
3 2749 2849 2847
3 2749 2751 2849
3 2750 2848 2850
3 2750 2850 2752
3 2751 2851 2849
3 2751 2753 2851
3 2752 2850 2852
3 2752 2852 2754
3 2753 2853 2851
3 2753 2755 2853
3 2754 2852 2854
3 2754 2854 2756
3 2755 2855 2853
3 2755 2757 2855
3 2756 2854 2856
3 2756 2856 2758
3 2757 2857 2855
3 2757 2759 2857
3 2758 2856 2858
3 2758 2858 2760
3 2759 2859 2857
3 2759 2761 2859
3 2760 2858 2860
3 2760 2860 2762
3 2761 2861 2859
3 2761 2763 2861
3 2762 2860 2862
3 2762 2862 2764
3 2763 2863 2861
3 2763 2765 2863
3 2764 2862 2864
3 2764 2864 2766
3 2765 2865 2863
3 2765 2767 2865
3 2766 2864 2866
3 2766 2866 2768
3 2767 2867 2865
3 2767 2769 2867
3 2768 2866 2868
3 2768 2868 2770
3 2769 2869 2867
3 2769 2771 2869
3 2770 2868 2870
3 2770 2870 2772
3 2771 2871 2869
3 2771 2773 2871
3 2772 2870 2872
3 2772 2872 2774
3 2773 2873 2871
3 2773 2775 2873
3 2774 2872 2874
3 2774 2874 2776
3 2775 2875 2873
3 2775 2777 2875
3 2776 2874 2876
3 2776 2876 2778
3 2777 2877 2875
3 2777 2779 2877
3 2778 2876 2878
3 2778 2878 2780
3 2779 2879 2877
3 2779 2781 2879
3 2780 2878 2880
3 2780 2880 2782
3 2781 2881 2879
3 2781 2783 2881
3 2782 2880 2882
3 2782 2882 2784
3 2783 2883 2881
3 2783 2785 2883
3 2784 2882 2884
3 2784 2884 2786
3 2785 2885 2883
3 2785 2787 2885
3 2786 2884 2886
3 2786 2886 2788
3 2787 2887 2885
3 2787 2789 2887
3 2788 2886 2888
3 2788 2888 2790
3 2789 2889 2887
3 2789 2791 2889
3 2888 2791 2790
3 2888 2889 2791
3 2792 2890 2891
3 2792 2891 2793
3 2794 2893 2892
3 2794 2795 2893
3 2792 2892 2890
3 2792 2794 2892
3 2793 2891 2894
3 2793 2894 2796
3 2795 2895 2893
3 2795 2797 2895
3 2796 2894 2896
3 2796 2896 2798
3 2797 2897 2895
3 2797 2799 2897
3 2798 2896 2898
3 2798 2898 2800
3 2799 2899 2897
3 2799 2801 2899
3 2800 2898 2900
3 2800 2900 2802
3 2801 2901 2899
3 2801 2803 2901
3 2802 2900 2902
3 2802 2902 2804
3 2803 2903 2901
3 2803 2805 2903
3 2804 2902 2904
3 2804 2904 2806
3 2805 2905 2903
3 2805 2807 2905
3 2806 2904 2906
3 2806 2906 2808
3 2807 2907 2905
3 2807 2809 2907
3 2808 2906 2908
3 2808 2908 2810
3 2809 2909 2907
3 2809 2811 2909
3 2810 2908 2910
3 2810 2910 2812
3 2811 2911 2909
3 2811 2813 2911
3 2812 2910 2912
3 2812 2912 2814
3 2813 2913 2911
3 2813 2815 2913
3 2814 2912 2914
3 2814 2914 2816
3 2815 2915 2913
3 2815 2817 2915
3 2816 2914 2916
3 2816 2916 2818
3 2817 2917 2915
3 2817 2819 2917
3 2818 2916 2918
3 2818 2918 2820
3 2819 2919 2917
3 2819 2821 2919
3 2820 2918 2920
3 2820 2920 2822
3 2821 2921 2919
3 2821 2823 2921
3 2822 2920 2922
3 2822 2922 2824
3 2823 2923 2921
3 2823 2825 2923
3 2824 2922 2924
3 2824 2924 2826
3 2825 2925 2923
3 2825 2827 2925
3 2826 2924 2926
3 2826 2926 2828
3 2827 2927 2925
3 2827 2829 2927
3 2828 2926 2928
3 2828 2928 2830
3 2829 2929 2927
3 2829 2831 2929
3 2830 2928 2930
3 2830 2930 2832
3 2831 2931 2929
3 2831 2833 2931
3 2832 2930 2932
3 2832 2932 2834
3 2833 2933 2931
3 2833 2835 2933
3 2834 2932 2934
3 2834 2934 2836
3 2835 2935 2933
3 2835 2837 2935
3 2836 2934 2936
3 2836 2936 2838
3 2837 2937 2935
3 2837 2839 2937
3 2838 2936 2938
3 2838 2938 2840
3 2839 2939 2937
3 2839 2841 2939
3 2840 2938 2940
3 2840 2940 2842
3 2841 2941 2939
3 2841 2843 2941
3 2842 2940 2942
3 2842 2942 2844
3 2843 2943 2941
3 2843 2845 2943
3 2844 2942 2944
3 2844 2944 2846
3 2845 2945 2943
3 2845 2847 2945
3 2846 2944 2946
3 2846 2946 2848
3 2847 2947 2945
3 2847 2849 2947
3 2848 2946 2948
3 2848 2948 2850
3 2849 2949 2947
3 2849 2851 2949
3 2850 2948 2950
3 2850 2950 2852
3 2851 2951 2949
3 2851 2853 2951
3 2852 2950 2952
3 2852 2952 2854
3 2853 2953 2951
3 2853 2855 2953
3 2854 2952 2954
3 2854 2954 2856
3 2855 2955 2953
3 2855 2857 2955
3 2856 2954 2956
3 2856 2956 2858
3 2857 2957 2955
3 2857 2859 2957
3 2858 2956 2958
3 2858 2958 2860
3 2859 2959 2957
3 2859 2861 2959
3 2860 2958 2960
3 2860 2960 2862
3 2861 2961 2959
3 2861 2863 2961
3 2862 2960 2962
3 2862 2962 2864
3 2863 2963 2961
3 2863 2865 2963
3 2864 2962 2964
3 2864 2964 2866
3 2865 2965 2963
3 2865 2867 2965
3 2866 2964 2966
3 2866 2966 2868
3 2867 2967 2965
3 2867 2869 2967
3 2868 2966 2968
3 2868 2968 2870
3 2869 2969 2967
3 2869 2871 2969
3 2870 2968 2970
3 2870 2970 2872
3 2871 2971 2969
3 2871 2873 2971
3 2872 2970 2972
3 2872 2972 2874
3 2873 2973 2971
3 2873 2875 2973
3 2874 2972 2974
3 2874 2974 2876
3 2875 2975 2973
3 2875 2877 2975
3 2876 2974 2976
3 2876 2976 2878
3 2877 2977 2975
3 2877 2879 2977
3 2878 2976 2978
3 2878 2978 2880
3 2879 2979 2977
3 2879 2881 2979
3 2880 2978 2980
3 2880 2980 2882
3 2881 2981 2979
3 2881 2883 2981
3 2882 2980 2982
3 2882 2982 2884
3 2883 2983 2981
3 2883 2885 2983
3 2884 2982 2984
3 2884 2984 2886
3 2885 2985 2983
3 2885 2887 2985
3 2886 2984 2986
3 2886 2986 2888
3 2887 2987 2985
3 2887 2889 2987
3 2986 2889 2888
3 2986 2987 2889
3 2890 2988 2989
3 2890 2989 2891
3 2892 2991 2990
3 2892 2893 2991
3 2890 2990 2988
3 2890 2892 2990
3 2891 2989 2992
3 2891 2992 2894
3 2893 2993 2991
3 2893 2895 2993
3 2894 2992 2994
3 2894 2994 2896
3 2895 2995 2993
3 2895 2897 2995
3 2896 2994 2996
3 2896 2996 2898
3 2897 2997 2995
3 2897 2899 2997
3 2898 2996 2998
3 2898 2998 2900
3 2899 2999 2997
3 2899 2901 2999
3 2900 2998 3000
3 2900 3000 2902
3 2901 3001 2999
3 2901 2903 3001
3 2902 3000 3002
3 2902 3002 2904
3 2903 3003 3001
3 2903 2905 3003
3 2904 3002 3004
3 2904 3004 2906
3 2905 3005 3003
3 2905 2907 3005
3 2906 3004 3006
3 2906 3006 2908
3 2907 3007 3005
3 2907 2909 3007
3 2908 3006 3008
3 2908 3008 2910
3 2909 3009 3007
3 2909 2911 3009
3 2910 3008 3010
3 2910 3010 2912
3 2911 3011 3009
3 2911 2913 3011
3 2912 3010 3012
3 2912 3012 2914
3 2913 3013 3011
3 2913 2915 3013
3 2914 3012 3014
3 2914 3014 2916
3 2915 3015 3013
3 2915 2917 3015
3 2916 3014 3016
3 2916 3016 2918
3 2917 3017 3015
3 2917 2919 3017
3 2918 3016 3018
3 2918 3018 2920
3 2919 3019 3017
3 2919 2921 3019
3 2920 3018 3020
3 2920 3020 2922
3 2921 3021 3019
3 2921 2923 3021
3 2922 3020 3022
3 2922 3022 2924
3 2923 3023 3021
3 2923 2925 3023
3 2924 3022 3024
3 2924 3024 2926
3 2925 3025 3023
3 2925 2927 3025
3 2926 3024 3026
3 2926 3026 2928
3 2927 3027 3025
3 2927 2929 3027
3 2928 3026 3028
3 2928 3028 2930
3 2929 3029 3027
3 2929 2931 3029
3 2930 3028 3030
3 2930 3030 2932
3 2931 3031 3029
3 2931 2933 3031
3 2932 3030 3032
3 2932 3032 2934
3 2933 3033 3031
3 2933 2935 3033
3 2934 3032 3034
3 2934 3034 2936
3 2935 3035 3033
3 2935 2937 3035
3 2936 3034 3036
3 2936 3036 2938
3 2937 3037 3035
3 2937 2939 3037
3 2938 3036 3038
3 2938 3038 2940
3 2939 3039 3037
3 2939 2941 3039
3 2940 3038 3040
3 2940 3040 2942
3 2941 3041 3039
3 2941 2943 3041
3 2942 3040 3042
3 2942 3042 2944
3 2943 3043 3041
3 2943 2945 3043
3 2944 3042 3044
3 2944 3044 2946
3 2945 3045 3043
3 2945 2947 3045
3 2946 3044 3046
3 2946 3046 2948
3 2947 3047 3045
3 2947 2949 3047
3 2948 3046 3048
3 2948 3048 2950
3 2949 3049 3047
3 2949 2951 3049
3 2950 3048 3050
3 2950 3050 2952
3 2951 3051 3049
3 2951 2953 3051
3 2952 3050 3052
3 2952 3052 2954
3 2953 3053 3051
3 2953 2955 3053
3 2954 3052 3054
3 2954 3054 2956
3 2955 3055 3053
3 2955 2957 3055
3 2956 3054 3056
3 2956 3056 2958
3 2957 3057 3055
3 2957 2959 3057
3 2958 3056 3058
3 2958 3058 2960
3 2959 3059 3057
3 2959 2961 3059
3 2960 3058 3060
3 2960 3060 2962
3 2961 3061 3059
3 2961 2963 3061
3 2962 3060 3062
3 2962 3062 2964
3 2963 3063 3061
3 2963 2965 3063
3 2964 3062 3064
3 2964 3064 2966
3 2965 3065 3063
3 2965 2967 3065
3 2966 3064 3066
3 2966 3066 2968
3 2967 3067 3065
3 2967 2969 3067
3 2968 3066 3068
3 2968 3068 2970
3 2969 3069 3067
3 2969 2971 3069
3 2970 3068 3070
3 2970 3070 2972
3 2971 3071 3069
3 2971 2973 3071
3 2972 3070 3072
3 2972 3072 2974
3 2973 3073 3071
3 2973 2975 3073
3 2974 3072 3074
3 2974 3074 2976
3 2975 3075 3073
3 2975 2977 3075
3 2976 3074 3076
3 2976 3076 2978
3 2977 3077 3075
3 2977 2979 3077
3 2978 3076 3078
3 2978 3078 2980
3 2979 3079 3077
3 2979 2981 3079
3 2980 3078 3080
3 2980 3080 2982
3 2981 3081 3079
3 2981 2983 3081
3 2982 3080 3082
3 2982 3082 2984
3 2983 3083 3081
3 2983 2985 3083
3 2984 3082 3084
3 2984 3084 2986
3 2985 3085 3083
3 2985 2987 3085
3 3084 2987 2986
3 3084 3085 2987
3 2988 3086 3087
3 2988 3087 2989
3 2990 3089 3088
3 2990 2991 3089
3 2988 3088 3086
3 2988 2990 3088
3 2989 3087 3090
3 2989 3090 2992
3 2991 3091 3089
3 2991 2993 3091
3 2992 3090 3092
3 2992 3092 2994
3 2993 3093 3091
3 2993 2995 3093
3 2994 3092 3094
3 2994 3094 2996
3 2995 3095 3093
3 2995 2997 3095
3 2996 3094 3096
3 2996 3096 2998
3 2997 3097 3095
3 2997 2999 3097
3 2998 3096 3098
3 2998 3098 3000
3 2999 3099 3097
3 2999 3001 3099
3 3000 3098 3100
3 3000 3100 3002
3 3001 3101 3099
3 3001 3003 3101
3 3002 3100 3102
3 3002 3102 3004
3 3003 3103 3101
3 3003 3005 3103
3 3004 3102 3104
3 3004 3104 3006
3 3005 3105 3103
3 3005 3007 3105
3 3006 3104 3106
3 3006 3106 3008
3 3007 3107 3105
3 3007 3009 3107
3 3008 3106 3108
3 3008 3108 3010
3 3009 3109 3107
3 3009 3011 3109
3 3010 3108 3110
3 3010 3110 3012
3 3011 3111 3109
3 3011 3013 3111
3 3012 3110 3112
3 3012 3112 3014
3 3013 3113 3111
3 3013 3015 3113
3 3014 3112 3114
3 3014 3114 3016
3 3015 3115 3113
3 3015 3017 3115
3 3016 3114 3116
3 3016 3116 3018
3 3017 3117 3115
3 3017 3019 3117
3 3018 3116 3118
3 3018 3118 3020
3 3019 3119 3117
3 3019 3021 3119
3 3020 3118 3120
3 3020 3120 3022
3 3021 3121 3119
3 3021 3023 3121
3 3022 3120 3122
3 3022 3122 3024
3 3023 3123 3121
3 3023 3025 3123
3 3024 3122 3124
3 3024 3124 3026
3 3025 3125 3123
3 3025 3027 3125
3 3026 3124 3126
3 3026 3126 3028
3 3027 3127 3125
3 3027 3029 3127
3 3028 3126 3128
3 3028 3128 3030
3 3029 3129 3127
3 3029 3031 3129
3 3030 3128 3130
3 3030 3130 3032
3 3031 3131 3129
3 3031 3033 3131
3 3032 3130 3132
3 3032 3132 3034
3 3033 3133 3131
3 3033 3035 3133
3 3034 3132 3134
3 3034 3134 3036
3 3035 3135 3133
3 3035 3037 3135
3 3036 3134 3136
3 3036 3136 3038
3 3037 3137 3135
3 3037 3039 3137
3 3038 3136 3138
3 3038 3138 3040
3 3039 3139 3137
3 3039 3041 3139
3 3040 3138 3140
3 3040 3140 3042
3 3041 3141 3139
3 3041 3043 3141
3 3042 3140 3142
3 3042 3142 3044
3 3043 3143 3141
3 3043 3045 3143
3 3044 3142 3144
3 3044 3144 3046
3 3045 3145 3143
3 3045 3047 3145
3 3046 3144 3146
3 3046 3146 3048
3 3047 3147 3145
3 3047 3049 3147
3 3048 3146 3148
3 3048 3148 3050
3 3049 3149 3147
3 3049 3051 3149
3 3050 3148 3150
3 3050 3150 3052
3 3051 3151 3149
3 3051 3053 3151
3 3052 3150 3152
3 3052 3152 3054
3 3053 3153 3151
3 3053 3055 3153
3 3054 3152 3154
3 3054 3154 3056
3 3055 3155 3153
3 3055 3057 3155
3 3056 3154 3156
3 3056 3156 3058
3 3057 3157 3155
3 3057 3059 3157
3 3058 3156 3158
3 3058 3158 3060
3 3059 3159 3157
3 3059 3061 3159
3 3060 3158 3160
3 3060 3160 3062
3 3061 3161 3159
3 3061 3063 3161
3 3062 3160 3162
3 3062 3162 3064
3 3063 3163 3161
3 3063 3065 3163
3 3064 3162 3164
3 3064 3164 3066
3 3065 3165 3163
3 3065 3067 3165
3 3066 3164 3166
3 3066 3166 3068
3 3067 3167 3165
3 3067 3069 3167
3 3068 3166 3168
3 3068 3168 3070
3 3069 3169 3167
3 3069 3071 3169
3 3070 3168 3170
3 3070 3170 3072
3 3071 3171 3169
3 3071 3073 3171
3 3072 3170 3172
3 3072 3172 3074
3 3073 3173 3171
3 3073 3075 3173
3 3074 3172 3174
3 3074 3174 3076
3 3075 3175 3173
3 3075 3077 3175
3 3076 3174 3176
3 3076 3176 3078
3 3077 3177 3175
3 3077 3079 3177
3 3078 3176 3178
3 3078 3178 3080
3 3079 3179 3177
3 3079 3081 3179
3 3080 3178 3180
3 3080 3180 3082
3 3081 3181 3179
3 3081 3083 3181
3 3082 3180 3182
3 3082 3182 3084
3 3083 3183 3181
3 3083 3085 3183
3 3182 3085 3084
3 3182 3183 3085
3 3086 3184 3185
3 3086 3185 3087
3 3088 3187 3186
3 3088 3089 3187
3 3086 3186 3184
3 3086 3088 3186
3 3087 3185 3188
3 3087 3188 3090
3 3089 3189 3187
3 3089 3091 3189
3 3090 3188 3190
3 3090 3190 3092
3 3091 3191 3189
3 3091 3093 3191
3 3092 3190 3192
3 3092 3192 3094
3 3093 3193 3191
3 3093 3095 3193
3 3094 3192 3194
3 3094 3194 3096
3 3095 3195 3193
3 3095 3097 3195
3 3096 3194 3196
3 3096 3196 3098
3 3097 3197 3195
3 3097 3099 3197
3 3098 3196 3198
3 3098 3198 3100
3 3099 3199 3197
3 3099 3101 3199
3 3100 3198 3200
3 3100 3200 3102
3 3101 3201 3199
3 3101 3103 3201
3 3102 3200 3202
3 3102 3202 3104
3 3103 3203 3201
3 3103 3105 3203
3 3104 3202 3204
3 3104 3204 3106
3 3105 3205 3203
3 3105 3107 3205
3 3106 3204 3206
3 3106 3206 3108
3 3107 3207 3205
3 3107 3109 3207
3 3108 3206 3208
3 3108 3208 3110
3 3109 3209 3207
3 3109 3111 3209
3 3110 3208 3210
3 3110 3210 3112
3 3111 3211 3209
3 3111 3113 3211
3 3112 3210 3212
3 3112 3212 3114
3 3113 3213 3211
3 3113 3115 3213
3 3114 3212 3214
3 3114 3214 3116
3 3115 3215 3213
3 3115 3117 3215
3 3116 3214 3216
3 3116 3216 3118
3 3117 3217 3215
3 3117 3119 3217
3 3118 3216 3218
3 3118 3218 3120
3 3119 3219 3217
3 3119 3121 3219
3 3120 3218 3220
3 3120 3220 3122
3 3121 3221 3219
3 3121 3123 3221
3 3122 3220 3222
3 3122 3222 3124
3 3123 3223 3221
3 3123 3125 3223
3 3124 3222 3224
3 3124 3224 3126
3 3125 3225 3223
3 3125 3127 3225
3 3126 3224 3226
3 3126 3226 3128
3 3127 3227 3225
3 3127 3129 3227
3 3128 3226 3228
3 3128 3228 3130
3 3129 3229 3227
3 3129 3131 3229
3 3130 3228 3230
3 3130 3230 3132
3 3131 3231 3229
3 3131 3133 3231
3 3132 3230 3232
3 3132 3232 3134
3 3133 3233 3231
3 3133 3135 3233
3 3134 3232 3234
3 3134 3234 3136
3 3135 3235 3233
3 3135 3137 3235
3 3136 3234 3236
3 3136 3236 3138
3 3137 3237 3235
3 3137 3139 3237
3 3138 3236 3238
3 3138 3238 3140
3 3139 3239 3237
3 3139 3141 3239
3 3140 3238 3240
3 3140 3240 3142
3 3141 3241 3239
3 3141 3143 3241
3 3142 3240 3242
3 3142 3242 3144
3 3143 3243 3241
3 3143 3145 3243
3 3144 3242 3244
3 3144 3244 3146
3 3145 3245 3243
3 3145 3147 3245
3 3146 3244 3246
3 3146 3246 3148
3 3147 3247 3245
3 3147 3149 3247
3 3148 3246 3248
3 3148 3248 3150
3 3149 3249 3247
3 3149 3151 3249
3 3150 3248 3250
3 3150 3250 3152
3 3151 3251 3249
3 3151 3153 3251
3 3152 3250 3252
3 3152 3252 3154
3 3153 3253 3251
3 3153 3155 3253
3 3154 3252 3254
3 3154 3254 3156
3 3155 3255 3253
3 3155 3157 3255
3 3156 3254 3256
3 3156 3256 3158
3 3157 3257 3255
3 3157 3159 3257
3 3158 3256 3258
3 3158 3258 3160
3 3159 3259 3257
3 3159 3161 3259
3 3160 3258 3260
3 3160 3260 3162
3 3161 3261 3259
3 3161 3163 3261
3 3162 3260 3262
3 3162 3262 3164
3 3163 3263 3261
3 3163 3165 3263
3 3164 3262 3264
3 3164 3264 3166
3 3165 3265 3263
3 3165 3167 3265
3 3166 3264 3266
3 3166 3266 3168
3 3167 3267 3265
3 3167 3169 3267
3 3168 3266 3268
3 3168 3268 3170
3 3169 3269 3267
3 3169 3171 3269
3 3170 3268 3270
3 3170 3270 3172
3 3171 3271 3269
3 3171 3173 3271
3 3172 3270 3272
3 3172 3272 3174
3 3173 3273 3271
3 3173 3175 3273
3 3174 3272 3274
3 3174 3274 3176
3 3175 3275 3273
3 3175 3177 3275
3 3176 3274 3276
3 3176 3276 3178
3 3177 3277 3275
3 3177 3179 3277
3 3178 3276 3278
3 3178 3278 3180
3 3179 3279 3277
3 3179 3181 3279
3 3180 3278 3280
3 3180 3280 3182
3 3181 3281 3279
3 3181 3183 3281
3 3280 3183 3182
3 3280 3281 3183
3 3184 3282 3283
3 3184 3283 3185
3 3186 3285 3284
3 3186 3187 3285
3 3184 3284 3282
3 3184 3186 3284
3 3185 3283 3286
3 3185 3286 3188
3 3187 3287 3285
3 3187 3189 3287
3 3188 3286 3288
3 3188 3288 3190
3 3189 3289 3287
3 3189 3191 3289
3 3190 3288 3290
3 3190 3290 3192
3 3191 3291 3289
3 3191 3193 3291
3 3192 3290 3292
3 3192 3292 3194
3 3193 3293 3291
3 3193 3195 3293
3 3194 3292 3294
3 3194 3294 3196
3 3195 3295 3293
3 3195 3197 3295
3 3196 3294 3296
3 3196 3296 3198
3 3197 3297 3295
3 3197 3199 3297
3 3198 3296 3298
3 3198 3298 3200
3 3199 3299 3297
3 3199 3201 3299
3 3200 3298 3300
3 3200 3300 3202
3 3201 3301 3299
3 3201 3203 3301
3 3202 3300 3302
3 3202 3302 3204
3 3203 3303 3301
3 3203 3205 3303
3 3204 3302 3304
3 3204 3304 3206
3 3205 3305 3303
3 3205 3207 3305
3 3206 3304 3306
3 3206 3306 3208
3 3207 3307 3305
3 3207 3209 3307
3 3208 3306 3308
3 3208 3308 3210
3 3209 3309 3307
3 3209 3211 3309
3 3210 3308 3310
3 3210 3310 3212
3 3211 3311 3309
3 3211 3213 3311
3 3212 3310 3312
3 3212 3312 3214
3 3213 3313 3311
3 3213 3215 3313
3 3214 3312 3314
3 3214 3314 3216
3 3215 3315 3313
3 3215 3217 3315
3 3216 3314 3316
3 3216 3316 3218
3 3217 3317 3315
3 3217 3219 3317
3 3218 3316 3318
3 3218 3318 3220
3 3219 3319 3317
3 3219 3221 3319
3 3220 3318 3320
3 3220 3320 3222
3 3221 3321 3319
3 3221 3223 3321
3 3222 3320 3322
3 3222 3322 3224
3 3223 3323 3321
3 3223 3225 3323
3 3224 3322 3324
3 3224 3324 3226
3 3225 3325 3323
3 3225 3227 3325
3 3226 3324 3326
3 3226 3326 3228
3 3227 3327 3325
3 3227 3229 3327
3 3228 3326 3328
3 3228 3328 3230
3 3229 3329 3327
3 3229 3231 3329
3 3230 3328 3330
3 3230 3330 3232
3 3231 3331 3329
3 3231 3233 3331
3 3232 3330 3332
3 3232 3332 3234
3 3233 3333 3331
3 3233 3235 3333
3 3234 3332 3334
3 3234 3334 3236
3 3235 3335 3333
3 3235 3237 3335
3 3236 3334 3336
3 3236 3336 3238
3 3237 3337 3335
3 3237 3239 3337
3 3238 3336 3338
3 3238 3338 3240
3 3239 3339 3337
3 3239 3241 3339
3 3240 3338 3340
3 3240 3340 3242
3 3241 3341 3339
3 3241 3243 3341
3 3242 3340 3342
3 3242 3342 3244
3 3243 3343 3341
3 3243 3245 3343
3 3244 3342 3344
3 3244 3344 3246
3 3245 3345 3343
3 3245 3247 3345
3 3246 3344 3346
3 3246 3346 3248
3 3247 3347 3345
3 3247 3249 3347
3 3248 3346 3348
3 3248 3348 3250
3 3249 3349 3347
3 3249 3251 3349
3 3250 3348 3350
3 3250 3350 3252
3 3251 3351 3349
3 3251 3253 3351
3 3252 3350 3352
3 3252 3352 3254
3 3253 3353 3351
3 3253 3255 3353
3 3254 3352 3354
3 3254 3354 3256
3 3255 3355 3353
3 3255 3257 3355
3 3256 3354 3356
3 3256 3356 3258
3 3257 3357 3355
3 3257 3259 3357
3 3258 3356 3358
3 3258 3358 3260
3 3259 3359 3357
3 3259 3261 3359
3 3260 3358 3360
3 3260 3360 3262
3 3261 3361 3359
3 3261 3263 3361
3 3262 3360 3362
3 3262 3362 3264
3 3263 3363 3361
3 3263 3265 3363
3 3264 3362 3364
3 3264 3364 3266
3 3265 3365 3363
3 3265 3267 3365
3 3266 3364 3366
3 3266 3366 3268
3 3267 3367 3365
3 3267 3269 3367
3 3268 3366 3368
3 3268 3368 3270
3 3269 3369 3367
3 3269 3271 3369
3 3270 3368 3370
3 3270 3370 3272
3 3271 3371 3369
3 3271 3273 3371
3 3272 3370 3372
3 3272 3372 3274
3 3273 3373 3371
3 3273 3275 3373
3 3274 3372 3374
3 3274 3374 3276
3 3275 3375 3373
3 3275 3277 3375
3 3276 3374 3376
3 3276 3376 3278
3 3277 3377 3375
3 3277 3279 3377
3 3278 3376 3378
3 3278 3378 3280
3 3279 3379 3377
3 3279 3281 3379
3 3378 3281 3280
3 3378 3379 3281
3 3282 3380 3381
3 3282 3381 3283
3 3284 3383 3382
3 3284 3285 3383
3 3282 3382 3380
3 3282 3284 3382
3 3283 3381 3384
3 3283 3384 3286
3 3285 3385 3383
3 3285 3287 3385
3 3286 3384 3386
3 3286 3386 3288
3 3287 3387 3385
3 3287 3289 3387
3 3288 3386 3388
3 3288 3388 3290
3 3289 3389 3387
3 3289 3291 3389
3 3290 3388 3390
3 3290 3390 3292
3 3291 3391 3389
3 3291 3293 3391
3 3292 3390 3392
3 3292 3392 3294
3 3293 3393 3391
3 3293 3295 3393
3 3294 3392 3394
3 3294 3394 3296
3 3295 3395 3393
3 3295 3297 3395
3 3296 3394 3396
3 3296 3396 3298
3 3297 3397 3395
3 3297 3299 3397
3 3298 3396 3398
3 3298 3398 3300
3 3299 3399 3397
3 3299 3301 3399
3 3300 3398 3400
3 3300 3400 3302
3 3301 3401 3399
3 3301 3303 3401
3 3302 3400 3402
3 3302 3402 3304
3 3303 3403 3401
3 3303 3305 3403
3 3304 3402 3404
3 3304 3404 3306
3 3305 3405 3403
3 3305 3307 3405
3 3306 3404 3406
3 3306 3406 3308
3 3307 3407 3405
3 3307 3309 3407
3 3308 3406 3408
3 3308 3408 3310
3 3309 3409 3407
3 3309 3311 3409
3 3310 3408 3410
3 3310 3410 3312
3 3311 3411 3409
3 3311 3313 3411
3 3312 3410 3412
3 3312 3412 3314
3 3313 3413 3411
3 3313 3315 3413
3 3314 3412 3414
3 3314 3414 3316
3 3315 3415 3413
3 3315 3317 3415
3 3316 3414 3416
3 3316 3416 3318
3 3317 3417 3415
3 3317 3319 3417
3 3318 3416 3418
3 3318 3418 3320
3 3319 3419 3417
3 3319 3321 3419
3 3320 3418 3420
3 3320 3420 3322
3 3321 3421 3419
3 3321 3323 3421
3 3322 3420 3422
3 3322 3422 3324
3 3323 3423 3421
3 3323 3325 3423
3 3324 3422 3424
3 3324 3424 3326
3 3325 3425 3423
3 3325 3327 3425
3 3326 3424 3426
3 3326 3426 3328
3 3327 3427 3425
3 3327 3329 3427
3 3328 3426 3428
3 3328 3428 3330
3 3329 3429 3427
3 3329 3331 3429
3 3330 3428 3430
3 3330 3430 3332
3 3331 3431 3429
3 3331 3333 3431
3 3332 3430 3432
3 3332 3432 3334
3 3333 3433 3431
3 3333 3335 3433
3 3334 3432 3434
3 3334 3434 3336
3 3335 3435 3433
3 3335 3337 3435
3 3336 3434 3436
3 3336 3436 3338
3 3337 3437 3435
3 3337 3339 3437
3 3338 3436 3438
3 3338 3438 3340
3 3339 3439 3437
3 3339 3341 3439
3 3340 3438 3440
3 3340 3440 3342
3 3341 3441 3439
3 3341 3343 3441
3 3342 3440 3442
3 3342 3442 3344
3 3343 3443 3441
3 3343 3345 3443
3 3344 3442 3444
3 3344 3444 3346
3 3345 3445 3443
3 3345 3347 3445
3 3346 3444 3446
3 3346 3446 3348
3 3347 3447 3445
3 3347 3349 3447
3 3348 3446 3448
3 3348 3448 3350
3 3349 3449 3447
3 3349 3351 3449
3 3350 3448 3450
3 3350 3450 3352
3 3351 3451 3449
3 3351 3353 3451
3 3352 3450 3452
3 3352 3452 3354
3 3353 3453 3451
3 3353 3355 3453
3 3354 3452 3454
3 3354 3454 3356
3 3355 3455 3453
3 3355 3357 3455
3 3356 3454 3456
3 3356 3456 3358
3 3357 3457 3455
3 3357 3359 3457
3 3358 3456 3458
3 3358 3458 3360
3 3359 3459 3457
3 3359 3361 3459
3 3360 3458 3460
3 3360 3460 3362
3 3361 3461 3459
3 3361 3363 3461
3 3362 3460 3462
3 3362 3462 3364
3 3363 3463 3461
3 3363 3365 3463
3 3364 3462 3464
3 3364 3464 3366
3 3365 3465 3463
3 3365 3367 3465
3 3366 3464 3466
3 3366 3466 3368
3 3367 3467 3465
3 3367 3369 3467
3 3368 3466 3468
3 3368 3468 3370
3 3369 3469 3467
3 3369 3371 3469
3 3370 3468 3470
3 3370 3470 3372
3 3371 3471 3469
3 3371 3373 3471
3 3372 3470 3472
3 3372 3472 3374
3 3373 3473 3471
3 3373 3375 3473
3 3374 3472 3474
3 3374 3474 3376
3 3375 3475 3473
3 3375 3377 3475
3 3376 3474 3476
3 3376 3476 3378
3 3377 3477 3475
3 3377 3379 3477
3 3476 3379 3378
3 3476 3477 3379
3 3380 3478 3479
3 3380 3479 3381
3 3382 3481 3480
3 3382 3383 3481
3 3380 3480 3478
3 3380 3382 3480
3 3381 3479 3482
3 3381 3482 3384
3 3383 3483 3481
3 3383 3385 3483
3 3384 3482 3484
3 3384 3484 3386
3 3385 3485 3483
3 3385 3387 3485
3 3386 3484 3486
3 3386 3486 3388
3 3387 3487 3485
3 3387 3389 3487
3 3388 3486 3488
3 3388 3488 3390
3 3389 3489 3487
3 3389 3391 3489
3 3390 3488 3490
3 3390 3490 3392
3 3391 3491 3489
3 3391 3393 3491
3 3392 3490 3492
3 3392 3492 3394
3 3393 3493 3491
3 3393 3395 3493
3 3394 3492 3494
3 3394 3494 3396
3 3395 3495 3493
3 3395 3397 3495
3 3396 3494 3496
3 3396 3496 3398
3 3397 3497 3495
3 3397 3399 3497
3 3398 3496 3498
3 3398 3498 3400
3 3399 3499 3497
3 3399 3401 3499
3 3400 3498 3500
3 3400 3500 3402
3 3401 3501 3499
3 3401 3403 3501
3 3402 3500 3502
3 3402 3502 3404
3 3403 3503 3501
3 3403 3405 3503
3 3404 3502 3504
3 3404 3504 3406
3 3405 3505 3503
3 3405 3407 3505
3 3406 3504 3506
3 3406 3506 3408
3 3407 3507 3505
3 3407 3409 3507
3 3408 3506 3508
3 3408 3508 3410
3 3409 3509 3507
3 3409 3411 3509
3 3410 3508 3510
3 3410 3510 3412
3 3411 3511 3509
3 3411 3413 3511
3 3412 3510 3512
3 3412 3512 3414
3 3413 3513 3511
3 3413 3415 3513
3 3414 3512 3514
3 3414 3514 3416
3 3415 3515 3513
3 3415 3417 3515
3 3416 3514 3516
3 3416 3516 3418
3 3417 3517 3515
3 3417 3419 3517
3 3418 3516 3518
3 3418 3518 3420
3 3419 3519 3517
3 3419 3421 3519
3 3420 3518 3520
3 3420 3520 3422
3 3421 3521 3519
3 3421 3423 3521
3 3422 3520 3522
3 3422 3522 3424
3 3423 3523 3521
3 3423 3425 3523
3 3424 3522 3524
3 3424 3524 3426
3 3425 3525 3523
3 3425 3427 3525
3 3426 3524 3526
3 3426 3526 3428
3 3427 3527 3525
3 3427 3429 3527
3 3428 3526 3528
3 3428 3528 3430
3 3429 3529 3527
3 3429 3431 3529
3 3430 3528 3530
3 3430 3530 3432
3 3431 3531 3529
3 3431 3433 3531
3 3432 3530 3532
3 3432 3532 3434
3 3433 3533 3531
3 3433 3435 3533
3 3434 3532 3534
3 3434 3534 3436
3 3435 3535 3533
3 3435 3437 3535
3 3436 3534 3536
3 3436 3536 3438
3 3437 3537 3535
3 3437 3439 3537
3 3438 3536 3538
3 3438 3538 3440
3 3439 3539 3537
3 3439 3441 3539
3 3440 3538 3540
3 3440 3540 3442
3 3441 3541 3539
3 3441 3443 3541
3 3442 3540 3542
3 3442 3542 3444
3 3443 3543 3541
3 3443 3445 3543
3 3444 3542 3544
3 3444 3544 3446
3 3445 3545 3543
3 3445 3447 3545
3 3446 3544 3546
3 3446 3546 3448
3 3447 3547 3545
3 3447 3449 3547
3 3448 3546 3548
3 3448 3548 3450
3 3449 3549 3547
3 3449 3451 3549
3 3450 3548 3550
3 3450 3550 3452
3 3451 3551 3549
3 3451 3453 3551
3 3452 3550 3552
3 3452 3552 3454
3 3453 3553 3551
3 3453 3455 3553
3 3454 3552 3554
3 3454 3554 3456
3 3455 3555 3553
3 3455 3457 3555
3 3456 3554 3556
3 3456 3556 3458
3 3457 3557 3555
3 3457 3459 3557
3 3458 3556 3558
3 3458 3558 3460
3 3459 3559 3557
3 3459 3461 3559
3 3460 3558 3560
3 3460 3560 3462
3 3461 3561 3559
3 3461 3463 3561
3 3462 3560 3562
3 3462 3562 3464
3 3463 3563 3561
3 3463 3465 3563
3 3464 3562 3564
3 3464 3564 3466
3 3465 3565 3563
3 3465 3467 3565
3 3466 3564 3566
3 3466 3566 3468
3 3467 3567 3565
3 3467 3469 3567
3 3468 3566 3568
3 3468 3568 3470
3 3469 3569 3567
3 3469 3471 3569
3 3470 3568 3570
3 3470 3570 3472
3 3471 3571 3569
3 3471 3473 3571
3 3472 3570 3572
3 3472 3572 3474
3 3473 3573 3571
3 3473 3475 3573
3 3474 3572 3574
3 3474 3574 3476
3 3475 3575 3573
3 3475 3477 3575
3 3574 3477 3476
3 3574 3575 3477
3 3478 3576 3577
3 3478 3577 3479
3 3480 3579 3578
3 3480 3481 3579
3 3478 3578 3576
3 3478 3480 3578
3 3479 3577 3580
3 3479 3580 3482
3 3481 3581 3579
3 3481 3483 3581
3 3482 3580 3582
3 3482 3582 3484
3 3483 3583 3581
3 3483 3485 3583
3 3484 3582 3584
3 3484 3584 3486
3 3485 3585 3583
3 3485 3487 3585
3 3486 3584 3586
3 3486 3586 3488
3 3487 3587 3585
3 3487 3489 3587
3 3488 3586 3588
3 3488 3588 3490
3 3489 3589 3587
3 3489 3491 3589
3 3490 3588 3590
3 3490 3590 3492
3 3491 3591 3589
3 3491 3493 3591
3 3492 3590 3592
3 3492 3592 3494
3 3493 3593 3591
3 3493 3495 3593
3 3494 3592 3594
3 3494 3594 3496
3 3495 3595 3593
3 3495 3497 3595
3 3496 3594 3596
3 3496 3596 3498
3 3497 3597 3595
3 3497 3499 3597
3 3498 3596 3598
3 3498 3598 3500
3 3499 3599 3597
3 3499 3501 3599
3 3500 3598 3600
3 3500 3600 3502
3 3501 3601 3599
3 3501 3503 3601
3 3502 3600 3602
3 3502 3602 3504
3 3503 3603 3601
3 3503 3505 3603
3 3504 3602 3604
3 3504 3604 3506
3 3505 3605 3603
3 3505 3507 3605
3 3506 3604 3606
3 3506 3606 3508
3 3507 3607 3605
3 3507 3509 3607
3 3508 3606 3608
3 3508 3608 3510
3 3509 3609 3607
3 3509 3511 3609
3 3510 3608 3610
3 3510 3610 3512
3 3511 3611 3609
3 3511 3513 3611
3 3512 3610 3612
3 3512 3612 3514
3 3513 3613 3611
3 3513 3515 3613
3 3514 3612 3614
3 3514 3614 3516
3 3515 3615 3613
3 3515 3517 3615
3 3516 3614 3616
3 3516 3616 3518
3 3517 3617 3615
3 3517 3519 3617
3 3518 3616 3618
3 3518 3618 3520
3 3519 3619 3617
3 3519 3521 3619
3 3520 3618 3620
3 3520 3620 3522
3 3521 3621 3619
3 3521 3523 3621
3 3522 3620 3622
3 3522 3622 3524
3 3523 3623 3621
3 3523 3525 3623
3 3524 3622 3624
3 3524 3624 3526
3 3525 3625 3623
3 3525 3527 3625
3 3526 3624 3626
3 3526 3626 3528
3 3527 3627 3625
3 3527 3529 3627
3 3528 3626 3628
3 3528 3628 3530
3 3529 3629 3627
3 3529 3531 3629
3 3530 3628 3630
3 3530 3630 3532
3 3531 3631 3629
3 3531 3533 3631
3 3532 3630 3632
3 3532 3632 3534
3 3533 3633 3631
3 3533 3535 3633
3 3534 3632 3634
3 3534 3634 3536
3 3535 3635 3633
3 3535 3537 3635
3 3536 3634 3636
3 3536 3636 3538
3 3537 3637 3635
3 3537 3539 3637
3 3538 3636 3638
3 3538 3638 3540
3 3539 3639 3637
3 3539 3541 3639
3 3540 3638 3640
3 3540 3640 3542
3 3541 3641 3639
3 3541 3543 3641
3 3542 3640 3642
3 3542 3642 3544
3 3543 3643 3641
3 3543 3545 3643
3 3544 3642 3644
3 3544 3644 3546
3 3545 3645 3643
3 3545 3547 3645
3 3546 3644 3646
3 3546 3646 3548
3 3547 3647 3645
3 3547 3549 3647
3 3548 3646 3648
3 3548 3648 3550
3 3549 3649 3647
3 3549 3551 3649
3 3550 3648 3650
3 3550 3650 3552
3 3551 3651 3649
3 3551 3553 3651
3 3552 3650 3652
3 3552 3652 3554
3 3553 3653 3651
3 3553 3555 3653
3 3554 3652 3654
3 3554 3654 3556
3 3555 3655 3653
3 3555 3557 3655
3 3556 3654 3656
3 3556 3656 3558
3 3557 3657 3655
3 3557 3559 3657
3 3558 3656 3658
3 3558 3658 3560
3 3559 3659 3657
3 3559 3561 3659
3 3560 3658 3660
3 3560 3660 3562
3 3561 3661 3659
3 3561 3563 3661
3 3562 3660 3662
3 3562 3662 3564
3 3563 3663 3661
3 3563 3565 3663
3 3564 3662 3664
3 3564 3664 3566
3 3565 3665 3663
3 3565 3567 3665
3 3566 3664 3666
3 3566 3666 3568
3 3567 3667 3665
3 3567 3569 3667
3 3568 3666 3668
3 3568 3668 3570
3 3569 3669 3667
3 3569 3571 3669
3 3570 3668 3670
3 3570 3670 3572
3 3571 3671 3669
3 3571 3573 3671
3 3572 3670 3672
3 3572 3672 3574
3 3573 3673 3671
3 3573 3575 3673
3 3672 3575 3574
3 3672 3673 3575
3 3576 3674 3675
3 3576 3675 3577
3 3578 3677 3676
3 3578 3579 3677
3 3576 3676 3674
3 3576 3578 3676
3 3577 3675 3678
3 3577 3678 3580
3 3579 3679 3677
3 3579 3581 3679
3 3580 3678 3680
3 3580 3680 3582
3 3581 3681 3679
3 3581 3583 3681
3 3582 3680 3682
3 3582 3682 3584
3 3583 3683 3681
3 3583 3585 3683
3 3584 3682 3684
3 3584 3684 3586
3 3585 3685 3683
3 3585 3587 3685
3 3586 3684 3686
3 3586 3686 3588
3 3587 3687 3685
3 3587 3589 3687
3 3588 3686 3688
3 3588 3688 3590
3 3589 3689 3687
3 3589 3591 3689
3 3590 3688 3690
3 3590 3690 3592
3 3591 3691 3689
3 3591 3593 3691
3 3592 3690 3692
3 3592 3692 3594
3 3593 3693 3691
3 3593 3595 3693
3 3594 3692 3694
3 3594 3694 3596
3 3595 3695 3693
3 3595 3597 3695
3 3596 3694 3696
3 3596 3696 3598
3 3597 3697 3695
3 3597 3599 3697
3 3598 3696 3698
3 3598 3698 3600
3 3599 3699 3697
3 3599 3601 3699
3 3600 3698 3700
3 3600 3700 3602
3 3601 3701 3699
3 3601 3603 3701
3 3602 3700 3702
3 3602 3702 3604
3 3603 3703 3701
3 3603 3605 3703
3 3604 3702 3704
3 3604 3704 3606
3 3605 3705 3703
3 3605 3607 3705
3 3606 3704 3706
3 3606 3706 3608
3 3607 3707 3705
3 3607 3609 3707
3 3608 3706 3708
3 3608 3708 3610
3 3609 3709 3707
3 3609 3611 3709
3 3610 3708 3710
3 3610 3710 3612
3 3611 3711 3709
3 3611 3613 3711
3 3612 3710 3712
3 3612 3712 3614
3 3613 3713 3711
3 3613 3615 3713
3 3614 3712 3714
3 3614 3714 3616
3 3615 3715 3713
3 3615 3617 3715
3 3616 3714 3716
3 3616 3716 3618
3 3617 3717 3715
3 3617 3619 3717
3 3618 3716 3718
3 3618 3718 3620
3 3619 3719 3717
3 3619 3621 3719
3 3620 3718 3720
3 3620 3720 3622
3 3621 3721 3719
3 3621 3623 3721
3 3622 3720 3722
3 3622 3722 3624
3 3623 3723 3721
3 3623 3625 3723
3 3624 3722 3724
3 3624 3724 3626
3 3625 3725 3723
3 3625 3627 3725
3 3626 3724 3726
3 3626 3726 3628
3 3627 3727 3725
3 3627 3629 3727
3 3628 3726 3728
3 3628 3728 3630
3 3629 3729 3727
3 3629 3631 3729
3 3630 3728 3730
3 3630 3730 3632
3 3631 3731 3729
3 3631 3633 3731
3 3632 3730 3732
3 3632 3732 3634
3 3633 3733 3731
3 3633 3635 3733
3 3634 3732 3734
3 3634 3734 3636
3 3635 3735 3733
3 3635 3637 3735
3 3636 3734 3736
3 3636 3736 3638
3 3637 3737 3735
3 3637 3639 3737
3 3638 3736 3738
3 3638 3738 3640
3 3639 3739 3737
3 3639 3641 3739
3 3640 3738 3740
3 3640 3740 3642
3 3641 3741 3739
3 3641 3643 3741
3 3642 3740 3742
3 3642 3742 3644
3 3643 3743 3741
3 3643 3645 3743
3 3644 3742 3744
3 3644 3744 3646
3 3645 3745 3743
3 3645 3647 3745
3 3646 3744 3746
3 3646 3746 3648
3 3647 3747 3745
3 3647 3649 3747
3 3648 3746 3748
3 3648 3748 3650
3 3649 3749 3747
3 3649 3651 3749
3 3650 3748 3750
3 3650 3750 3652
3 3651 3751 3749
3 3651 3653 3751
3 3652 3750 3752
3 3652 3752 3654
3 3653 3753 3751
3 3653 3655 3753
3 3654 3752 3754
3 3654 3754 3656
3 3655 3755 3753
3 3655 3657 3755
3 3656 3754 3756
3 3656 3756 3658
3 3657 3757 3755
3 3657 3659 3757
3 3658 3756 3758
3 3658 3758 3660
3 3659 3759 3757
3 3659 3661 3759
3 3660 3758 3760
3 3660 3760 3662
3 3661 3761 3759
3 3661 3663 3761
3 3662 3760 3762
3 3662 3762 3664
3 3663 3763 3761
3 3663 3665 3763
3 3664 3762 3764
3 3664 3764 3666
3 3665 3765 3763
3 3665 3667 3765
3 3666 3764 3766
3 3666 3766 3668
3 3667 3767 3765
3 3667 3669 3767
3 3668 3766 3768
3 3668 3768 3670
3 3669 3769 3767
3 3669 3671 3769
3 3670 3768 3770
3 3670 3770 3672
3 3671 3771 3769
3 3671 3673 3771
3 3770 3673 3672
3 3770 3771 3673
3 3674 3772 3773
3 3674 3773 3675
3 3676 3775 3774
3 3676 3677 3775
3 3674 3774 3772
3 3674 3676 3774
3 3675 3773 3776
3 3675 3776 3678
3 3677 3777 3775
3 3677 3679 3777
3 3678 3776 3778
3 3678 3778 3680
3 3679 3779 3777
3 3679 3681 3779
3 3680 3778 3780
3 3680 3780 3682
3 3681 3781 3779
3 3681 3683 3781
3 3682 3780 3782
3 3682 3782 3684
3 3683 3783 3781
3 3683 3685 3783
3 3684 3782 3784
3 3684 3784 3686
3 3685 3785 3783
3 3685 3687 3785
3 3686 3784 3786
3 3686 3786 3688
3 3687 3787 3785
3 3687 3689 3787
3 3688 3786 3788
3 3688 3788 3690
3 3689 3789 3787
3 3689 3691 3789
3 3690 3788 3790
3 3690 3790 3692
3 3691 3791 3789
3 3691 3693 3791
3 3692 3790 3792
3 3692 3792 3694
3 3693 3793 3791
3 3693 3695 3793
3 3694 3792 3794
3 3694 3794 3696
3 3695 3795 3793
3 3695 3697 3795
3 3696 3794 3796
3 3696 3796 3698
3 3697 3797 3795
3 3697 3699 3797
3 3698 3796 3798
3 3698 3798 3700
3 3699 3799 3797
3 3699 3701 3799
3 3700 3798 3800
3 3700 3800 3702
3 3701 3801 3799
3 3701 3703 3801
3 3702 3800 3802
3 3702 3802 3704
3 3703 3803 3801
3 3703 3705 3803
3 3704 3802 3706
3 3802 3804 3706
3 3705 3805 3803
3 3705 3707 3805
3 3706 3804 3806
3 3706 3806 3708
3 3707 3807 3805
3 3707 3709 3807
3 3708 3806 3808
3 3708 3808 3710
3 3709 3809 3807
3 3709 3711 3809
3 3710 3808 3810
3 3710 3810 3712
3 3711 3811 3809
3 3711 3713 3811
3 3712 3810 3812
3 3712 3812 3714
3 3713 3813 3811
3 3713 3715 3813
3 3714 3812 3814
3 3714 3814 3716
3 3715 3815 3813
3 3715 3717 3815
3 3716 3814 3816
3 3716 3816 3718
3 3717 3817 3815
3 3717 3719 3817
3 3718 3816 3818
3 3718 3818 3720
3 3719 3819 3817
3 3719 3721 3819
3 3720 3818 3820
3 3720 3820 3722
3 3721 3821 3819
3 3721 3723 3821
3 3722 3820 3822
3 3722 3822 3724
3 3723 3823 3821
3 3723 3725 3823
3 3724 3822 3824
3 3724 3824 3726
3 3725 3825 3823
3 3725 3727 3825
3 3726 3824 3826
3 3726 3826 3728
3 3727 3827 3825
3 3727 3729 3827
3 3728 3826 3828
3 3728 3828 3730
3 3729 3829 3827
3 3729 3731 3829
3 3730 3828 3830
3 3730 3830 3732
3 3731 3831 3829
3 3731 3733 3831
3 3732 3830 3832
3 3732 3832 3734
3 3733 3833 3831
3 3733 3735 3833
3 3734 3832 3834
3 3734 3834 3736
3 3735 3835 3833
3 3735 3737 3835
3 3736 3834 3836
3 3736 3836 3738
3 3737 3837 3835
3 3737 3739 3837
3 3738 3836 3838
3 3738 3838 3740
3 3739 3839 3837
3 3739 3741 3839
3 3740 3838 3840
3 3740 3840 3742
3 3741 3841 3839
3 3741 3743 3841
3 3742 3840 3842
3 3742 3842 3744
3 3743 3843 3841
3 3743 3745 3843
3 3744 3842 3844
3 3744 3844 3746
3 3745 3845 3843
3 3745 3747 3845
3 3746 3844 3846
3 3746 3846 3748
3 3747 3847 3845
3 3747 3749 3847
3 3748 3846 3848
3 3748 3848 3750
3 3749 3849 3847
3 3749 3751 3849
3 3750 3848 3850
3 3750 3850 3752
3 3751 3851 3849
3 3751 3753 3851
3 3752 3850 3852
3 3752 3852 3754
3 3753 3853 3851
3 3753 3755 3853
3 3754 3852 3854
3 3754 3854 3756
3 3755 3855 3853
3 3755 3757 3855
3 3756 3854 3856
3 3756 3856 3758
3 3757 3857 3855
3 3757 3759 3857
3 3758 3856 3858
3 3758 3858 3760
3 3759 3859 3857
3 3759 3761 3859
3 3760 3858 3860
3 3760 3860 3762
3 3761 3861 3859
3 3761 3763 3861
3 3762 3860 3862
3 3762 3862 3764
3 3763 3863 3861
3 3763 3765 3863
3 3764 3862 3864
3 3764 3864 3766
3 3765 3865 3863
3 3765 3767 3865
3 3766 3864 3866
3 3766 3866 3768
3 3767 3867 3865
3 3767 3769 3867
3 3768 3866 3868
3 3768 3868 3770
3 3769 3869 3867
3 3769 3771 3869
3 3868 3771 3770
3 3868 3869 3771
3 3772 3870 3871
3 3772 3871 3773
3 3774 3873 3872
3 3774 3775 3873
3 3772 3872 3870
3 3772 3774 3872
3 3773 3871 3874
3 3773 3874 3776
3 3775 3875 3873
3 3775 3777 3875
3 3776 3874 3876
3 3776 3876 3778
3 3777 3877 3875
3 3777 3779 3877
3 3778 3876 3878
3 3778 3878 3780
3 3779 3879 3877
3 3779 3781 3879
3 3780 3878 3880
3 3780 3880 3782
3 3781 3881 3879
3 3781 3783 3881
3 3782 3880 3882
3 3782 3882 3784
3 3783 3883 3881
3 3783 3785 3883
3 3784 3882 3884
3 3784 3884 3786
3 3785 3885 3883
3 3785 3787 3885
3 3786 3884 3886
3 3786 3886 3788
3 3787 3887 3885
3 3787 3789 3887
3 3788 3886 3888
3 3788 3888 3790
3 3789 3889 3887
3 3789 3791 3889
3 3790 3888 3890
3 3790 3890 3792
3 3791 3891 3889
3 3791 3793 3891
3 3792 3890 3892
3 3792 3892 3794
3 3793 3893 3891
3 3793 3795 3893
3 3794 3892 3894
3 3794 3894 3796
3 3795 3895 3893
3 3795 3797 3895
3 3796 3894 3896
3 3796 3896 3798
3 3797 3897 3895
3 3797 3799 3897
3 3798 3896 3898
3 3798 3898 3800
3 3799 3899 3897
3 3799 3801 3899
3 3800 3898 3802
3 3898 3900 3802
3 3801 3901 3899
3 3801 3803 3901
3 3802 3900 3902
3 3802 3902 3804
3 3803 3903 3901
3 3803 3805 3903
3 3804 3902 3904
3 3804 3904 3806
3 3805 3905 3903
3 3805 3807 3905
3 3806 3904 3906
3 3806 3906 3808
3 3807 3907 3905
3 3807 3809 3907
3 3808 3906 3908
3 3808 3908 3810
3 3809 3909 3907
3 3809 3811 3909
3 3810 3908 3910
3 3810 3910 3812
3 3811 3911 3909
3 3811 3813 3911
3 3812 3910 3912
3 3812 3912 3814
3 3813 3913 3911
3 3813 3815 3913
3 3814 3912 3914
3 3814 3914 3816
3 3815 3915 3913
3 3815 3817 3915
3 3816 3914 3916
3 3816 3916 3818
3 3817 3917 3915
3 3817 3819 3917
3 3818 3916 3918
3 3818 3918 3820
3 3819 3919 3917
3 3819 3821 3919
3 3820 3918 3920
3 3820 3920 3822
3 3821 3921 3919
3 3821 3823 3921
3 3822 3920 3922
3 3822 3922 3824
3 3823 3923 3921
3 3823 3825 3923
3 3824 3922 3924
3 3824 3924 3826
3 3825 3925 3923
3 3825 3827 3925
3 3826 3924 3926
3 3826 3926 3828
3 3827 3927 3925
3 3827 3829 3927
3 3828 3926 3928
3 3828 3928 3830
3 3829 3929 3927
3 3829 3831 3929
3 3830 3928 3930
3 3830 3930 3832
3 3831 3931 3929
3 3831 3833 3931
3 3832 3930 3932
3 3832 3932 3834
3 3833 3933 3931
3 3833 3835 3933
3 3834 3932 3934
3 3834 3934 3836
3 3835 3935 3933
3 3835 3837 3935
3 3836 3934 3936
3 3836 3936 3838
3 3837 3937 3935
3 3837 3839 3937
3 3838 3936 3938
3 3838 3938 3840
3 3839 3939 3937
3 3839 3841 3939
3 3840 3938 3940
3 3840 3940 3842
3 3841 3941 3939
3 3841 3843 3941
3 3842 3940 3942
3 3842 3942 3844
3 3843 3943 3941
3 3843 3845 3943
3 3844 3942 3944
3 3844 3944 3846
3 3845 3945 3943
3 3845 3847 3945
3 3846 3944 3946
3 3846 3946 3848
3 3847 3947 3945
3 3847 3849 3947
3 3848 3946 3948
3 3848 3948 3850
3 3849 3949 3947
3 3849 3851 3949
3 3850 3948 3950
3 3850 3950 3852
3 3851 3951 3949
3 3851 3853 3951
3 3852 3950 3952
3 3852 3952 3854
3 3853 3953 3951
3 3853 3855 3953
3 3854 3952 3954
3 3854 3954 3856
3 3855 3955 3953
3 3855 3857 3955
3 3856 3954 3956
3 3856 3956 3858
3 3857 3957 3955
3 3857 3859 3957
3 3858 3956 3958
3 3858 3958 3860
3 3859 3959 3957
3 3859 3861 3959
3 3860 3958 3960
3 3860 3960 3862
3 3861 3961 3959
3 3861 3863 3961
3 3862 3960 3962
3 3862 3962 3864
3 3863 3963 3961
3 3863 3865 3963
3 3864 3962 3964
3 3864 3964 3866
3 3865 3965 3963
3 3865 3867 3965
3 3866 3964 3966
3 3866 3966 3868
3 3867 3967 3965
3 3867 3869 3967
3 3966 3869 3868
3 3966 3967 3869
3 3870 3968 3969
3 3870 3969 3871
3 3872 3971 3970
3 3872 3873 3971
3 3870 3970 3968
3 3870 3872 3970
3 3871 3969 3972
3 3871 3972 3874
3 3873 3973 3971
3 3873 3875 3973
3 3874 3972 3974
3 3874 3974 3876
3 3875 3975 3973
3 3875 3877 3975
3 3876 3974 3976
3 3876 3976 3878
3 3877 3977 3975
3 3877 3879 3977
3 3878 3976 3978
3 3878 3978 3880
3 3879 3979 3977
3 3879 3881 3979
3 3880 3978 3980
3 3880 3980 3882
3 3881 3981 3979
3 3881 3883 3981
3 3882 3980 3982
3 3882 3982 3884
3 3883 3983 3981
3 3883 3885 3983
3 3884 3982 3984
3 3884 3984 3886
3 3885 3985 3983
3 3885 3887 3985
3 3886 3984 3986
3 3886 3986 3888
3 3887 3987 3985
3 3887 3889 3987
3 3888 3986 3988
3 3888 3988 3890
3 3889 3989 3987
3 3889 3891 3989
3 3890 3988 3990
3 3890 3990 3892
3 3891 3991 3989
3 3891 3893 3991
3 3892 3990 3992
3 3892 3992 3894
3 3893 3993 3991
3 3893 3895 3993
3 3894 3992 3994
3 3894 3994 3896
3 3895 3995 3993
3 3895 3897 3995
3 3896 3994 3898
3 3994 3996 3898
3 3897 3997 3995
3 3897 3899 3997
3 3898 3996 3998
3 3898 3998 3900
3 3899 3999 3997
3 3899 3901 3999
3 3900 3998 4000
3 3900 4000 3902
3 3901 4001 3999
3 3901 3903 4001
3 3902 4000 4002
3 3902 4002 3904
3 3903 4003 4001
3 3903 3905 4003
3 3904 4002 4004
3 3904 4004 3906
3 3905 4005 4003
3 3905 3907 4005
3 3906 4004 4006
3 3906 4006 3908
3 3907 4007 4005
3 3907 3909 4007
3 3908 4006 4008
3 3908 4008 3910
3 3909 4009 4007
3 3909 3911 4009
3 3910 4008 4010
3 3910 4010 3912
3 3911 4011 4009
3 3911 3913 4011
3 3912 4010 4012
3 3912 4012 3914
3 3913 4013 4011
3 3913 3915 4013
3 3914 4012 4014
3 3914 4014 3916
3 3915 4015 4013
3 3915 3917 4015
3 3916 4014 4016
3 3916 4016 3918
3 3917 4017 4015
3 3917 3919 4017
3 3918 4016 4018
3 3918 4018 3920
3 3919 4019 4017
3 3919 3921 4019
3 3920 4018 4020
3 3920 4020 3922
3 3921 4021 4019
3 3921 3923 4021
3 3922 4020 4022
3 3922 4022 3924
3 3923 4023 4021
3 3923 3925 4023
3 3924 4022 4024
3 3924 4024 3926
3 3925 4025 4023
3 3925 3927 4025
3 3926 4024 4026
3 3926 4026 3928
3 3927 4027 4025
3 3927 3929 4027
3 3928 4026 4028
3 3928 4028 3930
3 3929 4029 4027
3 3929 3931 4029
3 3930 4028 4030
3 3930 4030 3932
3 3931 4031 4029
3 3931 3933 4031
3 3932 4030 4032
3 3932 4032 3934
3 3933 4033 4031
3 3933 3935 4033
3 3934 4032 4034
3 3934 4034 3936
3 3935 4035 4033
3 3935 3937 4035
3 3936 4034 4036
3 3936 4036 3938
3 3937 4037 4035
3 3937 3939 4037
3 3938 4036 4038
3 3938 4038 3940
3 3939 4039 4037
3 3939 3941 4039
3 3940 4038 4040
3 3940 4040 3942
3 3941 4041 4039
3 3941 3943 4041
3 3942 4040 4042
3 3942 4042 3944
3 3943 4043 4041
3 3943 3945 4043
3 3944 4042 4044
3 3944 4044 3946
3 3945 4045 4043
3 3945 3947 4045
3 3946 4044 4046
3 3946 4046 3948
3 3947 4047 4045
3 3947 3949 4047
3 3948 4046 4048
3 3948 4048 3950
3 3949 4049 4047
3 3949 3951 4049
3 3950 4048 4050
3 3950 4050 3952
3 3951 4051 4049
3 3951 3953 4051
3 3952 4050 4052
3 3952 4052 3954
3 3953 4053 4051
3 3953 3955 4053
3 3954 4052 4054
3 3954 4054 3956
3 3955 4055 4053
3 3955 3957 4055
3 3956 4054 4056
3 3956 4056 3958
3 3957 4057 4055
3 3957 3959 4057
3 3958 4056 4058
3 3958 4058 3960
3 3959 4059 4057
3 3959 3961 4059
3 3960 4058 4060
3 3960 4060 3962
3 3961 4061 4059
3 3961 3963 4061
3 3962 4060 4062
3 3962 4062 3964
3 3963 4063 4061
3 3963 3965 4063
3 3964 4062 4064
3 3964 4064 3966
3 3965 4065 4063
3 3965 3967 4065
3 4064 3967 3966
3 4064 4065 3967
3 3968 4066 4067
3 3968 4067 3969
3 3970 4069 4068
3 3970 3971 4069
3 3968 4068 4066
3 3968 3970 4068
3 3969 4067 4070
3 3969 4070 3972
3 3971 4071 4069
3 3971 3973 4071
3 3972 4070 4072
3 3972 4072 3974
3 3973 4073 4071
3 3973 3975 4073
3 3974 4072 4074
3 3974 4074 3976
3 3975 4075 4073
3 3975 3977 4075
3 3976 4074 4076
3 3976 4076 3978
3 3977 4077 4075
3 3977 3979 4077
3 3978 4076 4078
3 3978 4078 3980
3 3979 4079 4077
3 3979 3981 4079
3 3980 4078 4080
3 3980 4080 3982
3 3981 4081 4079
3 3981 3983 4081
3 3982 4080 4082
3 3982 4082 3984
3 3983 4083 4081
3 3983 3985 4083
3 3984 4082 4084
3 3984 4084 3986
3 3985 4085 4083
3 3985 3987 4085
3 3986 4084 4086
3 3986 4086 3988
3 3987 4087 4085
3 3987 3989 4087
3 3988 4086 4088
3 3988 4088 3990
3 3989 4089 4087
3 3989 3991 4089
3 3990 4088 4090
3 3990 4090 3992
3 3991 4091 4089
3 3991 3993 4091
3 3992 4090 3994
3 4090 4092 3994
3 3993 4093 4091
3 3993 3995 4093
3 3994 4092 4094
3 3994 4094 3996
3 3995 4095 4093
3 3995 3997 4095
3 3996 4094 4096
3 3996 4096 3998
3 3997 4097 4095
3 3997 3999 4097
3 3998 4096 4098
3 3998 4098 4000
3 3999 4099 4097
3 3999 4001 4099
3 4000 4098 4100
3 4000 4100 4002
3 4001 4101 4099
3 4001 4003 4101
3 4002 4100 4102
3 4002 4102 4004
3 4003 4103 4101
3 4003 4005 4103
3 4004 4102 4104
3 4004 4104 4006
3 4005 4105 4103
3 4005 4007 4105
3 4006 4104 4106
3 4006 4106 4008
3 4007 4107 4105
3 4007 4009 4107
3 4008 4106 4108
3 4008 4108 4010
3 4009 4109 4107
3 4009 4011 4109
3 4010 4108 4110
3 4010 4110 4012
3 4011 4111 4109
3 4011 4013 4111
3 4012 4110 4112
3 4012 4112 4014
3 4013 4113 4111
3 4013 4015 4113
3 4014 4112 4114
3 4014 4114 4016
3 4015 4115 4113
3 4015 4017 4115
3 4016 4114 4116
3 4016 4116 4018
3 4017 4117 4115
3 4017 4019 4117
3 4018 4116 4118
3 4018 4118 4020
3 4019 4119 4117
3 4019 4021 4119
3 4020 4118 4120
3 4020 4120 4022
3 4021 4121 4119
3 4021 4023 4121
3 4022 4120 4122
3 4022 4122 4024
3 4023 4123 4121
3 4023 4025 4123
3 4024 4122 4124
3 4024 4124 4026
3 4025 4125 4123
3 4025 4027 4125
3 4026 4124 4126
3 4026 4126 4028
3 4027 4127 4125
3 4027 4029 4127
3 4028 4126 4128
3 4028 4128 4030
3 4029 4129 4127
3 4029 4031 4129
3 4030 4128 4130
3 4030 4130 4032
3 4031 4131 4129
3 4031 4033 4131
3 4032 4130 4132
3 4032 4132 4034
3 4033 4133 4131
3 4033 4035 4133
3 4034 4132 4134
3 4034 4134 4036
3 4035 4135 4133
3 4035 4037 4135
3 4036 4134 4136
3 4036 4136 4038
3 4037 4137 4135
3 4037 4039 4137
3 4038 4136 4138
3 4038 4138 4040
3 4039 4139 4137
3 4039 4041 4139
3 4040 4138 4140
3 4040 4140 4042
3 4041 4141 4139
3 4041 4043 4141
3 4042 4140 4142
3 4042 4142 4044
3 4043 4143 4141
3 4043 4045 4143
3 4044 4142 4144
3 4044 4144 4046
3 4045 4145 4143
3 4045 4047 4145
3 4046 4144 4146
3 4046 4146 4048
3 4047 4147 4145
3 4047 4049 4147
3 4048 4146 4148
3 4048 4148 4050
3 4049 4149 4147
3 4049 4051 4149
3 4050 4148 4150
3 4050 4150 4052
3 4051 4151 4149
3 4051 4053 4151
3 4052 4150 4152
3 4052 4152 4054
3 4053 4153 4151
3 4053 4055 4153
3 4054 4152 4154
3 4054 4154 4056
3 4055 4155 4153
3 4055 4057 4155
3 4056 4154 4156
3 4056 4156 4058
3 4057 4157 4155
3 4057 4059 4157
3 4058 4156 4158
3 4058 4158 4060
3 4059 4159 4157
3 4059 4061 4159
3 4060 4158 4160
3 4060 4160 4062
3 4061 4161 4159
3 4061 4063 4161
3 4062 4160 4162
3 4062 4162 4064
3 4063 4163 4161
3 4063 4065 4163
3 4162 4065 4064
3 4162 4163 4065
3 4066 4164 4165
3 4066 4165 4067
3 4068 4167 4166
3 4068 4069 4167
3 4066 4166 4164
3 4066 4068 4166
3 4067 4165 4168
3 4067 4168 4070
3 4069 4169 4167
3 4069 4071 4169
3 4070 4168 4170
3 4070 4170 4072
3 4071 4171 4169
3 4071 4073 4171
3 4072 4170 4172
3 4072 4172 4074
3 4073 4173 4171
3 4073 4075 4173
3 4074 4172 4174
3 4074 4174 4076
3 4075 4175 4173
3 4075 4077 4175
3 4076 4174 4176
3 4076 4176 4078
3 4077 4177 4175
3 4077 4079 4177
3 4078 4176 4178
3 4078 4178 4080
3 4079 4179 4177
3 4079 4081 4179
3 4080 4178 4180
3 4080 4180 4082
3 4081 4181 4179
3 4081 4083 4181
3 4082 4180 4182
3 4082 4182 4084
3 4083 4183 4181
3 4083 4085 4183
3 4084 4182 4184
3 4084 4184 4086
3 4085 4185 4183
3 4085 4087 4185
3 4086 4184 4186
3 4086 4186 4088
3 4087 4187 4185
3 4087 4089 4187
3 4088 4186 4090
3 4186 4188 4090
3 4089 4189 4187
3 4089 4091 4189
3 4090 4188 4190
3 4090 4190 4092
3 4091 4191 4189
3 4091 4093 4191
3 4092 4190 4192
3 4092 4192 4094
3 4093 4193 4191
3 4093 4095 4193
3 4094 4192 4194
3 4094 4194 4096
3 4095 4195 4193
3 4095 4097 4195
3 4096 4194 4196
3 4096 4196 4098
3 4097 4197 4195
3 4097 4099 4197
3 4098 4196 4198
3 4098 4198 4100
3 4099 4199 4197
3 4099 4101 4199
3 4100 4198 4200
3 4100 4200 4102
3 4101 4201 4199
3 4101 4103 4201
3 4102 4200 4202
3 4102 4202 4104
3 4103 4203 4201
3 4103 4105 4203
3 4104 4202 4204
3 4104 4204 4106
3 4105 4205 4203
3 4105 4107 4205
3 4106 4204 4206
3 4106 4206 4108
3 4107 4207 4205
3 4107 4109 4207
3 4108 4206 4208
3 4108 4208 4110
3 4109 4209 4207
3 4109 4111 4209
3 4110 4208 4210
3 4110 4210 4112
3 4111 4211 4209
3 4111 4113 4211
3 4112 4210 4212
3 4112 4212 4114
3 4113 4213 4211
3 4113 4115 4213
3 4114 4212 4214
3 4114 4214 4116
3 4115 4215 4213
3 4115 4117 4215
3 4116 4214 4216
3 4116 4216 4118
3 4117 4217 4215
3 4117 4119 4217
3 4118 4216 4218
3 4118 4218 4120
3 4119 4219 4217
3 4119 4121 4219
3 4120 4218 4220
3 4120 4220 4122
3 4121 4221 4219
3 4121 4123 4221
3 4122 4220 4222
3 4122 4222 4124
3 4123 4223 4221
3 4123 4125 4223
3 4124 4222 4224
3 4124 4224 4126
3 4125 4225 4223
3 4125 4127 4225
3 4126 4224 4226
3 4126 4226 4128
3 4127 4227 4225
3 4127 4129 4227
3 4128 4226 4228
3 4128 4228 4130
3 4129 4229 4227
3 4129 4131 4229
3 4130 4228 4230
3 4130 4230 4132
3 4131 4231 4229
3 4131 4133 4231
3 4132 4230 4232
3 4132 4232 4134
3 4133 4233 4231
3 4133 4135 4233
3 4134 4232 4234
3 4134 4234 4136
3 4135 4235 4233
3 4135 4137 4235
3 4136 4234 4236
3 4136 4236 4138
3 4137 4237 4235
3 4137 4139 4237
3 4138 4236 4238
3 4138 4238 4140
3 4139 4239 4237
3 4139 4141 4239
3 4140 4238 4240
3 4140 4240 4142
3 4141 4241 4239
3 4141 4143 4241
3 4142 4240 4242
3 4142 4242 4144
3 4143 4243 4241
3 4143 4145 4243
3 4144 4242 4244
3 4144 4244 4146
3 4145 4245 4243
3 4145 4147 4245
3 4146 4244 4246
3 4146 4246 4148
3 4147 4247 4245
3 4147 4149 4247
3 4148 4246 4248
3 4148 4248 4150
3 4149 4249 4247
3 4149 4151 4249
3 4150 4248 4250
3 4150 4250 4152
3 4151 4251 4249
3 4151 4153 4251
3 4152 4250 4252
3 4152 4252 4154
3 4153 4253 4251
3 4153 4155 4253
3 4154 4252 4254
3 4154 4254 4156
3 4155 4255 4253
3 4155 4157 4255
3 4156 4254 4256
3 4156 4256 4158
3 4157 4257 4255
3 4157 4159 4257
3 4158 4256 4258
3 4158 4258 4160
3 4159 4259 4257
3 4159 4161 4259
3 4160 4258 4260
3 4160 4260 4162
3 4161 4261 4259
3 4161 4163 4261
3 4260 4163 4162
3 4260 4261 4163
3 4164 4262 4263
3 4164 4263 4165
3 4166 4265 4264
3 4166 4167 4265
3 4164 4264 4262
3 4164 4166 4264
3 4165 4263 4266
3 4165 4266 4168
3 4167 4267 4265
3 4167 4169 4267
3 4168 4266 4268
3 4168 4268 4170
3 4169 4269 4267
3 4169 4171 4269
3 4170 4268 4270
3 4170 4270 4172
3 4171 4271 4269
3 4171 4173 4271
3 4172 4270 4272
3 4172 4272 4174
3 4173 4273 4271
3 4173 4175 4273
3 4174 4272 4274
3 4174 4274 4176
3 4175 4275 4273
3 4175 4177 4275
3 4176 4274 4276
3 4176 4276 4178
3 4177 4277 4275
3 4177 4179 4277
3 4178 4276 4278
3 4178 4278 4180
3 4179 4279 4277
3 4179 4181 4279
3 4180 4278 4280
3 4180 4280 4182
3 4181 4281 4279
3 4181 4183 4281
3 4182 4280 4282
3 4182 4282 4184
3 4183 4283 4281
3 4183 4185 4283
3 4184 4282 4186
3 4282 4284 4186
3 4185 4285 4283
3 4185 4187 4285
3 4186 4284 4286
3 4186 4286 4188
3 4187 4287 4285
3 4187 4189 4287
3 4188 4286 4288
3 4188 4288 4190
3 4189 4289 4287
3 4189 4191 4289
3 4190 4288 4290
3 4190 4290 4192
3 4191 4291 4289
3 4191 4193 4291
3 4192 4290 4292
3 4192 4292 4194
3 4193 4293 4291
3 4193 4195 4293
3 4194 4292 4294
3 4194 4294 4196
3 4195 4295 4293
3 4195 4197 4295
3 4196 4294 4296
3 4196 4296 4198
3 4197 4297 4295
3 4197 4199 4297
3 4198 4296 4298
3 4198 4298 4200
3 4199 4299 4297
3 4199 4201 4299
3 4200 4298 4300
3 4200 4300 4202
3 4201 4301 4299
3 4201 4203 4301
3 4202 4300 4302
3 4202 4302 4204
3 4203 4303 4301
3 4203 4205 4303
3 4204 4302 4304
3 4204 4304 4206
3 4205 4305 4303
3 4205 4207 4305
3 4206 4304 4306
3 4206 4306 4208
3 4207 4307 4305
3 4207 4209 4307
3 4208 4306 4308
3 4208 4308 4210
3 4209 4309 4307
3 4209 4211 4309
3 4210 4308 4310
3 4210 4310 4212
3 4211 4311 4309
3 4211 4213 4311
3 4212 4310 4312
3 4212 4312 4214
3 4213 4313 4311
3 4213 4215 4313
3 4214 4312 4314
3 4214 4314 4216
3 4215 4315 4313
3 4215 4217 4315
3 4216 4314 4316
3 4216 4316 4218
3 4217 4317 4315
3 4217 4219 4317
3 4218 4316 4318
3 4218 4318 4220
3 4219 4319 4317
3 4219 4221 4319
3 4220 4318 4320
3 4220 4320 4222
3 4221 4321 4319
3 4221 4223 4321
3 4222 4320 4322
3 4222 4322 4224
3 4223 4323 4321
3 4223 4225 4323
3 4224 4322 4324
3 4224 4324 4226
3 4225 4325 4323
3 4225 4227 4325
3 4226 4324 4326
3 4226 4326 4228
3 4227 4327 4325
3 4227 4229 4327
3 4228 4326 4328
3 4228 4328 4230
3 4229 4329 4327
3 4229 4231 4329
3 4230 4328 4330
3 4230 4330 4232
3 4231 4331 4329
3 4231 4233 4331
3 4232 4330 4332
3 4232 4332 4234
3 4233 4333 4331
3 4233 4235 4333
3 4234 4332 4334
3 4234 4334 4236
3 4235 4335 4333
3 4235 4237 4335
3 4236 4334 4336
3 4236 4336 4238
3 4237 4337 4335
3 4237 4239 4337
3 4238 4336 4338
3 4238 4338 4240
3 4239 4339 4337
3 4239 4241 4339
3 4240 4338 4340
3 4240 4340 4242
3 4241 4341 4339
3 4241 4243 4341
3 4242 4340 4342
3 4242 4342 4244
3 4243 4343 4341
3 4243 4245 4343
3 4244 4342 4344
3 4244 4344 4246
3 4245 4345 4343
3 4245 4247 4345
3 4246 4344 4346
3 4246 4346 4248
3 4247 4347 4345
3 4247 4249 4347
3 4248 4346 4348
3 4248 4348 4250
3 4249 4349 4347
3 4249 4251 4349
3 4250 4348 4350
3 4250 4350 4252
3 4251 4351 4349
3 4251 4253 4351
3 4252 4350 4352
3 4252 4352 4254
3 4253 4353 4351
3 4253 4255 4353
3 4254 4352 4354
3 4254 4354 4256
3 4255 4355 4353
3 4255 4257 4355
3 4256 4354 4356
3 4256 4356 4258
3 4257 4357 4355
3 4257 4259 4357
3 4258 4356 4358
3 4258 4358 4260
3 4259 4359 4357
3 4259 4261 4359
3 4358 4261 4260
3 4358 4359 4261
3 4262 4360 4361
3 4262 4361 4263
3 4264 4363 4362
3 4264 4265 4363
3 4262 4362 4360
3 4262 4264 4362
3 4263 4361 4364
3 4263 4364 4266
3 4265 4365 4363
3 4265 4267 4365
3 4266 4364 4366
3 4266 4366 4268
3 4267 4367 4365
3 4267 4269 4367
3 4268 4366 4368
3 4268 4368 4270
3 4269 4369 4367
3 4269 4271 4369
3 4270 4368 4370
3 4270 4370 4272
3 4271 4371 4369
3 4271 4273 4371
3 4272 4370 4372
3 4272 4372 4274
3 4273 4373 4371
3 4273 4275 4373
3 4274 4372 4374
3 4274 4374 4276
3 4275 4375 4373
3 4275 4277 4375
3 4276 4374 4376
3 4276 4376 4278
3 4277 4377 4375
3 4277 4279 4377
3 4278 4376 4378
3 4278 4378 4280
3 4279 4379 4377
3 4279 4281 4379
3 4280 4378 4282
3 4378 4380 4282
3 4281 4381 4379
3 4281 4283 4381
3 4282 4380 4382
3 4282 4382 4284
3 4283 4383 4381
3 4283 4285 4383
3 4284 4382 4384
3 4284 4384 4286
3 4285 4385 4383
3 4285 4287 4385
3 4286 4384 4386
3 4286 4386 4288
3 4287 4387 4385
3 4287 4289 4387
3 4288 4386 4388
3 4288 4388 4290
3 4289 4389 4387
3 4289 4291 4389
3 4290 4388 4390
3 4290 4390 4292
3 4291 4391 4389
3 4291 4293 4391
3 4292 4390 4392
3 4292 4392 4294
3 4293 4393 4391
3 4293 4295 4393
3 4294 4392 4394
3 4294 4394 4296
3 4295 4395 4393
3 4295 4297 4395
3 4296 4394 4396
3 4296 4396 4298
3 4297 4397 4395
3 4297 4299 4397
3 4298 4396 4398
3 4298 4398 4300
3 4299 4399 4397
3 4299 4301 4399
3 4300 4398 4400
3 4300 4400 4302
3 4301 4401 4399
3 4301 4303 4401
3 4302 4400 4402
3 4302 4402 4304
3 4303 4403 4401
3 4303 4305 4403
3 4304 4402 4404
3 4304 4404 4306
3 4305 4405 4403
3 4305 4307 4405
3 4306 4404 4406
3 4306 4406 4308
3 4307 4407 4405
3 4307 4309 4407
3 4308 4406 4408
3 4308 4408 4310
3 4309 4409 4407
3 4309 4311 4409
3 4310 4408 4410
3 4310 4410 4312
3 4311 4411 4409
3 4311 4313 4411
3 4312 4410 4412
3 4312 4412 4314
3 4313 4413 4411
3 4313 4315 4413
3 4314 4412 4414
3 4314 4414 4316
3 4315 4415 4413
3 4315 4317 4415
3 4316 4414 4416
3 4316 4416 4318
3 4317 4417 4415
3 4317 4319 4417
3 4318 4416 4418
3 4318 4418 4320
3 4319 4419 4417
3 4319 4321 4419
3 4320 4418 4420
3 4320 4420 4322
3 4321 4421 4419
3 4321 4323 4421
3 4322 4420 4422
3 4322 4422 4324
3 4323 4423 4421
3 4323 4325 4423
3 4324 4422 4424
3 4324 4424 4326
3 4325 4425 4423
3 4325 4327 4425
3 4326 4424 4426
3 4326 4426 4328
3 4327 4427 4425
3 4327 4329 4427
3 4328 4426 4428
3 4328 4428 4330
3 4329 4429 4427
3 4329 4331 4429
3 4330 4428 4430
3 4330 4430 4332
3 4331 4431 4429
3 4331 4333 4431
3 4332 4430 4432
3 4332 4432 4334
3 4333 4433 4431
3 4333 4335 4433
3 4334 4432 4434
3 4334 4434 4336
3 4335 4435 4433
3 4335 4337 4435
3 4336 4434 4436
3 4336 4436 4338
3 4337 4437 4435
3 4337 4339 4437
3 4338 4436 4438
3 4338 4438 4340
3 4339 4439 4437
3 4339 4341 4439
3 4340 4438 4440
3 4340 4440 4342
3 4341 4441 4439
3 4341 4343 4441
3 4342 4440 4442
3 4342 4442 4344
3 4343 4443 4441
3 4343 4345 4443
3 4344 4442 4444
3 4344 4444 4346
3 4345 4445 4443
3 4345 4347 4445
3 4346 4444 4446
3 4346 4446 4348
3 4347 4447 4445
3 4347 4349 4447
3 4348 4446 4448
3 4348 4448 4350
3 4349 4449 4447
3 4349 4351 4449
3 4350 4448 4450
3 4350 4450 4352
3 4351 4451 4449
3 4351 4353 4451
3 4352 4450 4452
3 4352 4452 4354
3 4353 4453 4451
3 4353 4355 4453
3 4354 4452 4454
3 4354 4454 4356
3 4355 4455 4453
3 4355 4357 4455
3 4356 4454 4456
3 4356 4456 4358
3 4357 4457 4455
3 4357 4359 4457
3 4456 4359 4358
3 4456 4457 4359
3 4360 4458 4459
3 4360 4459 4361
3 4362 4461 4460
3 4362 4363 4461
3 4360 4460 4458
3 4360 4362 4460
3 4361 4459 4462
3 4361 4462 4364
3 4363 4463 4461
3 4363 4365 4463
3 4364 4462 4464
3 4364 4464 4366
3 4365 4465 4463
3 4365 4367 4465
3 4366 4464 4466
3 4366 4466 4368
3 4367 4467 4465
3 4367 4369 4467
3 4368 4466 4468
3 4368 4468 4370
3 4369 4469 4467
3 4369 4371 4469
3 4370 4468 4470
3 4370 4470 4372
3 4371 4471 4469
3 4371 4373 4471
3 4372 4470 4472
3 4372 4472 4374
3 4373 4473 4471
3 4373 4375 4473
3 4374 4472 4474
3 4374 4474 4376
3 4375 4475 4473
3 4375 4377 4475
3 4376 4474 4378
3 4474 4476 4378
3 4377 4477 4475
3 4377 4379 4477
3 4378 4476 4478
3 4378 4478 4380
3 4379 4479 4477
3 4379 4381 4479
3 4380 4478 4480
3 4380 4480 4382
3 4381 4481 4479
3 4381 4383 4481
3 4382 4480 4482
3 4382 4482 4384
3 4383 4483 4481
3 4383 4385 4483
3 4384 4482 4484
3 4384 4484 4386
3 4385 4485 4483
3 4385 4387 4485
3 4386 4484 4486
3 4386 4486 4388
3 4387 4487 4485
3 4387 4389 4487
3 4388 4486 4488
3 4388 4488 4390
3 4389 4489 4487
3 4389 4391 4489
3 4390 4488 4490
3 4390 4490 4392
3 4391 4491 4489
3 4391 4393 4491
3 4392 4490 4492
3 4392 4492 4394
3 4393 4493 4491
3 4393 4395 4493
3 4394 4492 4494
3 4394 4494 4396
3 4395 4495 4493
3 4395 4397 4495
3 4396 4494 4496
3 4396 4496 4398
3 4397 4497 4495
3 4397 4399 4497
3 4398 4496 4498
3 4398 4498 4400
3 4399 4499 4497
3 4399 4401 4499
3 4400 4498 4500
3 4400 4500 4402
3 4401 4501 4499
3 4401 4403 4501
3 4402 4500 4502
3 4402 4502 4404
3 4403 4503 4501
3 4403 4405 4503
3 4404 4502 4504
3 4404 4504 4406
3 4405 4505 4503
3 4405 4407 4505
3 4406 4504 4506
3 4406 4506 4408
3 4407 4507 4505
3 4407 4409 4507
3 4408 4506 4508
3 4408 4508 4410
3 4409 4509 4507
3 4409 4411 4509
3 4410 4508 4510
3 4410 4510 4412
3 4411 4511 4509
3 4411 4413 4511
3 4412 4510 4512
3 4412 4512 4414
3 4413 4513 4511
3 4413 4415 4513
3 4414 4512 4514
3 4414 4514 4416
3 4415 4515 4513
3 4415 4417 4515
3 4416 4514 4516
3 4416 4516 4418
3 4417 4517 4515
3 4417 4419 4517
3 4418 4516 4518
3 4418 4518 4420
3 4419 4519 4517
3 4419 4421 4519
3 4420 4518 4520
3 4420 4520 4422
3 4421 4521 4519
3 4421 4423 4521
3 4422 4520 4522
3 4422 4522 4424
3 4423 4523 4521
3 4423 4425 4523
3 4424 4522 4524
3 4424 4524 4426
3 4425 4525 4523
3 4425 4427 4525
3 4426 4524 4526
3 4426 4526 4428
3 4427 4527 4525
3 4427 4429 4527
3 4428 4526 4528
3 4428 4528 4430
3 4429 4529 4527
3 4429 4431 4529
3 4430 4528 4530
3 4430 4530 4432
3 4431 4531 4529
3 4431 4433 4531
3 4432 4530 4532
3 4432 4532 4434
3 4433 4533 4531
3 4433 4435 4533
3 4434 4532 4534
3 4434 4534 4436
3 4435 4535 4533
3 4435 4437 4535
3 4436 4534 4536
3 4436 4536 4438
3 4437 4537 4535
3 4437 4439 4537
3 4438 4536 4538
3 4438 4538 4440
3 4439 4539 4537
3 4439 4441 4539
3 4440 4538 4540
3 4440 4540 4442
3 4441 4541 4539
3 4441 4443 4541
3 4442 4540 4542
3 4442 4542 4444
3 4443 4543 4541
3 4443 4445 4543
3 4444 4542 4544
3 4444 4544 4446
3 4445 4545 4543
3 4445 4447 4545
3 4446 4544 4546
3 4446 4546 4448
3 4447 4547 4545
3 4447 4449 4547
3 4448 4546 4548
3 4448 4548 4450
3 4449 4549 4547
3 4449 4451 4549
3 4450 4548 4550
3 4450 4550 4452
3 4451 4551 4549
3 4451 4453 4551
3 4452 4550 4552
3 4452 4552 4454
3 4453 4553 4551
3 4453 4455 4553
3 4454 4552 4554
3 4454 4554 4456
3 4455 4555 4553
3 4455 4457 4555
3 4554 4457 4456
3 4554 4555 4457
3 4458 4556 4557
3 4458 4557 4459
3 4460 4559 4558
3 4460 4461 4559
3 4458 4558 4556
3 4458 4460 4558
3 4459 4557 4560
3 4459 4560 4462
3 4461 4561 4559
3 4461 4463 4561
3 4462 4560 4562
3 4462 4562 4464
3 4463 4563 4561
3 4463 4465 4563
3 4464 4562 4564
3 4464 4564 4466
3 4465 4565 4563
3 4465 4467 4565
3 4466 4564 4566
3 4466 4566 4468
3 4467 4567 4565
3 4467 4469 4567
3 4468 4566 4568
3 4468 4568 4470
3 4469 4569 4567
3 4469 4471 4569
3 4470 4568 4570
3 4470 4570 4472
3 4471 4571 4569
3 4471 4473 4571
3 4472 4570 4572
3 4472 4572 4474
3 4473 4573 4571
3 4473 4475 4573
3 4474 4572 4574
3 4474 4574 4476
3 4475 4575 4573
3 4475 4477 4575
3 4476 4574 4576
3 4476 4576 4478
3 4477 4577 4575
3 4477 4479 4577
3 4478 4576 4578
3 4478 4578 4480
3 4479 4579 4577
3 4479 4481 4579
3 4480 4578 4580
3 4480 4580 4482
3 4481 4581 4579
3 4481 4483 4581
3 4482 4580 4582
3 4482 4582 4484
3 4483 4583 4581
3 4483 4485 4583
3 4484 4582 4584
3 4484 4584 4486
3 4485 4585 4583
3 4485 4487 4585
3 4486 4584 4586
3 4486 4586 4488
3 4487 4587 4585
3 4487 4489 4587
3 4488 4586 4588
3 4488 4588 4490
3 4489 4589 4587
3 4489 4491 4589
3 4490 4588 4590
3 4490 4590 4492
3 4491 4591 4589
3 4491 4493 4591
3 4492 4590 4592
3 4492 4592 4494
3 4493 4593 4591
3 4493 4495 4593
3 4494 4592 4594
3 4494 4594 4496
3 4495 4595 4593
3 4495 4497 4595
3 4496 4594 4596
3 4496 4596 4498
3 4497 4597 4595
3 4497 4499 4597
3 4498 4596 4598
3 4498 4598 4500
3 4499 4599 4597
3 4499 4501 4599
3 4500 4598 4600
3 4500 4600 4502
3 4501 4601 4599
3 4501 4503 4601
3 4502 4600 4602
3 4502 4602 4504
3 4503 4603 4601
3 4503 4505 4603
3 4504 4602 4604
3 4504 4604 4506
3 4505 4605 4603
3 4505 4507 4605
3 4506 4604 4606
3 4506 4606 4508
3 4507 4607 4605
3 4507 4509 4607
3 4508 4606 4608
3 4508 4608 4510
3 4509 4609 4607
3 4509 4511 4609
3 4510 4608 4610
3 4510 4610 4512
3 4511 4611 4609
3 4511 4513 4611
3 4512 4610 4612
3 4512 4612 4514
3 4513 4613 4611
3 4513 4515 4613
3 4514 4612 4614
3 4514 4614 4516
3 4515 4615 4613
3 4515 4517 4615
3 4516 4614 4616
3 4516 4616 4518
3 4517 4617 4615
3 4517 4519 4617
3 4518 4616 4618
3 4518 4618 4520
3 4519 4619 4617
3 4519 4521 4619
3 4520 4618 4620
3 4520 4620 4522
3 4521 4621 4619
3 4521 4523 4621
3 4522 4620 4622
3 4522 4622 4524
3 4523 4623 4621
3 4523 4525 4623
3 4524 4622 4624
3 4524 4624 4526
3 4525 4625 4623
3 4525 4527 4625
3 4526 4624 4626
3 4526 4626 4528
3 4527 4627 4625
3 4527 4529 4627
3 4528 4626 4628
3 4528 4628 4530
3 4529 4629 4627
3 4529 4531 4629
3 4530 4628 4630
3 4530 4630 4532
3 4531 4631 4629
3 4531 4533 4631
3 4532 4630 4632
3 4532 4632 4534
3 4533 4633 4631
3 4533 4535 4633
3 4534 4632 4634
3 4534 4634 4536
3 4535 4635 4633
3 4535 4537 4635
3 4536 4634 4636
3 4536 4636 4538
3 4537 4637 4635
3 4537 4539 4637
3 4538 4636 4638
3 4538 4638 4540
3 4539 4639 4637
3 4539 4541 4639
3 4540 4638 4640
3 4540 4640 4542
3 4541 4641 4639
3 4541 4543 4641
3 4542 4640 4642
3 4542 4642 4544
3 4543 4643 4641
3 4543 4545 4643
3 4544 4642 4644
3 4544 4644 4546
3 4545 4645 4643
3 4545 4547 4645
3 4546 4644 4646
3 4546 4646 4548
3 4547 4647 4645
3 4547 4549 4647
3 4548 4646 4648
3 4548 4648 4550
3 4549 4649 4647
3 4549 4551 4649
3 4550 4648 4650
3 4550 4650 4552
3 4551 4651 4649
3 4551 4553 4651
3 4552 4650 4652
3 4552 4652 4554
3 4553 4653 4651
3 4553 4555 4653
3 4652 4555 4554
3 4652 4653 4555
3 4556 4654 4655
3 4556 4655 4557
3 4558 4657 4656
3 4558 4559 4657
3 4556 4656 4654
3 4556 4558 4656
3 4557 4655 4658
3 4557 4658 4560
3 4559 4659 4657
3 4559 4561 4659
3 4560 4658 4660
3 4560 4660 4562
3 4561 4661 4659
3 4561 4563 4661
3 4562 4660 4662
3 4562 4662 4564
3 4563 4663 4661
3 4563 4565 4663
3 4564 4662 4664
3 4564 4664 4566
3 4565 4665 4663
3 4565 4567 4665
3 4566 4664 4666
3 4566 4666 4568
3 4567 4667 4665
3 4567 4569 4667
3 4568 4666 4668
3 4568 4668 4570
3 4569 4669 4667
3 4569 4571 4669
3 4570 4668 4670
3 4570 4670 4572
3 4571 4671 4669
3 4571 4573 4671
3 4572 4670 4672
3 4572 4672 4574
3 4573 4673 4671
3 4573 4575 4673
3 4574 4672 4674
3 4574 4674 4576
3 4575 4675 4673
3 4575 4577 4675
3 4576 4674 4676
3 4576 4676 4578
3 4577 4677 4675
3 4577 4579 4677
3 4578 4676 4678
3 4578 4678 4580
3 4579 4679 4677
3 4579 4581 4679
3 4580 4678 4680
3 4580 4680 4582
3 4581 4681 4679
3 4581 4583 4681
3 4582 4680 4682
3 4582 4682 4584
3 4583 4683 4681
3 4583 4585 4683
3 4584 4682 4684
3 4584 4684 4586
3 4585 4685 4683
3 4585 4587 4685
3 4586 4684 4686
3 4586 4686 4588
3 4587 4687 4685
3 4587 4589 4687
3 4588 4686 4688
3 4588 4688 4590
3 4589 4689 4687
3 4589 4591 4689
3 4590 4688 4690
3 4590 4690 4592
3 4591 4691 4689
3 4591 4593 4691
3 4592 4690 4692
3 4592 4692 4594
3 4593 4693 4691
3 4593 4595 4693
3 4594 4692 4694
3 4594 4694 4596
3 4595 4695 4693
3 4595 4597 4695
3 4596 4694 4696
3 4596 4696 4598
3 4597 4697 4695
3 4597 4599 4697
3 4598 4696 4698
3 4598 4698 4600
3 4599 4699 4697
3 4599 4601 4699
3 4600 4698 4700
3 4600 4700 4602
3 4601 4701 4699
3 4601 4603 4701
3 4602 4700 4702
3 4602 4702 4604
3 4603 4703 4701
3 4603 4605 4703
3 4604 4702 4704
3 4604 4704 4606
3 4605 4705 4703
3 4605 4607 4705
3 4606 4704 4706
3 4606 4706 4608
3 4607 4707 4705
3 4607 4609 4707
3 4608 4706 4708
3 4608 4708 4610
3 4609 4709 4707
3 4609 4611 4709
3 4610 4708 4710
3 4610 4710 4612
3 4611 4711 4709
3 4611 4613 4711
3 4612 4710 4712
3 4612 4712 4614
3 4613 4713 4711
3 4613 4615 4713
3 4614 4712 4714
3 4614 4714 4616
3 4615 4715 4713
3 4615 4617 4715
3 4616 4714 4716
3 4616 4716 4618
3 4617 4717 4715
3 4617 4619 4717
3 4618 4716 4718
3 4618 4718 4620
3 4619 4719 4717
3 4619 4621 4719
3 4620 4718 4720
3 4620 4720 4622
3 4621 4721 4719
3 4621 4623 4721
3 4622 4720 4722
3 4622 4722 4624
3 4623 4723 4721
3 4623 4625 4723
3 4624 4722 4724
3 4624 4724 4626
3 4625 4725 4723
3 4625 4627 4725
3 4626 4724 4726
3 4626 4726 4628
3 4627 4727 4725
3 4627 4629 4727
3 4628 4726 4728
3 4628 4728 4630
3 4629 4729 4727
3 4629 4631 4729
3 4630 4728 4730
3 4630 4730 4632
3 4631 4731 4729
3 4631 4633 4731
3 4632 4730 4732
3 4632 4732 4634
3 4633 4733 4731
3 4633 4635 4733
3 4634 4732 4734
3 4634 4734 4636
3 4635 4735 4733
3 4635 4637 4735
3 4636 4734 4736
3 4636 4736 4638
3 4637 4737 4735
3 4637 4639 4737
3 4638 4736 4738
3 4638 4738 4640
3 4639 4739 4737
3 4639 4641 4739
3 4640 4738 4740
3 4640 4740 4642
3 4641 4741 4739
3 4641 4643 4741
3 4642 4740 4742
3 4642 4742 4644
3 4643 4743 4741
3 4643 4645 4743
3 4644 4742 4744
3 4644 4744 4646
3 4645 4745 4743
3 4645 4647 4745
3 4646 4744 4746
3 4646 4746 4648
3 4647 4747 4745
3 4647 4649 4747
3 4648 4746 4748
3 4648 4748 4650
3 4649 4749 4747
3 4649 4651 4749
3 4650 4748 4750
3 4650 4750 4652
3 4651 4751 4749
3 4651 4653 4751
3 4750 4653 4652
3 4750 4751 4653
3 4654 4752 4753
3 4654 4753 4655
3 4656 4755 4754
3 4656 4657 4755
3 4654 4754 4752
3 4654 4656 4754
3 4655 4753 4756
3 4655 4756 4658
3 4657 4757 4755
3 4657 4659 4757
3 4658 4756 4758
3 4658 4758 4660
3 4659 4759 4757
3 4659 4661 4759
3 4660 4758 4760
3 4660 4760 4662
3 4661 4761 4759
3 4661 4663 4761
3 4662 4760 4762
3 4662 4762 4664
3 4663 4763 4761
3 4663 4665 4763
3 4664 4762 4764
3 4664 4764 4666
3 4665 4765 4763
3 4665 4667 4765
3 4666 4764 4766
3 4666 4766 4668
3 4667 4767 4765
3 4667 4669 4767
3 4668 4766 4768
3 4668 4768 4670
3 4669 4769 4767
3 4669 4671 4769
3 4670 4768 4770
3 4670 4770 4672
3 4671 4771 4769
3 4671 4673 4771
3 4672 4770 4772
3 4672 4772 4674
3 4673 4773 4771
3 4673 4675 4773
3 4674 4772 4774
3 4674 4774 4676
3 4675 4775 4773
3 4675 4677 4775
3 4676 4774 4776
3 4676 4776 4678
3 4677 4777 4775
3 4677 4679 4777
3 4678 4776 4778
3 4678 4778 4680
3 4679 4779 4777
3 4679 4681 4779
3 4680 4778 4780
3 4680 4780 4682
3 4681 4781 4779
3 4681 4683 4781
3 4682 4780 4782
3 4682 4782 4684
3 4683 4783 4781
3 4683 4685 4783
3 4684 4782 4784
3 4684 4784 4686
3 4685 4785 4783
3 4685 4687 4785
3 4686 4784 4786
3 4686 4786 4688
3 4687 4787 4785
3 4687 4689 4787
3 4688 4786 4788
3 4688 4788 4690
3 4689 4789 4787
3 4689 4691 4789
3 4690 4788 4790
3 4690 4790 4692
3 4691 4791 4789
3 4691 4693 4791
3 4692 4790 4792
3 4692 4792 4694
3 4693 4793 4791
3 4693 4695 4793
3 4694 4792 4794
3 4694 4794 4696
3 4695 4795 4793
3 4695 4697 4795
3 4696 4794 4796
3 4696 4796 4698
3 4697 4797 4795
3 4697 4699 4797
3 4794 4797 4796
3 4794 4795 4797
3 4698 4796 4798
3 4698 4798 4700
3 4699 4799 4797
3 4699 4701 4799
3 4796 4799 4798
3 4796 4797 4799
3 4700 4798 4800
3 4700 4800 4702
3 4701 4801 4799
3 4701 4703 4801
3 4798 4801 4800
3 4798 4799 4801
3 4702 4800 4802
3 4702 4802 4704
3 4703 4803 4801
3 4703 4705 4803
3 4800 4803 4802
3 4800 4801 4803
3 4704 4802 4804
3 4704 4804 4706
3 4705 4805 4803
3 4705 4707 4805
3 4802 4805 4804
3 4802 4803 4805
3 4706 4804 4806
3 4706 4806 4708
3 4707 4807 4805
3 4707 4709 4807
3 4804 4807 4806
3 4804 4805 4807
3 4708 4806 4808
3 4708 4808 4710
3 4709 4809 4807
3 4709 4711 4809
3 4710 4808 4810
3 4710 4810 4712
3 4711 4811 4809
3 4711 4713 4811
3 4712 4810 4812
3 4712 4812 4714
3 4713 4813 4811
3 4713 4715 4813
3 4714 4812 4814
3 4714 4814 4716
3 4715 4815 4813
3 4715 4717 4815
3 4716 4814 4816
3 4716 4816 4718
3 4717 4817 4815
3 4717 4719 4817
3 4718 4816 4818
3 4718 4818 4720
3 4719 4819 4817
3 4719 4721 4819
3 4720 4818 4820
3 4720 4820 4722
3 4721 4821 4819
3 4721 4723 4821
3 4722 4820 4822
3 4722 4822 4724
3 4723 4823 4821
3 4723 4725 4823
3 4724 4822 4824
3 4724 4824 4726
3 4725 4825 4823
3 4725 4727 4825
3 4726 4824 4826
3 4726 4826 4728
3 4727 4827 4825
3 4727 4729 4827
3 4728 4826 4828
3 4728 4828 4730
3 4729 4829 4827
3 4729 4731 4829
3 4730 4828 4830
3 4730 4830 4732
3 4731 4831 4829
3 4731 4733 4831
3 4732 4830 4832
3 4732 4832 4734
3 4733 4833 4831
3 4733 4735 4833
3 4734 4832 4834
3 4734 4834 4736
3 4735 4835 4833
3 4735 4737 4835
3 4736 4834 4836
3 4736 4836 4738
3 4737 4837 4835
3 4737 4739 4837
3 4738 4836 4838
3 4738 4838 4740
3 4739 4839 4837
3 4739 4741 4839
3 4740 4838 4840
3 4740 4840 4742
3 4741 4841 4839
3 4741 4743 4841
3 4742 4840 4842
3 4742 4842 4744
3 4743 4843 4841
3 4743 4745 4843
3 4744 4842 4844
3 4744 4844 4746
3 4745 4845 4843
3 4745 4747 4845
3 4746 4844 4846
3 4746 4846 4748
3 4747 4847 4845
3 4747 4749 4847
3 4748 4846 4848
3 4748 4848 4750
3 4749 4849 4847
3 4749 4751 4849
3 4848 4751 4750
3 4848 4849 4751
3 4752 4850 4851
3 4752 4851 4753
3 4754 4853 4852
3 4754 4755 4853
3 4752 4852 4850
3 4752 4754 4852
3 4753 4851 4854
3 4753 4854 4756
3 4755 4855 4853
3 4755 4757 4855
3 4756 4854 4856
3 4756 4856 4758
3 4757 4857 4855
3 4757 4759 4857
3 4758 4856 4858
3 4758 4858 4760
3 4759 4859 4857
3 4759 4761 4859
3 4760 4858 4860
3 4760 4860 4762
3 4761 4861 4859
3 4761 4763 4861
3 4762 4860 4862
3 4762 4862 4764
3 4763 4863 4861
3 4763 4765 4863
3 4764 4862 4864
3 4764 4864 4766
3 4765 4865 4863
3 4765 4767 4865
3 4766 4864 4866
3 4766 4866 4768
3 4767 4867 4865
3 4767 4769 4867
3 4768 4866 4868
3 4768 4868 4770
3 4769 4869 4867
3 4769 4771 4869
3 4770 4868 4870
3 4770 4870 4772
3 4771 4871 4869
3 4771 4773 4871
3 4772 4870 4872
3 4772 4872 4774
3 4773 4873 4871
3 4773 4775 4873
3 4774 4872 4874
3 4774 4874 4776
3 4775 4875 4873
3 4775 4777 4875
3 4776 4874 4876
3 4776 4876 4778
3 4777 4877 4875
3 4777 4779 4877
3 4778 4876 4878
3 4778 4878 4780
3 4779 4879 4877
3 4779 4781 4879
3 4780 4878 4880
3 4780 4880 4782
3 4781 4881 4879
3 4781 4783 4881
3 4782 4880 4882
3 4782 4882 4784
3 4783 4883 4881
3 4783 4785 4883
3 4784 4882 4884
3 4784 4884 4786
3 4785 4885 4883
3 4785 4787 4885
3 4786 4884 4886
3 4786 4886 4788
3 4787 4887 4885
3 4787 4789 4887
3 4788 4886 4888
3 4788 4888 4790
3 4789 4889 4887
3 4789 4791 4889
3 4790 4888 4890
3 4790 4890 4792
3 4791 4891 4889
3 4791 4793 4891
3 4792 4890 4892
3 4792 4892 4794
3 4793 4893 4891
3 4793 4795 4893
3 4892 4795 4794
3 4892 4893 4795
3 4806 4894 4895
3 4806 4895 4808
3 4807 4897 4896
3 4807 4809 4897
3 4806 4896 4894
3 4806 4807 4896
3 4808 4895 4898
3 4808 4898 4810
3 4809 4899 4897
3 4809 4811 4899
3 4810 4898 4900
3 4810 4900 4812
3 4811 4901 4899
3 4811 4813 4901
3 4812 4900 4902
3 4812 4902 4814
3 4813 4903 4901
3 4813 4815 4903
3 4814 4902 4904
3 4814 4904 4816
3 4815 4905 4903
3 4815 4817 4905
3 4816 4904 4906
3 4816 4906 4818
3 4817 4907 4905
3 4817 4819 4907
3 4818 4906 4908
3 4818 4908 4820
3 4819 4909 4907
3 4819 4821 4909
3 4820 4908 4910
3 4820 4910 4822
3 4821 4911 4909
3 4821 4823 4911
3 4822 4910 4912
3 4822 4912 4824
3 4823 4913 4911
3 4823 4825 4913
3 4824 4912 4914
3 4824 4914 4826
3 4825 4915 4913
3 4825 4827 4915
3 4826 4914 4916
3 4826 4916 4828
3 4827 4917 4915
3 4827 4829 4917
3 4828 4916 4918
3 4828 4918 4830
3 4829 4919 4917
3 4829 4831 4919
3 4830 4918 4920
3 4830 4920 4832
3 4831 4921 4919
3 4831 4833 4921
3 4832 4920 4922
3 4832 4922 4834
3 4833 4923 4921
3 4833 4835 4923
3 4834 4922 4924
3 4834 4924 4836
3 4835 4925 4923
3 4835 4837 4925
3 4836 4924 4926
3 4836 4926 4838
3 4837 4927 4925
3 4837 4839 4927
3 4838 4926 4928
3 4838 4928 4840
3 4839 4929 4927
3 4839 4841 4929
3 4840 4928 4930
3 4840 4930 4842
3 4841 4931 4929
3 4841 4843 4931
3 4842 4930 4932
3 4842 4932 4844
3 4843 4933 4931
3 4843 4845 4933
3 4844 4932 4934
3 4844 4934 4846
3 4845 4935 4933
3 4845 4847 4935
3 4846 4934 4936
3 4846 4936 4848
3 4847 4937 4935
3 4847 4849 4937
3 4936 4849 4848
3 4936 4937 4849
3 4850 4938 4939
3 4850 4939 4851
3 4852 4941 4940
3 4852 4853 4941
3 4850 4940 4938
3 4850 4852 4940
3 4851 4939 4942
3 4851 4942 4854
3 4853 4943 4941
3 4853 4855 4943
3 4854 4942 4944
3 4854 4944 4856
3 4855 4945 4943
3 4855 4857 4945
3 4856 4944 4946
3 4856 4946 4858
3 4857 4947 4945
3 4857 4859 4947
3 4858 4946 4948
3 4858 4948 4860
3 4859 4949 4947
3 4859 4861 4949
3 4860 4948 4950
3 4860 4950 4862
3 4861 4951 4949
3 4861 4863 4951
3 4862 4950 4952
3 4862 4952 4864
3 4863 4953 4951
3 4863 4865 4953
3 4864 4952 4954
3 4864 4954 4866
3 4865 4955 4953
3 4865 4867 4955
3 4866 4954 4956
3 4866 4956 4868
3 4867 4957 4955
3 4867 4869 4957
3 4868 4956 4958
3 4868 4958 4870
3 4869 4959 4957
3 4869 4871 4959
3 4870 4958 4960
3 4870 4960 4872
3 4871 4961 4959
3 4871 4873 4961
3 4872 4960 4962
3 4872 4962 4874
3 4873 4963 4961
3 4873 4875 4963
3 4874 4962 4964
3 4874 4964 4876
3 4875 4965 4963
3 4875 4877 4965
3 4876 4964 4966
3 4876 4966 4878
3 4877 4967 4965
3 4877 4879 4967
3 4878 4966 4968
3 4878 4968 4880
3 4879 4969 4967
3 4879 4881 4969
3 4880 4968 4970
3 4880 4970 4882
3 4881 4971 4969
3 4881 4883 4971
3 4882 4970 4972
3 4882 4972 4884
3 4883 4973 4971
3 4883 4885 4973
3 4884 4972 4974
3 4884 4974 4886
3 4885 4975 4973
3 4885 4887 4975
3 4886 4974 4976
3 4886 4976 4888
3 4887 4977 4975
3 4887 4889 4977
3 4888 4976 4978
3 4888 4978 4890
3 4889 4979 4977
3 4889 4891 4979
3 4890 4978 4980
3 4890 4980 4892
3 4891 4981 4979
3 4891 4893 4981
3 4980 4893 4892
3 4980 4981 4893
3 4894 4982 4983
3 4894 4983 4895
3 4896 4985 4984
3 4896 4897 4985
3 4894 4984 4982
3 4894 4896 4984
3 4895 4983 4986
3 4895 4986 4898
3 4897 4987 4985
3 4897 4899 4987
3 4898 4986 4988
3 4898 4988 4900
3 4899 4989 4987
3 4899 4901 4989
3 4900 4988 4990
3 4900 4990 4902
3 4901 4991 4989
3 4901 4903 4991
3 4902 4990 4992
3 4902 4992 4904
3 4903 4993 4991
3 4903 4905 4993
3 4904 4992 4994
3 4904 4994 4906
3 4905 4995 4993
3 4905 4907 4995
3 4906 4994 4996
3 4906 4996 4908
3 4907 4997 4995
3 4907 4909 4997
3 4908 4996 4998
3 4908 4998 4910
3 4909 4999 4997
3 4909 4911 4999
3 4910 4998 5000
3 4910 5000 4912
3 4911 5001 4999
3 4911 4913 5001
3 4912 5000 5002
3 4912 5002 4914
3 4913 5003 5001
3 4913 4915 5003
3 4914 5002 5004
3 4914 5004 4916
3 4915 5005 5003
3 4915 4917 5005
3 4916 5004 5006
3 4916 5006 4918
3 4917 5007 5005
3 4917 4919 5007
3 4918 5006 5008
3 4918 5008 4920
3 4919 5009 5007
3 4919 4921 5009
3 4920 5008 5010
3 4920 5010 4922
3 4921 5011 5009
3 4921 4923 5011
3 4922 5010 5012
3 4922 5012 4924
3 4923 5013 5011
3 4923 4925 5013
3 4924 5012 5014
3 4924 5014 4926
3 4925 5015 5013
3 4925 4927 5015
3 4926 5014 5016
3 4926 5016 4928
3 4927 5017 5015
3 4927 4929 5017
3 4928 5016 5018
3 4928 5018 4930
3 4929 5019 5017
3 4929 4931 5019
3 4930 5018 5020
3 4930 5020 4932
3 4931 5021 5019
3 4931 4933 5021
3 4932 5020 5022
3 4932 5022 4934
3 4933 5023 5021
3 4933 4935 5023
3 4934 5022 5024
3 4934 5024 4936
3 4935 5025 5023
3 4935 4937 5025
3 5024 4937 4936
3 5024 5025 4937
3 4938 5026 5027
3 4938 5027 4939
3 4940 5029 5028
3 4940 4941 5029
3 4938 5028 5026
3 4938 4940 5028
3 4939 5027 5030
3 4939 5030 4942
3 4941 5031 5029
3 4941 4943 5031
3 4942 5030 5032
3 4942 5032 4944
3 4943 5033 5031
3 4943 4945 5033
3 4944 5032 5034
3 4944 5034 4946
3 4945 5035 5033
3 4945 4947 5035
3 4946 5034 5036
3 4946 5036 4948
3 4947 5037 5035
3 4947 4949 5037
3 4948 5036 5038
3 4948 5038 4950
3 4949 5039 5037
3 4949 4951 5039
3 4950 5038 5040
3 4950 5040 4952
3 4951 5041 5039
3 4951 4953 5041
3 4952 5040 5042
3 4952 5042 4954
3 4953 5043 5041
3 4953 4955 5043
3 4954 5042 5044
3 4954 5044 4956
3 4955 5045 5043
3 4955 4957 5045
3 4956 5044 5046
3 4956 5046 4958
3 4957 5047 5045
3 4957 4959 5047
3 4958 5046 5048
3 4958 5048 4960
3 4959 5049 5047
3 4959 4961 5049
3 4960 5048 5050
3 4960 5050 4962
3 4961 5051 5049
3 4961 4963 5051
3 4962 5050 5052
3 4962 5052 4964
3 4963 5053 5051
3 4963 4965 5053
3 4964 5052 5054
3 4964 5054 4966
3 4965 5055 5053
3 4965 4967 5055
3 4966 5054 5056
3 4966 5056 4968
3 4967 5057 5055
3 4967 4969 5057
3 4968 5056 5058
3 4968 5058 4970
3 4969 5059 5057
3 4969 4971 5059
3 4970 5058 5060
3 4970 5060 4972
3 4971 5061 5059
3 4971 4973 5061
3 4972 5060 5062
3 4972 5062 4974
3 4973 5063 5061
3 4973 4975 5063
3 4974 5062 5064
3 4974 5064 4976
3 4975 5065 5063
3 4975 4977 5065
3 4976 5064 5066
3 4976 5066 4978
3 4977 5067 5065
3 4977 4979 5067
3 4978 5066 5068
3 4978 5068 4980
3 4979 5069 5067
3 4979 4981 5069
3 5068 4981 4980
3 5068 5069 4981
3 4982 5070 5071
3 4982 5071 4983
3 4984 5073 5072
3 4984 4985 5073
3 4982 5072 5070
3 4982 4984 5072
3 4983 5071 5074
3 4983 5074 4986
3 4985 5075 5073
3 4985 4987 5075
3 4986 5074 5076
3 4986 5076 4988
3 4987 5077 5075
3 4987 4989 5077
3 4988 5076 5078
3 4988 5078 4990
3 4989 5079 5077
3 4989 4991 5079
3 4990 5078 5080
3 4990 5080 4992
3 4991 5081 5079
3 4991 4993 5081
3 4992 5080 5082
3 4992 5082 4994
3 4993 5083 5081
3 4993 4995 5083
3 4994 5082 5084
3 4994 5084 4996
3 4995 5085 5083
3 4995 4997 5085
3 4996 5084 5086
3 4996 5086 4998
3 4997 5087 5085
3 4997 4999 5087
3 4998 5086 5088
3 4998 5088 5000
3 4999 5089 5087
3 4999 5001 5089
3 5000 5088 5090
3 5000 5090 5002
3 5001 5091 5089
3 5001 5003 5091
3 5002 5090 5092
3 5002 5092 5004
3 5003 5093 5091
3 5003 5005 5093
3 5004 5092 5094
3 5004 5094 5006
3 5005 5095 5093
3 5005 5007 5095
3 5006 5094 5096
3 5006 5096 5008
3 5007 5097 5095
3 5007 5009 5097
3 5008 5096 5098
3 5008 5098 5010
3 5009 5099 5097
3 5009 5011 5099
3 5010 5098 5100
3 5010 5100 5012
3 5011 5101 5099
3 5011 5013 5101
3 5012 5100 5102
3 5012 5102 5014
3 5013 5103 5101
3 5013 5015 5103
3 5014 5102 5104
3 5014 5104 5016
3 5015 5105 5103
3 5015 5017 5105
3 5016 5104 5106
3 5016 5106 5018
3 5017 5107 5105
3 5017 5019 5107
3 5018 5106 5108
3 5018 5108 5020
3 5019 5109 5107
3 5019 5021 5109
3 5020 5108 5110
3 5020 5110 5022
3 5021 5111 5109
3 5021 5023 5111
3 5022 5110 5112
3 5022 5112 5024
3 5023 5113 5111
3 5023 5025 5113
3 5112 5025 5024
3 5112 5113 5025
3 5026 5114 5115
3 5026 5115 5027
3 5028 5117 5116
3 5028 5029 5117
3 5026 5116 5114
3 5026 5028 5116
3 5027 5115 5118
3 5027 5118 5030
3 5029 5119 5117
3 5029 5031 5119
3 5030 5118 5120
3 5030 5120 5032
3 5031 5121 5119
3 5031 5033 5121
3 5032 5120 5122
3 5032 5122 5034
3 5033 5123 5121
3 5033 5035 5123
3 5034 5122 5124
3 5034 5124 5036
3 5035 5125 5123
3 5035 5037 5125
3 5036 5124 5126
3 5036 5126 5038
3 5037 5127 5125
3 5037 5039 5127
3 5038 5126 5128
3 5038 5128 5040
3 5039 5129 5127
3 5039 5041 5129
3 5040 5128 5130
3 5040 5130 5042
3 5041 5131 5129
3 5041 5043 5131
3 5042 5130 5132
3 5042 5132 5044
3 5043 5133 5131
3 5043 5045 5133
3 5044 5132 5134
3 5044 5134 5046
3 5045 5135 5133
3 5045 5047 5135
3 5046 5134 5136
3 5046 5136 5048
3 5047 5137 5135
3 5047 5049 5137
3 5048 5136 5138
3 5048 5138 5050
3 5049 5139 5137
3 5049 5051 5139
3 5050 5138 5140
3 5050 5140 5052
3 5051 5141 5139
3 5051 5053 5141
3 5052 5140 5142
3 5052 5142 5054
3 5053 5143 5141
3 5053 5055 5143
3 5054 5142 5144
3 5054 5144 5056
3 5055 5145 5143
3 5055 5057 5145
3 5056 5144 5146
3 5056 5146 5058
3 5057 5147 5145
3 5057 5059 5147
3 5058 5146 5148
3 5058 5148 5060
3 5059 5149 5147
3 5059 5061 5149
3 5060 5148 5150
3 5060 5150 5062
3 5061 5151 5149
3 5061 5063 5151
3 5062 5150 5152
3 5062 5152 5064
3 5063 5153 5151
3 5063 5065 5153
3 5064 5152 5154
3 5064 5154 5066
3 5065 5155 5153
3 5065 5067 5155
3 5066 5154 5156
3 5066 5156 5068
3 5067 5157 5155
3 5067 5069 5157
3 5156 5069 5068
3 5156 5157 5069
3 5070 5158 5159
3 5070 5159 5071
3 5072 5161 5160
3 5072 5073 5161
3 5070 5160 5158
3 5070 5072 5160
3 5071 5159 5162
3 5071 5162 5074
3 5073 5163 5161
3 5073 5075 5163
3 5074 5162 5164
3 5074 5164 5076
3 5075 5165 5163
3 5075 5077 5165
3 5076 5164 5166
3 5076 5166 5078
3 5077 5167 5165
3 5077 5079 5167
3 5078 5166 5168
3 5078 5168 5080
3 5079 5169 5167
3 5079 5081 5169
3 5080 5168 5170
3 5080 5170 5082
3 5081 5171 5169
3 5081 5083 5171
3 5082 5170 5172
3 5082 5172 5084
3 5083 5173 5171
3 5083 5085 5173
3 5084 5172 5174
3 5084 5174 5086
3 5085 5175 5173
3 5085 5087 5175
3 5086 5174 5176
3 5086 5176 5088
3 5087 5177 5175
3 5087 5089 5177
3 5088 5176 5178
3 5088 5178 5090
3 5089 5179 5177
3 5089 5091 5179
3 5090 5178 5180
3 5090 5180 5092
3 5091 5181 5179
3 5091 5093 5181
3 5092 5180 5182
3 5092 5182 5094
3 5093 5183 5181
3 5093 5095 5183
3 5094 5182 5184
3 5094 5184 5096
3 5095 5185 5183
3 5095 5097 5185
3 5096 5184 5186
3 5096 5186 5098
3 5097 5187 5185
3 5097 5099 5187
3 5098 5186 5188
3 5098 5188 5100
3 5099 5189 5187
3 5099 5101 5189
3 5100 5188 5190
3 5100 5190 5102
3 5101 5191 5189
3 5101 5103 5191
3 5102 5190 5192
3 5102 5192 5104
3 5103 5193 5191
3 5103 5105 5193
3 5104 5192 5194
3 5104 5194 5106
3 5105 5195 5193
3 5105 5107 5195
3 5106 5194 5196
3 5106 5196 5108
3 5107 5197 5195
3 5107 5109 5197
3 5108 5196 5198
3 5108 5198 5110
3 5109 5199 5197
3 5109 5111 5199
3 5110 5198 5200
3 5110 5200 5112
3 5111 5201 5199
3 5111 5113 5201
3 5200 5113 5112
3 5200 5201 5113
3 5114 5202 5203
3 5114 5203 5115
3 5116 5205 5204
3 5116 5117 5205
3 5114 5204 5202
3 5114 5116 5204
3 5115 5203 5206
3 5115 5206 5118
3 5117 5207 5205
3 5117 5119 5207
3 5118 5206 5208
3 5118 5208 5120
3 5119 5209 5207
3 5119 5121 5209
3 5120 5208 5210
3 5120 5210 5122
3 5121 5211 5209
3 5121 5123 5211
3 5122 5210 5212
3 5122 5212 5124
3 5123 5213 5211
3 5123 5125 5213
3 5124 5212 5214
3 5124 5214 5126
3 5125 5215 5213
3 5125 5127 5215
3 5126 5214 5216
3 5126 5216 5128
3 5127 5217 5215
3 5127 5129 5217
3 5128 5216 5218
3 5128 5218 5130
3 5129 5219 5217
3 5129 5131 5219
3 5130 5218 5220
3 5130 5220 5132
3 5131 5221 5219
3 5131 5133 5221
3 5132 5220 5222
3 5132 5222 5134
3 5133 5223 5221
3 5133 5135 5223
3 5134 5222 5224
3 5134 5224 5136
3 5135 5225 5223
3 5135 5137 5225
3 5136 5224 5226
3 5136 5226 5138
3 5137 5227 5225
3 5137 5139 5227
3 5138 5226 5228
3 5138 5228 5140
3 5139 5229 5227
3 5139 5141 5229
3 5140 5228 5230
3 5140 5230 5142
3 5141 5231 5229
3 5141 5143 5231
3 5142 5230 5232
3 5142 5232 5144
3 5143 5233 5231
3 5143 5145 5233
3 5144 5232 5234
3 5144 5234 5146
3 5145 5235 5233
3 5145 5147 5235
3 5146 5234 5236
3 5146 5236 5148
3 5147 5237 5235
3 5147 5149 5237
3 5148 5236 5238
3 5148 5238 5150
3 5149 5239 5237
3 5149 5151 5239
3 5150 5238 5240
3 5150 5240 5152
3 5151 5241 5239
3 5151 5153 5241
3 5152 5240 5242
3 5152 5242 5154
3 5153 5243 5241
3 5153 5155 5243
3 5154 5242 5244
3 5154 5244 5156
3 5155 5245 5243
3 5155 5157 5245
3 5244 5157 5156
3 5244 5245 5157
3 5158 5246 5247
3 5158 5247 5159
3 5160 5249 5248
3 5160 5161 5249
3 5158 5248 5246
3 5158 5160 5248
3 5159 5247 5250
3 5159 5250 5162
3 5161 5251 5249
3 5161 5163 5251
3 5162 5250 5252
3 5162 5252 5164
3 5163 5253 5251
3 5163 5165 5253
3 5164 5252 5254
3 5164 5254 5166
3 5165 5255 5253
3 5165 5167 5255
3 5166 5254 5256
3 5166 5256 5168
3 5167 5257 5255
3 5167 5169 5257
3 5168 5256 5258
3 5168 5258 5170
3 5169 5259 5257
3 5169 5171 5259
3 5170 5258 5260
3 5170 5260 5172
3 5171 5261 5259
3 5171 5173 5261
3 5172 5260 5262
3 5172 5262 5174
3 5173 5263 5261
3 5173 5175 5263
3 5174 5262 5264
3 5174 5264 5176
3 5175 5265 5263
3 5175 5177 5265
3 5176 5264 5266
3 5176 5266 5178
3 5177 5267 5265
3 5177 5179 5267
3 5178 5266 5268
3 5178 5268 5180
3 5179 5269 5267
3 5179 5181 5269
3 5180 5268 5270
3 5180 5270 5182
3 5181 5271 5269
3 5181 5183 5271
3 5182 5270 5272
3 5182 5272 5184
3 5183 5273 5271
3 5183 5185 5273
3 5184 5272 5274
3 5184 5274 5186
3 5185 5275 5273
3 5185 5187 5275
3 5186 5274 5276
3 5186 5276 5188
3 5187 5277 5275
3 5187 5189 5277
3 5188 5276 5278
3 5188 5278 5190
3 5189 5279 5277
3 5189 5191 5279
3 5190 5278 5280
3 5190 5280 5192
3 5191 5281 5279
3 5191 5193 5281
3 5192 5280 5282
3 5192 5282 5194
3 5193 5283 5281
3 5193 5195 5283
3 5194 5282 5284
3 5194 5284 5196
3 5195 5285 5283
3 5195 5197 5285
3 5196 5284 5286
3 5196 5286 5198
3 5197 5287 5285
3 5197 5199 5287
3 5198 5286 5288
3 5198 5288 5200
3 5199 5289 5287
3 5199 5201 5289
3 5288 5201 5200
3 5288 5289 5201
3 5202 5290 5291
3 5202 5291 5203
3 5204 5293 5292
3 5204 5205 5293
3 5202 5292 5290
3 5202 5204 5292
3 5203 5291 5294
3 5203 5294 5206
3 5205 5295 5293
3 5205 5207 5295
3 5206 5294 5296
3 5206 5296 5208
3 5207 5297 5295
3 5207 5209 5297
3 5208 5296 5298
3 5208 5298 5210
3 5209 5299 5297
3 5209 5211 5299
3 5210 5298 5300
3 5210 5300 5212
3 5211 5301 5299
3 5211 5213 5301
3 5212 5300 5302
3 5212 5302 5214
3 5213 5303 5301
3 5213 5215 5303
3 5214 5302 5304
3 5214 5304 5216
3 5215 5305 5303
3 5215 5217 5305
3 5216 5304 5306
3 5216 5306 5218
3 5217 5307 5305
3 5217 5219 5307
3 5218 5306 5308
3 5218 5308 5220
3 5219 5309 5307
3 5219 5221 5309
3 5220 5308 5310
3 5220 5310 5222
3 5221 5311 5309
3 5221 5223 5311
3 5222 5310 5312
3 5222 5312 5224
3 5223 5313 5311
3 5223 5225 5313
3 5224 5312 5314
3 5224 5314 5226
3 5225 5315 5313
3 5225 5227 5315
3 5226 5314 5316
3 5226 5316 5228
3 5227 5317 5315
3 5227 5229 5317
3 5228 5316 5318
3 5228 5318 5230
3 5229 5319 5317
3 5229 5231 5319
3 5230 5318 5320
3 5230 5320 5232
3 5231 5321 5319
3 5231 5233 5321
3 5232 5320 5322
3 5232 5322 5234
3 5233 5323 5321
3 5233 5235 5323
3 5234 5322 5324
3 5234 5324 5236
3 5235 5325 5323
3 5235 5237 5325
3 5236 5324 5326
3 5236 5326 5238
3 5237 5327 5325
3 5237 5239 5327
3 5238 5326 5328
3 5238 5328 5240
3 5239 5329 5327
3 5239 5241 5329
3 5240 5328 5330
3 5240 5330 5242
3 5241 5331 5329
3 5241 5243 5331
3 5242 5330 5332
3 5242 5332 5244
3 5243 5333 5331
3 5243 5245 5333
3 5332 5245 5244
3 5332 5333 5245
3 5246 5334 5335
3 5246 5335 5247
3 5248 5337 5336
3 5248 5249 5337
3 5246 5336 5334
3 5246 5248 5336
3 5247 5335 5338
3 5247 5338 5250
3 5249 5339 5337
3 5249 5251 5339
3 5250 5338 5340
3 5250 5340 5252
3 5251 5341 5339
3 5251 5253 5341
3 5252 5340 5342
3 5252 5342 5254
3 5253 5343 5341
3 5253 5255 5343
3 5254 5342 5344
3 5254 5344 5256
3 5255 5345 5343
3 5255 5257 5345
3 5256 5344 5346
3 5256 5346 5258
3 5257 5347 5345
3 5257 5259 5347
3 5258 5346 5348
3 5258 5348 5260
3 5259 5349 5347
3 5259 5261 5349
3 5260 5348 5350
3 5260 5350 5262
3 5261 5351 5349
3 5261 5263 5351
3 5262 5350 5352
3 5262 5352 5264
3 5263 5353 5351
3 5263 5265 5353
3 5264 5352 5354
3 5264 5354 5266
3 5265 5355 5353
3 5265 5267 5355
3 5266 5354 5356
3 5266 5356 5268
3 5267 5357 5355
3 5267 5269 5357
3 5268 5356 5358
3 5268 5358 5270
3 5269 5359 5357
3 5269 5271 5359
3 5270 5358 5360
3 5270 5360 5272
3 5271 5361 5359
3 5271 5273 5361
3 5272 5360 5362
3 5272 5362 5274
3 5273 5363 5361
3 5273 5275 5363
3 5274 5362 5364
3 5274 5364 5276
3 5275 5365 5363
3 5275 5277 5365
3 5276 5364 5366
3 5276 5366 5278
3 5277 5367 5365
3 5277 5279 5367
3 5278 5366 5368
3 5278 5368 5280
3 5279 5369 5367
3 5279 5281 5369
3 5280 5368 5370
3 5280 5370 5282
3 5281 5371 5369
3 5281 5283 5371
3 5282 5370 5372
3 5282 5372 5284
3 5283 5373 5371
3 5283 5285 5373
3 5284 5372 5374
3 5284 5374 5286
3 5285 5375 5373
3 5285 5287 5375
3 5286 5374 5376
3 5286 5376 5288
3 5287 5377 5375
3 5287 5289 5377
3 5376 5289 5288
3 5376 5377 5289
3 5290 5378 5379
3 5290 5379 5291
3 5292 5381 5380
3 5292 5293 5381
3 5290 5380 5378
3 5290 5292 5380
3 5291 5379 5382
3 5291 5382 5294
3 5293 5383 5381
3 5293 5295 5383
3 5294 5382 5384
3 5294 5384 5296
3 5295 5385 5383
3 5295 5297 5385
3 5296 5384 5386
3 5296 5386 5298
3 5297 5387 5385
3 5297 5299 5387
3 5298 5386 5388
3 5298 5388 5300
3 5299 5389 5387
3 5299 5301 5389
3 5300 5388 5390
3 5300 5390 5302
3 5301 5391 5389
3 5301 5303 5391
3 5302 5390 5392
3 5302 5392 5304
3 5303 5393 5391
3 5303 5305 5393
3 5304 5392 5394
3 5304 5394 5306
3 5305 5395 5393
3 5305 5307 5395
3 5306 5394 5396
3 5306 5396 5308
3 5307 5397 5395
3 5307 5309 5397
3 5308 5396 5398
3 5308 5398 5310
3 5309 5399 5397
3 5309 5311 5399
3 5310 5398 5400
3 5310 5400 5312
3 5311 5401 5399
3 5311 5313 5401
3 5312 5400 5402
3 5312 5402 5314
3 5313 5403 5401
3 5313 5315 5403
3 5314 5402 5404
3 5314 5404 5316
3 5315 5405 5403
3 5315 5317 5405
3 5316 5404 5406
3 5316 5406 5318
3 5317 5407 5405
3 5317 5319 5407
3 5318 5406 5408
3 5318 5408 5320
3 5319 5409 5407
3 5319 5321 5409
3 5320 5408 5410
3 5320 5410 5322
3 5321 5411 5409
3 5321 5323 5411
3 5322 5410 5412
3 5322 5412 5324
3 5323 5413 5411
3 5323 5325 5413
3 5324 5412 5414
3 5324 5414 5326
3 5325 5415 5413
3 5325 5327 5415
3 5326 5414 5416
3 5326 5416 5328
3 5327 5417 5415
3 5327 5329 5417
3 5328 5416 5418
3 5328 5418 5330
3 5329 5419 5417
3 5329 5331 5419
3 5330 5418 5420
3 5330 5420 5332
3 5331 5421 5419
3 5331 5333 5421
3 5332 5420 5422
3 5332 5422 5423
3 5333 5424 5421
3 5333 5425 5424
3 5423 5333 5332
3 5423 5425 5333
3 5423 5422 5426
3 5423 5426 5427
3 5425 5428 5424
3 5425 5429 5428
3 5427 5425 5423
3 5427 5429 5425
3 5427 5426 5430
3 5427 5430 5431
3 5429 5432 5428
3 5429 5433 5432
3 5431 5429 5427
3 5431 5433 5429
3 5431 5430 5434
3 5431 5434 5435
3 5433 5436 5432
3 5433 5437 5436
3 5435 5433 5431
3 5435 5437 5433
3 5435 5434 5438
3 5435 5438 5439
3 5437 5440 5436
3 5437 5441 5440
3 5439 5437 5435
3 5439 5441 5437
3 5439 5438 5442
3 5439 5442 5334
3 5441 5443 5440
3 5441 5336 5443
3 5334 5441 5439
3 5334 5336 5441
3 5334 5442 5444
3 5334 5444 5335
3 5336 5445 5443
3 5336 5337 5445
3 5335 5444 5446
3 5335 5446 5338
3 5337 5447 5445
3 5337 5339 5447
3 5338 5446 5448
3 5338 5448 5340
3 5339 5449 5447
3 5339 5341 5449
3 5340 5448 5450
3 5340 5450 5342
3 5341 5451 5449
3 5341 5343 5451
3 5342 5450 5452
3 5342 5452 5344
3 5343 5453 5451
3 5343 5345 5453
3 5344 5452 5454
3 5344 5454 5346
3 5345 5455 5453
3 5345 5347 5455
3 5346 5454 5456
3 5346 5456 5348
3 5347 5457 5455
3 5347 5349 5457
3 5348 5456 5458
3 5348 5458 5350
3 5349 5459 5457
3 5349 5351 5459
3 5350 5458 5460
3 5350 5460 5352
3 5351 5461 5459
3 5351 5353 5461
3 5352 5460 5462
3 5352 5462 5354
3 5353 5463 5461
3 5353 5355 5463
3 5354 5462 5464
3 5354 5464 5356
3 5355 5465 5463
3 5355 5357 5465
3 5356 5464 5466
3 5356 5466 5358
3 5357 5467 5465
3 5357 5359 5467
3 5358 5466 5468
3 5358 5468 5360
3 5359 5469 5467
3 5359 5361 5469
3 5360 5468 5470
3 5360 5470 5362
3 5361 5471 5469
3 5361 5363 5471
3 5362 5470 5472
3 5362 5472 5364
3 5363 5473 5471
3 5363 5365 5473
3 5364 5472 5474
3 5364 5474 5366
3 5365 5475 5473
3 5365 5367 5475
3 5366 5474 5476
3 5366 5476 5368
3 5367 5477 5475
3 5367 5369 5477
3 5368 5476 5478
3 5368 5478 5370
3 5369 5479 5477
3 5369 5371 5479
3 5370 5478 5480
3 5370 5480 5372
3 5371 5481 5479
3 5371 5373 5481
3 5372 5480 5482
3 5372 5482 5374
3 5373 5483 5481
3 5373 5375 5483
3 5374 5482 5484
3 5374 5484 5376
3 5375 5485 5483
3 5375 5377 5485
3 5484 5377 5376
3 5484 5485 5377
3 5378 5486 5487
3 5378 5487 5379
3 5380 5489 5488
3 5380 5381 5489
3 5378 5488 5486
3 5378 5380 5488
3 5379 5487 5490
3 5379 5490 5382
3 5381 5491 5489
3 5381 5383 5491
3 5382 5490 5492
3 5382 5492 5384
3 5383 5493 5491
3 5383 5385 5493
3 5384 5492 5494
3 5384 5494 5386
3 5385 5495 5493
3 5385 5387 5495
3 5386 5494 5496
3 5386 5496 5388
3 5387 5497 5495
3 5387 5389 5497
3 5388 5496 5498
3 5388 5498 5390
3 5389 5499 5497
3 5389 5391 5499
3 5390 5498 5500
3 5390 5500 5392
3 5391 5501 5499
3 5391 5393 5501
3 5392 5500 5502
3 5392 5502 5394
3 5393 5503 5501
3 5393 5395 5503
3 5394 5502 5504
3 5394 5504 5396
3 5395 5505 5503
3 5395 5397 5505
3 5396 5504 5506
3 5396 5506 5398
3 5397 5507 5505
3 5397 5399 5507
3 5398 5506 5508
3 5398 5508 5400
3 5399 5509 5507
3 5399 5401 5509
3 5400 5508 5510
3 5400 5510 5402
3 5401 5511 5509
3 5401 5403 5511
3 5402 5510 5512
3 5402 5512 5404
3 5403 5513 5511
3 5403 5405 5513
3 5404 5512 5514
3 5404 5514 5406
3 5405 5515 5513
3 5405 5407 5515
3 5406 5514 5516
3 5406 5516 5408
3 5407 5517 5515
3 5407 5409 5517
3 5408 5516 5518
3 5408 5518 5410
3 5409 5519 5517
3 5409 5411 5519
3 5410 5518 5520
3 5410 5520 5412
3 5411 5521 5519
3 5411 5413 5521
3 5412 5520 5522
3 5412 5522 5414
3 5413 5523 5521
3 5413 5415 5523
3 5414 5522 5524
3 5414 5524 5416
3 5415 5525 5523
3 5415 5417 5525
3 5416 5524 5526
3 5416 5526 5418
3 5417 5527 5525
3 5417 5419 5527
3 5418 5526 5528
3 5418 5528 5420
3 5419 5529 5527
3 5419 5421 5529
3 5420 5528 5530
3 5420 5530 5422
3 5421 5531 5529
3 5421 5424 5531
3 5422 5530 5532
3 5422 5532 5426
3 5424 5533 5531
3 5424 5428 5533
3 5426 5532 5534
3 5426 5534 5430
3 5428 5535 5533
3 5428 5432 5535
3 5430 5534 5536
3 5430 5536 5434
3 5432 5537 5535
3 5432 5436 5537
3 5434 5536 5538
3 5434 5538 5438
3 5436 5539 5537
3 5436 5440 5539
3 5438 5538 5540
3 5438 5540 5442
3 5440 5541 5539
3 5440 5443 5541
3 5442 5540 5542
3 5442 5542 5444
3 5443 5543 5541
3 5443 5445 5543
3 5444 5542 5544
3 5444 5544 5446
3 5445 5545 5543
3 5445 5447 5545
3 5446 5544 5546
3 5446 5546 5448
3 5447 5547 5545
3 5447 5449 5547
3 5448 5546 5548
3 5448 5548 5450
3 5449 5549 5547
3 5449 5451 5549
3 5450 5548 5550
3 5450 5550 5452
3 5451 5551 5549
3 5451 5453 5551
3 5452 5550 5552
3 5452 5552 5454
3 5453 5553 5551
3 5453 5455 5553
3 5454 5552 5554
3 5454 5554 5456
3 5455 5555 5553
3 5455 5457 5555
3 5456 5554 5556
3 5456 5556 5458
3 5457 5557 5555
3 5457 5459 5557
3 5458 5556 5558
3 5458 5558 5460
3 5459 5559 5557
3 5459 5461 5559
3 5460 5558 5560
3 5460 5560 5462
3 5461 5561 5559
3 5461 5463 5561
3 5462 5560 5562
3 5462 5562 5464
3 5463 5563 5561
3 5463 5465 5563
3 5464 5562 5564
3 5464 5564 5466
3 5465 5565 5563
3 5465 5467 5565
3 5466 5564 5566
3 5466 5566 5468
3 5467 5567 5565
3 5467 5469 5567
3 5468 5566 5568
3 5468 5568 5470
3 5469 5569 5567
3 5469 5471 5569
3 5470 5568 5570
3 5470 5570 5472
3 5471 5571 5569
3 5471 5473 5571
3 5472 5570 5572
3 5472 5572 5474
3 5473 5573 5571
3 5473 5475 5573
3 5474 5572 5574
3 5474 5574 5476
3 5475 5575 5573
3 5475 5477 5575
3 5476 5574 5576
3 5476 5576 5478
3 5477 5577 5575
3 5477 5479 5577
3 5478 5576 5578
3 5478 5578 5480
3 5479 5579 5577
3 5479 5481 5579
3 5480 5578 5580
3 5480 5580 5482
3 5481 5581 5579
3 5481 5483 5581
3 5482 5580 5582
3 5482 5582 5484
3 5483 5583 5581
3 5483 5485 5583
3 5582 5485 5484
3 5582 5583 5485
3 5486 5584 5585
3 5486 5585 5487
3 5488 5587 5586
3 5488 5489 5587
3 5486 5586 5584
3 5486 5488 5586
3 5487 5585 5588
3 5487 5588 5490
3 5489 5589 5587
3 5489 5491 5589
3 5490 5588 5590
3 5490 5590 5492
3 5491 5591 5589
3 5491 5493 5591
3 5492 5590 5592
3 5492 5592 5494
3 5493 5593 5591
3 5493 5495 5593
3 5494 5592 5594
3 5494 5594 5496
3 5495 5595 5593
3 5495 5497 5595
3 5496 5594 5596
3 5496 5596 5498
3 5497 5597 5595
3 5497 5499 5597
3 5498 5596 5598
3 5498 5598 5500
3 5499 5599 5597
3 5499 5501 5599
3 5500 5598 5600
3 5500 5600 5502
3 5501 5601 5599
3 5501 5503 5601
3 5502 5600 5602
3 5502 5602 5504
3 5503 5603 5601
3 5503 5505 5603
3 5504 5602 5604
3 5504 5604 5506
3 5505 5605 5603
3 5505 5507 5605
3 5506 5604 5606
3 5506 5606 5508
3 5507 5607 5605
3 5507 5509 5607
3 5508 5606 5608
3 5508 5608 5510
3 5509 5609 5607
3 5509 5511 5609
3 5510 5608 5610
3 5510 5610 5512
3 5511 5611 5609
3 5511 5513 5611
3 5512 5610 5612
3 5512 5612 5514
3 5513 5613 5611
3 5513 5515 5613
3 5514 5612 5614
3 5514 5614 5516
3 5515 5615 5613
3 5515 5517 5615
3 5516 5614 5616
3 5516 5616 5518
3 5517 5617 5615
3 5517 5519 5617
3 5518 5616 5618
3 5518 5618 5520
3 5519 5619 5617
3 5519 5521 5619
3 5520 5618 5620
3 5520 5620 5522
3 5521 5621 5619
3 5521 5523 5621
3 5522 5620 5622
3 5522 5622 5524
3 5523 5623 5621
3 5523 5525 5623
3 5524 5622 5624
3 5524 5624 5526
3 5525 5625 5623
3 5525 5527 5625
3 5526 5624 5626
3 5526 5626 5528
3 5527 5627 5625
3 5527 5529 5627
3 5528 5626 5628
3 5528 5628 5530
3 5529 5629 5627
3 5529 5531 5629
3 5530 5628 5630
3 5530 5630 5532
3 5531 5631 5629
3 5531 5533 5631
3 5532 5630 5632
3 5532 5632 5534
3 5533 5633 5631
3 5533 5535 5633
3 5534 5632 5634
3 5534 5634 5536
3 5535 5635 5633
3 5535 5537 5635
3 5536 5634 5636
3 5536 5636 5538
3 5537 5637 5635
3 5537 5539 5637
3 5538 5636 5638
3 5538 5638 5540
3 5539 5639 5637
3 5539 5541 5639
3 5540 5638 5640
3 5540 5640 5542
3 5541 5641 5639
3 5541 5543 5641
3 5542 5640 5642
3 5542 5642 5544
3 5543 5643 5641
3 5543 5545 5643
3 5544 5642 5644
3 5544 5644 5546
3 5545 5645 5643
3 5545 5547 5645
3 5546 5644 5646
3 5546 5646 5548
3 5547 5647 5645
3 5547 5549 5647
3 5548 5646 5648
3 5548 5648 5550
3 5549 5649 5647
3 5549 5551 5649
3 5550 5648 5650
3 5550 5650 5552
3 5551 5651 5649
3 5551 5553 5651
3 5552 5650 5652
3 5552 5652 5554
3 5553 5653 5651
3 5553 5555 5653
3 5554 5652 5654
3 5554 5654 5556
3 5555 5655 5653
3 5555 5557 5655
3 5556 5654 5656
3 5556 5656 5558
3 5557 5657 5655
3 5557 5559 5657
3 5558 5656 5658
3 5558 5658 5560
3 5559 5659 5657
3 5559 5561 5659
3 5560 5658 5660
3 5560 5660 5562
3 5561 5661 5659
3 5561 5563 5661
3 5562 5660 5662
3 5562 5662 5564
3 5563 5663 5661
3 5563 5565 5663
3 5564 5662 5664
3 5564 5664 5566
3 5565 5665 5663
3 5565 5567 5665
3 5566 5664 5666
3 5566 5666 5568
3 5567 5667 5665
3 5567 5569 5667
3 5568 5666 5668
3 5568 5668 5570
3 5569 5669 5667
3 5569 5571 5669
3 5570 5668 5670
3 5570 5670 5572
3 5571 5671 5669
3 5571 5573 5671
3 5572 5670 5672
3 5572 5672 5574
3 5573 5673 5671
3 5573 5575 5673
3 5574 5672 5674
3 5574 5674 5576
3 5575 5675 5673
3 5575 5577 5675
3 5576 5674 5676
3 5576 5676 5578
3 5577 5677 5675
3 5577 5579 5677
3 5578 5676 5678
3 5578 5678 5580
3 5579 5679 5677
3 5579 5581 5679
3 5580 5678 5680
3 5580 5680 5582
3 5581 5681 5679
3 5581 5583 5681
3 5680 5583 5582
3 5680 5681 5583
3 5584 5682 5683
3 5584 5683 5585
3 5586 5685 5684
3 5586 5587 5685
3 5584 5684 5682
3 5584 5586 5684
3 5585 5683 5686
3 5585 5686 5588
3 5587 5687 5685
3 5587 5589 5687
3 5588 5686 5688
3 5588 5688 5590
3 5589 5689 5687
3 5589 5591 5689
3 5590 5688 5690
3 5590 5690 5592
3 5591 5691 5689
3 5591 5593 5691
3 5592 5690 5692
3 5592 5692 5594
3 5593 5693 5691
3 5593 5595 5693
3 5594 5692 5694
3 5594 5694 5596
3 5595 5695 5693
3 5595 5597 5695
3 5596 5694 5696
3 5596 5696 5598
3 5597 5697 5695
3 5597 5599 5697
3 5598 5696 5698
3 5598 5698 5600
3 5599 5699 5697
3 5599 5601 5699
3 5600 5698 5700
3 5600 5700 5602
3 5601 5701 5699
3 5601 5603 5701
3 5602 5700 5702
3 5602 5702 5604
3 5603 5703 5701
3 5603 5605 5703
3 5604 5702 5704
3 5604 5704 5606
3 5605 5705 5703
3 5605 5607 5705
3 5606 5704 5706
3 5606 5706 5608
3 5607 5707 5705
3 5607 5609 5707
3 5608 5706 5708
3 5608 5708 5610
3 5609 5709 5707
3 5609 5611 5709
3 5610 5708 5710
3 5610 5710 5612
3 5611 5711 5709
3 5611 5613 5711
3 5612 5710 5712
3 5612 5712 5614
3 5613 5713 5711
3 5613 5615 5713
3 5614 5712 5714
3 5614 5714 5616
3 5615 5715 5713
3 5615 5617 5715
3 5616 5714 5716
3 5616 5716 5618
3 5617 5717 5715
3 5617 5619 5717
3 5618 5716 5718
3 5618 5718 5620
3 5619 5719 5717
3 5619 5621 5719
3 5620 5718 5720
3 5620 5720 5622
3 5621 5721 5719
3 5621 5623 5721
3 5622 5720 5722
3 5622 5722 5624
3 5623 5723 5721
3 5623 5625 5723
3 5624 5722 5724
3 5624 5724 5626
3 5625 5725 5723
3 5625 5627 5725
3 5626 5724 5726
3 5626 5726 5628
3 5627 5727 5725
3 5627 5629 5727
3 5628 5726 5728
3 5628 5728 5630
3 5629 5729 5727
3 5629 5631 5729
3 5630 5728 5730
3 5630 5730 5632
3 5631 5731 5729
3 5631 5633 5731
3 5632 5730 5732
3 5632 5732 5634
3 5633 5733 5731
3 5633 5635 5733
3 5634 5732 5734
3 5634 5734 5636
3 5635 5735 5733
3 5635 5637 5735
3 5636 5734 5736
3 5636 5736 5638
3 5637 5737 5735
3 5637 5639 5737
3 5638 5736 5738
3 5638 5738 5640
3 5639 5739 5737
3 5639 5641 5739
3 5640 5738 5740
3 5640 5740 5642
3 5641 5741 5739
3 5641 5643 5741
3 5642 5740 5742
3 5642 5742 5644
3 5643 5743 5741
3 5643 5645 5743
3 5644 5742 5744
3 5644 5744 5646
3 5645 5745 5743
3 5645 5647 5745
3 5646 5744 5746
3 5646 5746 5648
3 5647 5747 5745
3 5647 5649 5747
3 5648 5746 5748
3 5648 5748 5650
3 5649 5749 5747
3 5649 5651 5749
3 5650 5748 5750
3 5650 5750 5652
3 5651 5751 5749
3 5651 5653 5751
3 5652 5750 5752
3 5652 5752 5654
3 5653 5753 5751
3 5653 5655 5753
3 5654 5752 5754
3 5654 5754 5656
3 5655 5755 5753
3 5655 5657 5755
3 5656 5754 5756
3 5656 5756 5658
3 5657 5757 5755
3 5657 5659 5757
3 5658 5756 5758
3 5658 5758 5660
3 5659 5759 5757
3 5659 5661 5759
3 5660 5758 5760
3 5660 5760 5662
3 5661 5761 5759
3 5661 5663 5761
3 5662 5760 5762
3 5662 5762 5664
3 5663 5763 5761
3 5663 5665 5763
3 5664 5762 5764
3 5664 5764 5666
3 5665 5765 5763
3 5665 5667 5765
3 5666 5764 5766
3 5666 5766 5668
3 5667 5767 5765
3 5667 5669 5767
3 5668 5766 5768
3 5668 5768 5670
3 5669 5769 5767
3 5669 5671 5769
3 5670 5768 5770
3 5670 5770 5672
3 5671 5771 5769
3 5671 5673 5771
3 5672 5770 5772
3 5672 5772 5674
3 5673 5773 5771
3 5673 5675 5773
3 5674 5772 5774
3 5674 5774 5676
3 5675 5775 5773
3 5675 5677 5775
3 5676 5774 5776
3 5676 5776 5678
3 5677 5777 5775
3 5677 5679 5777
3 5678 5776 5778
3 5678 5778 5680
3 5679 5779 5777
3 5679 5681 5779
3 5778 5681 5680
3 5778 5779 5681
3 5682 5780 5781
3 5682 5781 5683
3 5684 5783 5782
3 5684 5685 5783
3 5682 5782 5780
3 5682 5684 5782
3 5780 5783 5781
3 5780 5782 5783
3 5683 5781 5784
3 5683 5784 5686
3 5685 5785 5783
3 5685 5687 5785
3 5781 5785 5784
3 5781 5783 5785
3 5686 5784 5786
3 5686 5786 5688
3 5687 5787 5785
3 5687 5689 5787
3 5784 5787 5786
3 5784 5785 5787
3 5688 5786 5788
3 5688 5788 5690
3 5689 5789 5787
3 5689 5691 5789
3 5786 5789 5788
3 5786 5787 5789
3 5690 5788 5790
3 5690 5790 5692
3 5691 5791 5789
3 5691 5693 5791
3 5788 5791 5790
3 5788 5789 5791
3 5692 5790 5792
3 5692 5792 5694
3 5693 5793 5791
3 5693 5695 5793
3 5790 5793 5792
3 5790 5791 5793
3 5694 5792 5794
3 5694 5794 5696
3 5695 5795 5793
3 5695 5697 5795
3 5792 5795 5794
3 5792 5793 5795
3 5696 5794 5796
3 5696 5796 5698
3 5697 5797 5795
3 5697 5699 5797
3 5794 5797 5796
3 5794 5795 5797
3 5698 5796 5798
3 5698 5798 5700
3 5699 5799 5797
3 5699 5701 5799
3 5796 5799 5798
3 5796 5797 5799
3 5700 5798 5800
3 5700 5800 5702
3 5701 5801 5799
3 5701 5703 5801
3 5798 5801 5800
3 5798 5799 5801
3 5702 5800 5802
3 5702 5802 5704
3 5703 5803 5801
3 5703 5705 5803
3 5800 5803 5802
3 5800 5801 5803
3 5704 5802 5804
3 5704 5804 5706
3 5705 5805 5803
3 5705 5707 5805
3 5802 5805 5804
3 5802 5803 5805
3 5706 5804 5806
3 5706 5806 5708
3 5707 5807 5805
3 5707 5709 5807
3 5804 5807 5806
3 5804 5805 5807
3 5708 5806 5808
3 5708 5808 5710
3 5709 5809 5807
3 5709 5711 5809
3 5806 5809 5808
3 5806 5807 5809
3 5710 5808 5810
3 5710 5810 5712
3 5711 5811 5809
3 5711 5713 5811
3 5808 5811 5810
3 5808 5809 5811
3 5712 5810 5812
3 5712 5812 5714
3 5713 5813 5811
3 5713 5715 5813
3 5810 5813 5812
3 5810 5811 5813
3 5714 5812 5814
3 5714 5814 5716
3 5715 5815 5813
3 5715 5717 5815
3 5812 5815 5814
3 5812 5813 5815
3 5716 5814 5816
3 5716 5816 5718
3 5717 5817 5815
3 5717 5719 5817
3 5814 5817 5816
3 5814 5815 5817
3 5718 5816 5818
3 5718 5818 5720
3 5719 5819 5817
3 5719 5721 5819
3 5816 5819 5818
3 5816 5817 5819
3 5720 5818 5820
3 5720 5820 5722
3 5721 5821 5819
3 5721 5723 5821
3 5818 5821 5820
3 5818 5819 5821
3 5722 5820 5822
3 5722 5822 5724
3 5723 5823 5821
3 5723 5725 5823
3 5820 5823 5822
3 5820 5821 5823
3 5724 5822 5824
3 5724 5824 5726
3 5725 5825 5823
3 5725 5727 5825
3 5822 5825 5824
3 5822 5823 5825
3 5726 5824 5826
3 5726 5826 5728
3 5727 5827 5825
3 5727 5729 5827
3 5824 5827 5826
3 5824 5825 5827
3 5728 5826 5828
3 5728 5828 5730
3 5729 5829 5827
3 5729 5731 5829
3 5826 5829 5828
3 5826 5827 5829
3 5730 5828 5830
3 5730 5830 5732
3 5731 5831 5829
3 5731 5733 5831
3 5828 5831 5830
3 5828 5829 5831
3 5732 5830 5832
3 5732 5832 5734
3 5733 5833 5831
3 5733 5735 5833
3 5830 5833 5832
3 5830 5831 5833
3 5734 5832 5834
3 5734 5834 5736
3 5735 5835 5833
3 5735 5737 5835
3 5832 5835 5834
3 5832 5833 5835
3 5736 5834 5836
3 5736 5836 5738
3 5737 5837 5835
3 5737 5739 5837
3 5834 5837 5836
3 5834 5835 5837
3 5738 5836 5838
3 5738 5838 5740
3 5739 5839 5837
3 5739 5741 5839
3 5836 5839 5838
3 5836 5837 5839
3 5740 5838 5840
3 5740 5840 5742
3 5741 5841 5839
3 5741 5743 5841
3 5838 5841 5840
3 5838 5839 5841
3 5742 5840 5842
3 5742 5842 5744
3 5743 5843 5841
3 5743 5745 5843
3 5840 5843 5842
3 5840 5841 5843
3 5744 5842 5844
3 5744 5844 5746
3 5745 5845 5843
3 5745 5747 5845
3 5842 5845 5844
3 5842 5843 5845
3 5746 5844 5846
3 5746 5846 5748
3 5747 5847 5845
3 5747 5749 5847
3 5844 5847 5846
3 5844 5845 5847
3 5748 5846 5848
3 5748 5848 5750
3 5749 5849 5847
3 5749 5751 5849
3 5846 5849 5848
3 5846 5847 5849
3 5750 5848 5850
3 5750 5850 5752
3 5751 5851 5849
3 5751 5753 5851
3 5848 5851 5850
3 5848 5849 5851
3 5752 5850 5852
3 5752 5852 5754
3 5753 5853 5851
3 5753 5755 5853
3 5850 5853 5852
3 5850 5851 5853
3 5754 5852 5854
3 5754 5854 5756
3 5755 5855 5853
3 5755 5757 5855
3 5852 5855 5854
3 5852 5853 5855
3 5756 5854 5856
3 5756 5856 5758
3 5757 5857 5855
3 5757 5759 5857
3 5854 5857 5856
3 5854 5855 5857
3 5758 5856 5858
3 5758 5858 5760
3 5759 5859 5857
3 5759 5761 5859
3 5856 5859 5858
3 5856 5857 5859
3 5760 5858 5860
3 5760 5860 5762
3 5761 5861 5859
3 5761 5763 5861
3 5858 5861 5860
3 5858 5859 5861
3 5762 5860 5862
3 5762 5862 5764
3 5763 5863 5861
3 5763 5765 5863
3 5860 5863 5862
3 5860 5861 5863
3 5764 5862 5864
3 5764 5864 5766
3 5765 5865 5863
3 5765 5767 5865
3 5862 5865 5864
3 5862 5863 5865
3 5766 5864 5866
3 5766 5866 5768
3 5767 5867 5865
3 5767 5769 5867
3 5864 5867 5866
3 5864 5865 5867
3 5768 5866 5868
3 5768 5868 5770
3 5769 5869 5867
3 5769 5771 5869
3 5866 5869 5868
3 5866 5867 5869
3 5770 5868 5870
3 5770 5870 5772
3 5771 5871 5869
3 5771 5773 5871
3 5868 5871 5870
3 5868 5869 5871
3 5772 5870 5872
3 5772 5872 5774
3 5773 5873 5871
3 5773 5775 5873
3 5870 5873 5872
3 5870 5871 5873
3 5774 5872 5874
3 5774 5874 5776
3 5775 5875 5873
3 5775 5777 5875
3 5872 5875 5874
3 5872 5873 5875
3 5776 5874 5876
3 5776 5876 5778
3 5777 5877 5875
3 5777 5779 5877
3 5874 5877 5876
3 5874 5875 5877
3 5876 5779 5778
3 5876 5877 5779
CELL_TYPES 11760
5
5
5
5
5
5
5
5
5
5
5
5
5
5
5
5
5
5
5
5
5
5
5
5
5
5
5
5
5
5
5
5
5
5
5
5
5
5
5
5
5
5
5
5
5
5
5
5
5
5
5
5
5
5
5
5
5
5
5
5
5
5
5
5
5
5
5
5
5
5
5
5
5
5
5
5
5
5
5
5
5
5
5
5
5
5
5
5
5
5
5
5
5
5
5
5
5
5
5
5
5
5
5
5
5
5
5
5
5
5
5
5
5
5
5
5
5
5
5
5
5
5
5
5
5
5
5
5
5
5
5
5
5
5
5
5
5
5
5
5
5
5
5
5
5
5
5
5
5
5
5
5
5
5
5
5
5
5
5
5
5
5
5
5
5
5
5
5
5
5
5
5
5
5
5
5
5
5
5
5
5
5
5
5
5
5
5
5
5
5
5
5
5
5
5
5
5
5
5
5
5
5
5
5
5
5
5
5
5
5
5
5
5
5
5
5
5
5
5
5
5
5
5
5
5
5
5
5
5
5
5
5
5
5
5
5
5
5
5
5
5
5
5
5
5
5
5
5
5
5
5
5
5
5
5
5
5
5
5
5
5
5
5
5
5
5
5
5
5
5
5
5
5
5
5
5
5
5
5
5
5
5
5
5
5
5
5
5
5
5
5
5
5
5
5
5
5
5
5
5
5
5
5
5
5
5
5
5
5
5
5
5
5
5
5
5
5
5
5
5
5
5
5
5
5
5
5
5
5
5
5
5
5
5
5
5
5
5
5
5
5
5
5
5
5
5
5
5
5
5
5
5
5
5
5
5
5
5
5
5
5
5
5
5
5
5
5
5
5
5
5
5
5
5
5
5
5
5
5
5
5
5
5
5
5
5
5
5
5
5
5
5
5
5
5
5
5
5
5
5
5
5
5
5
5
5
5
5
5
5
5
5
5
5
5
5
5
5
5
5
5
5
5
5
5
5
5
5
5
5
5
5
5
5
5
5
5
5
5
5
5
5
5
5
5
5
5
5
5
5
5
5
5
5
5
5
5
5
5
5
5
5
5
5
5
5
5
5
5
5
5
5
5
5
5
5
5
5
5
5
5
5
5
5
5
5
5
5
5
5
5
5
5
5
5
5
5
5
5
5
5
5
5
5
5
5
5
5
5
5
5
5
5
5
5
5
5
5
5
5
5
5
5
5
5
5
5
5
5
5
5
5
5
5
5
5
5
5
5
5
5
5
5
5
5
5
5
5
5
5
5
5
5
5
5
5
5
5
5
5
5
5
5
5
5
5
5
5
5
5
5
5
5
5
5
5
5
5
5
5
5
5
5
5
5
5
5
5
5
5
5
5
5
5
5
5
5
5
5
5
5
5
5
5
5
5
5
5
5
5
5
5
5
5
5
5
5
5
5
5
5
5
5
5
5
5
5
5
5
5
5
5
5
5
5
5
5
5
5
5
5
5
5
5
5
5
5
5
5
5
5
5
5
5
5
5
5
5
5
5
5
5
5
5
5
5
5
5
5
5
5
5
5
5
5
5
5
5
5
5
5
5
5
5
5
5
5
5
5
5
5
5
5
5
5
5
5
5
5
5
5
5
5
5
5
5
5
5
5
5
5
5
5
5
5
5
5
5
5
5
5
5
5
5
5
5
5
5
5
5
5
5
5
5
5
5
5
5
5
5
5
5
5
5
5
5
5
5
5
5
5
5
5
5
5
5
5
5
5
5
5
5
5
5
5
5
5
5
5
5
5
5
5
5
5
5
5
5
5
5
5
5
5
5
5
5
5
5
5
5
5
5
5
5
5
5
5
5
5
5
5
5
5
5
5
5
5
5
5
5
5
5
5
5
5
5
5
5
5
5
5
5
5
5
5
5
5
5
5
5
5
5
5
5
5
5
5
5
5
5
5
5
5
5
5
5
5
5
5
5
5
5
5
5
5
5
5
5
5
5
5
5
5
5
5
5
5
5
5
5
5
5
5
5
5
5
5
5
5
5
5
5
5
5
5
5
5
5
5
5
5
5
5
5
5
5
5
5
5
5
5
5
5
5
5
5
5
5
5
5
5
5
5
5
5
5
5
5
5
5
5
5
5
5
5
5
5
5
5
5
5
5
5
5
5
5
5
5
5
5
5
5
5
5
5
5
5
5
5
5
5
5
5
5
5
5
5
5
5
5
5
5
5
5
5
5
5
5
5
5
5
5
5
5
5
5
5
5
5
5
5
5
5
5
5
5
5
5
5
5
5
5
5
5
5
5
5
5
5
5
5
5
5
5
5
5
5
5
5
5
5
5
5
5
5
5
5
5
5
5
5
5
5
5
5
5
5
5
5
5
5
5
5
5
5
5
5
5
5
5
5
5
5
5
5
5
5
5
5
5
5
5
5
5
5
5
5
5
5
5
5
5
5
5
5
5
5
5
5
5
5
5
5
5
5
5
5
5
5
5
5
5
5
5
5
5
5
5
5
5
5
5
5
5
5
5
5
5
5
5
5
5
5
5
5
5
5
5
5
5
5
5
5
5
5
5
5
5
5
5
5
5
5
5
5
5
5
5
5
5
5
5
5
5
5
5
5
5
5
5
5
5
5
5
5
5
5
5
5
5
5
5
5
5
5
5
5
5
5
5
5
5
5
5
5
5
5
5
5
5
5
5
5
5
5
5
5
5
5
5
5
5
5
5
5
5
5
5
5
5
5
5
5
5
5
5
5
5
5
5
5
5
5
5
5
5
5
5
5
5
5
5
5
5
5
5
5
5
5
5
5
5
5
5
5
5
5
5
5
5
5
5
5
5
5
5
5
5
5
5
5
5
5
5
5
5
5
5
5
5
5
5
5
5
5
5
5
5
5
5
5
5
5
5
5
5
5
5
5
5
5
5
5
5
5
5
5
5
5
5
5
5
5
5
5
5
5
5
5
5
5
5
5
5
5
5
5
5
5
5
5
5
5
5
5
5
5
5
5
5
5
5
5
5
5
5
5
5
5
5
5
5
5
5
5
5
5
5
5
5
5
5
5
5
5
5
5
5
5
5
5
5
5
5
5
5
5
5
5
5
5
5
5
5
5
5
5
5
5
5
5
5
5
5
5
5
5
5
5
5
5
5
5
5
5
5
5
5
5
5
5
5
5
5
5
5
5
5
5
5
5
5
5
5
5
5
5
5
5
5
5
5
5
5
5
5
5
5
5
5
5
5
5
5
5
5
5
5
5
5
5
5
5
5
5
5
5
5
5
5
5
5
5
5
5
5
5
5
5
5
5
5
5
5
5
5
5
5
5
5
5
5
5
5
5
5
5
5
5
5
5
5
5
5
5
5
5
5
5
5
5
5
5
5
5
5
5
5
5
5
5
5
5
5
5
5
5
5
5
5
5
5
5
5
5
5
5
5
5
5
5
5
5
5
5
5
5
5
5
5
5
5
5
5
5
5
5
5
5
5
5
5
5
5
5
5
5
5
5
5
5
5
5
5
5
5
5
5
5
5
5
5
5
5
5
5
5
5
5
5
5
5
5
5
5
5
5
5
5
5
5
5
5
5
5
5
5
5
5
5
5
5
5
5
5
5
5
5
5
5
5
5
5
5
5
5
5
5
5
5
5
5
5
5
5
5
5
5
5
5
5
5
5
5
5
5
5
5
5
5
5
5
5
5
5
5
5
5
5
5
5
5
5
5
5
5
5
5
5
5
5
5
5
5
5
5
5
5
5
5
5
5
5
5
5
5
5
5
5
5
5
5
5
5
5
5
5
5
5
5
5
5
5
5
5
5
5
5
5
5
5
5
5
5
5
5
5
5
5
5
5
5
5
5
5
5
5
5
5
5
5
5
5
5
5
5
5
5
5
5
5
5
5
5
5
5
5
5
5
5
5
5
5
5
5
5
5
5
5
5
5
5
5
5
5
5
5
5
5
5
5
5
5
5
5
5
5
5
5
5
5
5
5
5
5
5
5
5
5
5
5
5
5
5
5
5
5
5
5
5
5
5
5
5
5
5
5
5
5
5
5
5
5
5
5
5
5
5
5
5
5
5
5
5
5
5
5
5
5
5
5
5
5
5
5
5
5
5
5
5
5
5
5
5
5
5
5
5
5
5
5
5
5
5
5
5
5
5
5
5
5
5
5
5
5
5
5
5
5
5
5
5
5
5
5
5
5
5
5
5
5
5
5
5
5
5
5
5
5
5
5
5
5
5
5
5
5
5
5
5
5
5
5
5
5
5
5
5
5
5
5
5
5
5
5
5
5
5
5
5
5
5
5
5
5
5
5
5
5
5
5
5
5
5
5
5
5
5
5
5
5
5
5
5
5
5
5
5
5
5
5
5
5
5
5
5
5
5
5
5
5
5
5
5
5
5
5
5
5
5
5
5
5
5
5
5
5
5
5
5
5
5
5
5
5
5
5
5
5
5
5
5
5
5
5
5
5
5
5
5
5
5
5
5
5
5
5
5
5
5
5
5
5
5
5
5
5
5
5
5
5
5
5
5
5
5
5
5
5
5
5
5
5
5
5
5
5
5
5
5
5
5
5
5
5
5
5
5
5
5
5
5
5
5
5
5
5
5
5
5
5
5
5
5
5
5
5
5
5
5
5
5
5
5
5
5
5
5
5
5
5
5
5
5
5
5
5
5
5
5
5
5
5
5
5
5
5
5
5
5
5
5
5
5
5
5
5
5
5
5
5
5
5
5
5
5
5
5
5
5
5
5
5
5
5
5
5
5
5
5
5
5
5
5
5
5
5
5
5
5
5
5
5
5
5
5
5
5
5
5
5
5
5
5
5
5
5
5
5
5
5
5
5
5
5
5
5
5
5
5
5
5
5
5
5
5
5
5
5
5
5
5
5
5
5
5
5
5
5
5
5
5
5
5
5
5
5
5
5
5
5
5
5
5
5
5
5
5
5
5
5
5
5
5
5
5
5
5
5
5
5
5
5
5
5
5
5
5
5
5
5
5
5
5
5
5
5
5
5
5
5
5
5
5
5
5
5
5
5
5
5
5
5
5
5
5
5
5
5
5
5
5
5
5
5
5
5
5
5
5
5
5
5
5
5
5
5
5
5
5
5
5
5
5
5
5
5
5
5
5
5
5
5
5
5
5
5
5
5
5
5
5
5
5
5
5
5
5
5
5
5
5
5
5
5
5
5
5
5
5
5
5
5
5
5
5
5
5
5
5
5
5
5
5
5
5
5
5
5
5
5
5
5
5
5
5
5
5
5
5
5
5
5
5
5
5
5
5
5
5
5
5
5
5
5
5
5
5
5
5
5
5
5
5
5
5
5
5
5
5
5
5
5
5
5
5
5
5
5
5
5
5
5
5
5
5
5
5
5
5
5
5
5
5
5
5
5
5
5
5
5
5
5
5
5
5
5
5
5
5
5
5
5
5
5
5
5
5
5
5
5
5
5
5
5
5
5
5
5
5
5
5
5
5
5
5
5
5
5
5
5
5
5
5
5
5
5
5
5
5
5
5
5
5
5
5
5
5
5
5
5
5
5
5
5
5
5
5
5
5
5
5
5
5
5
5
5
5
5
5
5
5
5
5
5
5
5
5
5
5
5
5
5
5
5
5
5
5
5
5
5
5
5
5
5
5
5
5
5
5
5
5
5
5
5
5
5
5
5
5
5
5
5
5
5
5
5
5
5
5
5
5
5
5
5
5
5
5
5
5
5
5
5
5
5
5
5
5
5
5
5
5
5
5
5
5
5
5
5
5
5
5
5
5
5
5
5
5
5
5
5
5
5
5
5
5
5
5
5
5
5
5
5
5
5
5
5
5
5
5
5
5
5
5
5
5
5
5
5
5
5
5
5
5
5
5
5
5
5
5
5
5
5
5
5
5
5
5
5
5
5
5
5
5
5
5
5
5
5
5
5
5
5
5
5
5
5
5
5
5
5
5
5
5
5
5
5
5
5
5
5
5
5
5
5
5
5
5
5
5
5
5
5
5
5
5
5
5
5
5
5
5
5
5
5
5
5
5
5
5
5
5
5
5
5
5
5
5
5
5
5
5
5
5
5
5
5
5
5
5
5
5
5
5
5
5
5
5
5
5
5
5
5
5
5
5
5
5
5
5
5
5
5
5
5
5
5
5
5
5
5
5
5
5
5
5
5
5
5
5
5
5
5
5
5
5
5
5
5
5
5
5
5
5
5
5
5
5
5
5
5
5
5
5
5
5
5
5
5
5
5
5
5
5
5
5
5
5
5
5
5
5
5
5
5
5
5
5
5
5
5
5
5
5
5
5
5
5
5
5
5
5
5
5
5
5
5
5
5
5
5
5
5
5
5
5
5
5
5
5
5
5
5
5
5
5
5
5
5
5
5
5
5
5
5
5
5
5
5
5
5
5
5
5
5
5
5
5
5
5
5
5
5
5
5
5
5
5
5
5
5
5
5
5
5
5
5
5
5
5
5
5
5
5
5
5
5
5
5
5
5
5
5
5
5
5
5
5
5
5
5
5
5
5
5
5
5
5
5
5
5
5
5
5
5
5
5
5
5
5
5
5
5
5
5
5
5
5
5
5
5
5
5
5
5
5
5
5
5
5
5
5
5
5
5
5
5
5
5
5
5
5
5
5
5
5
5
5
5
5
5
5
5
5
5
5
5
5
5
5
5
5
5
5
5
5
5
5
5
5
5
5
5
5
5
5
5
5
5
5
5
5
5
5
5
5
5
5
5
5
5
5
5
5
5
5
5
5
5
5
5
5
5
5
5
5
5
5
5
5
5
5
5
5
5
5
5
5
5
5
5
5
5
5
5
5
5
5
5
5
5
5
5
5
5
5
5
5
5
5
5
5
5
5
5
5
5
5
5
5
5
5
5
5
5
5
5
5
5
5
5
5
5
5
5
5
5
5
5
5
5
5
5
5
5
5
5
5
5
5
5
5
5
5
5
5
5
5
5
5
5
5
5
5
5
5
5
5
5
5
5
5
5
5
5
5
5
5
5
5
5
5
5
5
5
5
5
5
5
5
5
5
5
5
5
5
5
5
5
5
5
5
5
5
5
5
5
5
5
5
5
5
5
5
5
5
5
5
5
5
5
5
5
5
5
5
5
5
5
5
5
5
5
5
5
5
5
5
5
5
5
5
5
5
5
5
5
5
5
5
5
5
5
5
5
5
5
5
5
5
5
5
5
5
5
5
5
5
5
5
5
5
5
5
5
5
5
5
5
5
5
5
5
5
5
5
5
5
5
5
5
5
5
5
5
5
5
5
5
5
5
5
5
5
5
5
5
5
5
5
5
5
5
5
5
5
5
5
5
5
5
5
5
5
5
5
5
5
5
5
5
5
5
5
5
5
5
5
5
5
5
5
5
5
5
5
5
5
5
5
5
5
5
5
5
5
5
5
5
5
5
5
5
5
5
5
5
5
5
5
5
5
5
5
5
5
5
5
5
5
5
5
5
5
5
5
5
5
5
5
5
5
5
5
5
5
5
5
5
5
5
5
5
5
5
5
5
5
5
5
5
5
5
5
5
5
5
5
5
5
5
5
5
5
5
5
5
5
5
5
5
5
5
5
5
5
5
5
5
5
5
5
5
5
5
5
5
5
5
5
5
5
5
5
5
5
5
5
5
5
5
5
5
5
5
5
5
5
5
5
5
5
5
5
5
5
5
5
5
5
5
5
5
5
5
5
5
5
5
5
5
5
5
5
5
5
5
5
5
5
5
5
5
5
5
5
5
5
5
5
5
5
5
5
5
5
5
5
5
5
5
5
5
5
5
5
5
5
5
5
5
5
5
5
5
5
5
5
5
5
5
5
5
5
5
5
5
5
5
5
5
5
5
5
5
5
5
5
5
5
5
5
5
5
5
5
5
5
5
5
5
5
5
5
5
5
5
5
5
5
5
5
5
5
5
5
5
5
5
5
5
5
5
5
5
5
5
5
5
5
5
5
5
5
5
5
5
5
5
5
5
5
5
5
5
5
5
5
5
5
5
5
5
5
5
5
5
5
5
5
5
5
5
5
5
5
5
5
5
5
5
5
5
5
5
5
5
5
5
5
5
5
5
5
5
5
5
5
5
5
5
5
5
5
5
5
5
5
5
5
5
5
5
5
5
5
5
5
5
5
5
5
5
5
5
5
5
5
5
5
5
5
5
5
5
5
5
5
5
5
5
5
5
5
5
5
5
5
5
5
5
5
5
5
5
5
5
5
5
5
5
5
5
5
5
5
5
5
5
5
5
5
5
5
5
5
5
5
5
5
5
5
5
5
5
5
5
5
5
5
5
5
5
5
5
5
5
5
5
5
5
5
5
5
5
5
5
5
5
5
5
5
5
5
5
5
5
5
5
5
5
5
5
5
5
5
5
5
5
5
5
5
5
5
5
5
5
5
5
5
5
5
5
5
5
5
5
5
5
5
5
5
5
5
5
5
5
5
5
5
5
5
5
5
5
5
5
5
5
5
5
5
5
5
5
5
5
5
5
5
5
5
5
5
5
5
5
5
5
5
5
5
5
5
5
5
5
5
5
5
5
5
5
5
5
5
5
5
5
5
5
5
5
5
5
5
5
5
5
5
5
5
5
5
5
5
5
5
5
5
5
5
5
5
5
5
5
5
5
5
5
5
5
5
5
5
5
5
5
5
5
5
5
5
5
5
5
5
5
5
5
5
5
5
5
5
5
5
5
5
5
5
5
5
5
5
5
5
5
5
5
5
5
5
5
5
5
5
5
5
5
5
5
5
5
5
5
5
5
5
5
5
5
5
5
5
5
5
5
5
5
5
5
5
5
5
5
5
5
5
5
5
5
5
5
5
5
5
5
5
5
5
5
5
5
5
5
5
5
5
5
5
5
5
5
5
5
5
5
5
5
5
5
5
5
5
5
5
5
5
5
5
5
5
5
5
5
5
5
5
5
5
5
5
5
5
5
5
5
5
5
5
5
5
5
5
5
5
5
5
5
5
5
5
5
5
5
5
5
5
5
5
5
5
5
5
5
5
5
5
5
5
5
5
5
5
5
5
5
5
5
5
5
5
5
5
5
5
5
5
5
5
5
5
5
5
5
5
5
5
5
5
5
5
5
5
5
5
5
5
5
5
5
5
5
5
5
5
5
5
5
5
5
5
5
5
5
5
5
5
5
5
5
5
5
5
5
5
5
5
5
5
5
5
5
5
5
5
5
5
5
5
5
5
5
5
5
5
5
5
5
5
5
5
5
5
5
5
5
5
5
5
5
5
5
5
5
5
5
5
5
5
5
5
5
5
5
5
5
5
5
5
5
5
5
5
5
5
5
5
5
5
5
5
5
5
5
5
5
5
5
5
5
5
5
5
5
5
5
5
5
5
5
5
5
5
5
5
5
5
5
5
5
5
5
5
5
5
5
5
5
5
5
5
5
5
5
5
5
5
5
5
5
5
5
5
5
5
5
5
5
5
5
5
5
5
5
5
5
5
5
5
5
5
5
5
5
5
5
5
5
5
5
5
5
5
5
5
5
5
5
5
5
5
5
5
5
5
5
5
5
5
5
5
5
5
5
5
5
5
5
5
5
5
5
5
5
5
5
5
5
5
5
5
5
5
5
5
5
5
5
5
5
5
5
5
5
5
5
5
5
5
5
5
5
5
5
5
5
5
5
5
5
5
5
5
5
5
5
5
5
5
5
5
5
5
5
5
5
5
5
5
5
5
5
5
5
5
5
5
5
5
5
5
5
5
5
5
5
5
5
5
5
5
5
5
5
5
5
5
5
5
5
5
5
5
5
5
5
5
5
5
5
5
5
5
5
5
5
5
5
5
5
5
5
5
5
5
5
5
5
5
5
5
5
5
5
5
5
5
5
5
5
5
5
5
5
5
5
5
5
5
5
5
5
5
5
5
5
5
5
5
5
5
5
5
5
5
5
5
5
5
5
5
5
5
5
5
5
5
5
5
5
5
5
5
5
5
5
5
5
5
5
5
5
5
5
5
5
5
5
5
5
5
5
5
5
5
5
5
5
5
5
5
5
5
5
5
5
5
5
5
5
5
5
5
5
5
5
5
5
5
5
5
5
5
5
5
5
5
5
5
5
5
5
5
5
5
5
5
5
5
5
5
5
5
5
5
5
5
5
5
5
5
5
5
5
5
5
5
5
5
5
5
5
5
5
5
5
5
5
5
5
5
5
5
5
5
5
5
5
5
5
5
5
5
5
5
5
5
5
5
5
5
5
5
5
5
5
5
5
5
5
5
5
5
5
5
5
5
5
5
5
5
5
5
5
5
5
5
5
5
5
5
5
5
5
5
5
5
5
5
5
5
5
5
5
5
5
5
5
5
5
5
5
5
5
5
5
5
5
5
5
5
5
5
5
5
5
5
5
5
5
5
5
5
5
5
5
5
5
5
5
5
5
5
5
5
5
5
5
5
5
5
5
5
5
5
5
5
5
5
5
5
5
5
5
5
5
5
5
5
5
5
5
5
5
5
5
5
5
5
5
5
5
5
5
5
5
5
5
5
5
5
5
5
5
5
5
5
5
5
5
5
5
5
5
5
5
5
5
5
5
5
5
5
5
5
5
5
5
5
5
5
5
5
5
5
5
5
5
5
5
5
5
5
5
5
5
5
5
5
5
5
5
5
5
5
5
5
5
5
5
5
5
5
5
5
5
5
5
5
5
5
5
5
5
5
5
5
5
5
5
5
5
5
5
5
5
5
5
5
5
5
5
5
5
5
5
5
5
5
5
5
5
5
5
5
5
5
5
5
5
5
5
5
5
5
5
5
5
5
5
5
5
5
5
5
5
5
5
5
5
5
5
5
5
5
5
5
5
5
5
5
5
5
5
5
5
5
5
5
5
5
5
5
5
5
5
5
5
5
5
5
5
5
5
5
5
5
5
5
5
5
5
5
5
5
5
5
5
5
5
5
5
5
5
5
5
5
5
5
5
5
5
5
5
5
5
5
5
5
5
5
5
5
5
5
5
5
5
5
5
5
5
5
5
5
5
5
5
5
5
5
5
5
5
5
5
5
5
5
5
5
5
5
5
5
5
5
5
5
5
5
5
5
5
5
5
5
5
5
5
5
5
5
5
5
5
5
5
5
5
5
5
5
5
5
5
5
5
5
5
5
5
5
5
5
5
5
5
5
5
5
5
5
5
5
5
5
5
5
5
5
5
5
5
5
5
5
5
5
5
5
5
5
5
5
5
5
5
5
5
5
5
5
5
5
5
5
5
5
5
5
5
5
5
5
5
5
5
5
5
5
5
5
5
5
5
5
5
5
5
5
5
5
5
5
5
5
5
5
5
5
5
5
5
5
5
5
5
5
5
5
5
5
5
5
5
5
5
5
5
5
5
5
5
5
5
5
5
5
5
5
5
5
5
5
5
5
5
5
5
5
5
5
5
5
5
5
5
5
5
5
5
5
5
5
5
5
5
5
5
5
5
5
5
5
5
5
5
5
5
5
5
5
5
5
5
5
5
5
5
5
5
5
5
5
5
5
5
5
5
5
5
5
5
5
5
5
5
5
5
5
5
5
5
5
5
5
5
5
5
5
5
5
5
5
5
5
5
5
5
5
5
5
5
5
5
5
5
5
5
5
5
5
5
5
5
5
5
5
5
5
5
5
5
5
5
5
5
5
5
5
5
5
5
5
5
5
5
5
5
5
5
5
5
5
5
5
5
5
5
5
5
5
5
5
5
5
5
5
5
5
5
5
5
5
5
5
5
5
5
5
5
5
5
5
5
5
5
5
5
5
5
5
5
5
5
5
5
5
5
5
5
5
5
5
5
5
5
5
5
5
5
5
5
5
5
5
5
5
5
5
5
5
5
5
5
5
5
5
5
5
5
5
5
5
5
5
5
5
5
5
5
5
5
5
5
5
5
5
5
5
5
5
5
5
5
5
5
5
5
5
5
5
5
5
5
5
5
5
5
5
5
5
5
5
5
5
5
5
5
5
5
5
5
5
5
5
5
5
5
5
5
5
5
5
5
5
5
5
5
5
5
5
5
5
5
5
5
5
5
5
5
5
5
5
5
5
5
5
5
5
5
5
5
5
5
5
5
5
5
5
5
5
5
5
5
5
5
5
5
5
5
5
5
5
5
5
5
5
5
5
5
5
5
5
5
5
5
5
5
5
5
5
5
5
5
5
5
5
5
5
5
5
5
5
5
5
5
5
5
5
5
5
5
5
5
5
5
5
5
5
5
5
5
5
5
5
5
5
5
5
5
5
5
5
5
5
5
5
5
5
5
5
5
5
5
5
5
5
5
5
5
5
5
5
5
5
5
5
5
5
5
5
5
5
5
5
5
5
5
5
5
5
5
5
5
5
5
5
5
5
5
5
5
5
5
5
5
5
5
5
5
5
5
5
5
5
5
5
5
5
5
5
5
5
5
5
5
5
5
5
5
5
5
5
5
5
5
5
5
5
5
5
5
5
5
5
5
5
5
5
5
5
5
5
5
5
5
5
5
5
5
5
5
5
5
5
5
5
5
5
5
5
5
5
5
5
5
5
5
5
5
5
5
5
5
5
5
5
5
5
5
5
5
5
5
5
5
5
5
5
5
5
5
5
5
5
5
5
5
5
5
5
5
5
5
5
5
5
5
5
5
5
5
5
5
5
5
5
5
5
5
5
5
5
5
5
5
5
5
5
5
5
5
5
5
5
5
5
5
5
5
5
5
5
5
5
5
5
5
5
5
5
5
5
5
5
5
5
5
5
5
5
5
5
5
5
5
5
5
5
5
5
5
5
5
5
5
5
5
5
5
5
5
5
5
5
5
5
5
5
5
5
5
5
5
5
5
5
5
5
5
5
5
5
5
5
5
5
5
5
5
5
5
5
5
5
5
5
5
5
5
5
5
5
5
5
5
5
5
5
5
5
5
5
5
5
5
5
5
5
5
5
5
5
5
5
5
5
5
5
5
5
5
5
5
5
5
5
5
5
5
5
5
5
5
5
5
5
5
5
5
5
5
5
5
5
5
5
5
5
5
5
5
5
5
5
5
5
5
5
5
5
5
5
5
5
5
5
5
5
5
5
5
5
5
5
5
5
5
5
5
5
5
5
5
5
5
5
5
5
5
5
5
5
5
5
5
5
5
5
5
5
5
5
5
5
5
5
5
5
5
5
5
5
5
5
5
5
5
5
5
5
5
5
5
5
5
5
5
5
5
5
5
5
5
5
5
5
5
5
5
5
5
5
5
5
5
5
5
5
5
5
5
5
5
5
5
5
5
5
5
5
5
5
5
5
5
5
5
5
5
5
5
5
5
5
5
5
5
5
5
5
5
5
5
5
5
5
5
5
5
5
5
5
5
5
5
5
5
5
5
5
5
5
5
5
5
5
5
5
5
5
5
5
5
5
5
5
5
5
5
5
5
5
5
5
5
5
5
5
5
5
5
5
5
5
5
5
5
5
5
5
5
5
5
5
5
5
5
5
5
5
5
5
5
5
5
5
5
5
5
5
5
5
5
5
5
5
5
5
5
5
5
5
5
5
5
5
5
5
5
5
5
5
5
5
5
5
5
5
5
5
5
5
5
5
5
5
5
5
5
5
5
5
5
5
5
5
5
5
5
5
5
5
5
5
5
5
5
5
5
5
5
5
5
5
5
5
5
5
5
5
5
5
5
5
5
5
5
5
5
5
5
5
5
5
5
5
5
5
5
5
5
5
5
5
5
5
5
5
5
5
5
5
5
5
5
5
5
5
5
5
5
5
5
5
5
5
5
5
5
5
5
5
5
5
5
5
5
5
5
5
5
5
5
5
5
5
5
5
5
5
5
5
5
5
5
5
5
5
5
5
5
5
5
5
5
5
5
5
5
5
5
5
5
5
5
5
5
5
5
5
5
5
5
5
5
5
5
5
5
5
5
5
5
5
5
5
5
5
5
5
5
5
5
5
5
5
5
5
5
5
5
5
5
5
5
5
5
5
5
5
5
5
5
5
5
5
5
5
5
5
5
5
5
5
5
5
5
5
5
5
5
5
5
5
5
5
5
5
5
5
5
5
5
5
5
5
5
5
5
5
5
5
5
5
5
5
5
5
5
5
5
5
5
5
5
5
5
5
5
5
5
5
5
5
5
5
5
5
5
5
5
5
5
5
5
5
5
5
5
5
5
5
5
5
5
5
5
5
5
5
5
5
5
5
5
5
5
5
5
5
5
5
5
5
5
5
5
5
5
5
5
5
5
5
5
5
5
5
5
5
5
5
5
5
5
5
5
5
5
5
5
5
5
5
5
5
5
5
5
5
5
5
5
5
5
5
5
5
5
5
5
5
5
5
5
5
5
5
5
5
5
5
5
5
5
5
5
5
5
5
5
5
5
5
5
5
5
5
5
5
5
5
5
5
5
5
5
5
5
5
5
5
5
5
5
5
5
5
5
5
5
5
5
5
5
5
5
5
5
5
5
5
5
5
5
5
5
5
5
5
5
5
5
5
5
5
5
5
5
5
5
5
5
5
5
5
5
5
5
5
5
5
5
5
5
5
5
5
5
5
5
5
5
5
5
5
5
5
5
5
5
5
5
5
5
5
5
5
5
5
5
5
5
5
5
5
5
5
5
5
5
5
5
5
5
5
5
5
5
5
5
5
5
5
5
5
5
5
5
5
5
5
5
5
5
5
5
5
5
5
5
5
5
5
5
5
5
5
5
5
5
5
5
5
5
5
5
5
5
5
5
5
5
5
5
5
5
5
5
5
5
5
5
5
5
5
5
5
5
5
5
5
5
5
5
5
5
5
5
5
5
5
5
5
5
5
5
5
5
5
5
5
5
5
5
5
5
5
5
5
5
5
5
5
5
5
5
5
5
5
5
5
5
5
5
5
5
5
5
5
5
5
5
5
5
5
5
5
5
5
5
5
5
5
5
5
5
5
5
5
5
5
5
5
5
5
5
5
5
5
5
5
5
5
5
5
5
5
5
5
5
5
5
5
5
5
5
5
5
5
5
5
5
5
5
5
5
5
5
5
5
5
5
5
5
5
5
5
5
5
5
5
5
5
5
5
5
5
5
5
5
5
5
5
5
5
5
5
5
5
5
5
5
5
5
5
5
5
5
5
5
5
5
5
5
5
5
5
5
5
5
5
5
5
5
5
5
5
5
5
5
5
5
5
5
5
5
5
5
5
5
5
5
5
5
5
5
5
5
5
5
5
5
5
5
5
5
5
5
5
5
5
5
5
5
5
5
5
5
5
5
5
5
5
5
5
5
5
5
5
5
5
5
5
5
5
5
5
5
5
5
5
5
5
5
5
5
5
5
5
5
5
5
5
5
5
5
5
5
5
5
5
5
5
5
5
5
5
5
5
5
5
5
5
5
5
5
5
5
5
5
5
5
5
5
5
5
5
5
5
5
5
5
5
5
5
5
5
5
5
5
5
5
5
5
5
5
5
5
5
5
5
5
5
5
5
5
5
5
5
5
5
5
5
5
5
5
5
5
5
5
5
5
5
5
5
5
5
5
5
5
5
5
5
5
5
5
5
5
5
5
5
5
5
5
5
5
5
5
5
5
5
5
5
5
5
5
5
5
5
5
5
5
5
5
5
5
5
5
5
5
5
5
5
5
5
5
5
5
5
5
5
5
5
5
5
5
5
5
5
5
5
5
5
5
5
5
5
5
5
5
5
5
5
5
5
5
5
5
5
5
5
5
5
5
5
5
5
5
5
5
5
5
5
5
5
5
5
5
5
5
5
5
5
5
5
5
5
5
5
5
5
5
5
5
5
5
5
5
5
5
5
5
5
5
5
5
5
5
5
5
5
5
5
5
5
5
5
5
5
5
5
5
5
5
5
5
5
5
5
5
5
5
5
5
5
5
5
5
5
5
5
5
5
5
5
5
5
5
5
5
5
5
5
5
5
5
5
5
5
5
5
5
5
5
5
5
5
5
5
5
5
5
5
5
5
5
5
5
5
5
5
5
5
5
5
5
5
5
5
5
5
5
5
5
5
5
5
5
5
5
5
5
5
5
5
5
5
5
5
5
5
5
5
5
5
5
5
5
5
5
5
5
5
5
5
5
5
5
5
5
5
5
5
5
5
5
5
5
5
5
5
5
5
5
5
5
5
5
5
5
5
5
5
5
5
5
5
5
5
5
5
5
5
5
5
5
5
5
5
5
5
5
5
5
5
5
5
5
5
5
5
5
5
5
5
5
5
5
5
5
5
5
5
5
5
5
5
5
5
5
5
5
5
5
5
5
5
5
5
5
5
5
5
5
5
5
5
5
5
5
5
5
5
5
5
5
5
5
5
5
5
5
5
5
5
5
5
5
5
5
5
5
5
5
5
5
5
5
5
5
5
5
5
5
5
5
5
5
5
5
5
5
5
5
5
5
5
5
5
5
5
5
5
5
5
5
5
5
5
5
5
5
5
5
5
5
5
5
5
5
5
5
5
5
5
5
5
5
5
5
5
5
5
5
5
5
5
5
5
5
5
5
5
5
5
5
5
5
5
5
5
5
5
5
5
5
5
5
5
5
5
5
5
5
5
5
5
5
5
5
5
5
5
5
5
5
5
5
5
5
5
5
5
5
5
5
5
5
5
5
5
5
5
5
5
5
5
5
5
5
5
5
5
5
5
5
5
5
5
5
5
5
5
5
5
5
5
5
5
5
5
5
5
5
5
5
5
5
5
5
5
5
5
5
5
5
5
5
5
5
5
5
5
5
5
5
5
5
5
5
5
5
5
5
5
5
5
5
5
5
5
5
5
5
5
5
5
5
5
5
5
5
5
5
5
5
5
5
5
5
5
5
5
5
5
5
5
5
5
5
5
5
5
5
5
5
5
5
5
5
5
5
5
5
5
5
5
5
5
5
5
5
5
5
5
5
5
5
5
5
5
5
5
5
5
5
5
5
5
5
5
5
5
5
5
5
5
5
5
5
5
5
5
5
5
5
5
5
5
5
5
5
5
5
5
5
5
5
5
5
5
5
5
5
5
5
5
5
5
5
5
5
5
5
5
5
5
5
5
5
5
5
5
5
5
5
5
5
5
5
5
5
5
5
5
5
5
5
5
5
5
5
5
5
5
5
5
5
5
5
5
5
5
5
5
5
5
5
5
5
5
5
5
5
5
5
5
5
5
5
5
5
5
5
5
5
5
5
5
5
5
5
5
5
5
5
5
5
5
5
5
5
5
5
5
5
5
5
5
5
5
5
5
5
5
5
5
5
5
5
5
5
5
5
5
5
5
5
5
5
5
5
5
5
5
5
5
5
5
5
5
5
5
5
5
5
5
5
5
5
5
5
5
5
5
5
5
5
5
5
5
5
5
5
5
5
5
5
5
5
5
5
5
5
5
5
5
5
5
5
5
5
5
5
5
5
5
5
5
5
5
5
5
5
5
5
5
5
5
5
5
5
5
5
5
5
5
5
5
5
5
5
5
5
5
5
5
5
5
5
5
5
5
5
5
5
5
5
5
5
5
5
5
5
5
5
5
5
5
5
5
5
5
5
5
5
5
5
5
5
5
5
5
5
5
5
5
5
5
5
5
5
5
5
5
5
5
5
5
5
5
5
5
5
5
5
5
5
5
5
5
5
5
5
5
5
5
5
5
5
5
5
5
5
5
5
5
5
5
5
5
5
5
5
5
5
5
5
5
5
5
5
5
5
5
5
5
5
5
5
5
5
5
5
5
5
5
5
5
5
5
5
5
5
5
5
5
5
5
5
5
5
5
5
5
5
5
5
5
5
5
5
5
5
5
5
5
5
5
5
5
5
5
5
5
5
5
5
5
5
5
5
5
5
5
5
5
5
5
5
5
5
5
5
5
5
5
5
5
5
5
5
5
5
5
5
5
5
5
5
5
5
5
5
5
5
5
5
5
5
5
5
5
5
5
5
5
5
5
5
5
5
5
5
5
5
5
5
5
5
5
5
5
5
5
5
5
5
5
5
5
5
5
5
5
5
5
5
5
5
5
5
5
5
5
5
5
5
5
5
5
5
5
5
5
5
5
5
5
5
5
5
5
5
5
5
5
5
5
5
5
5
5
5
5
5
5
5
5
5
5
5
5
5
5
5
5
5
5
5
5
5
5
5
5
5
5
5
5
5
5
5
5
5
5
5
5
5
5
5
5
5
5
5
5
5
5
5
5
5
5
5
5
5
5
5
5
5
5
5
5
5
5
5
5
5
5
5
5
5
5
5
5
5
5
5
5
5
5
5
5
5
5
5
5
5
5
5
5
5
5
5
5
5
5
5
5
5
5
5
5
5
5
5
5
5
5
5
5
5
5
5
5
5
5
5
5
5
5
5
5
5
5
5
5
5
5
5
5
5
5
5
5
5
5
5
5
5
5
5
5
5
5
5
5
5
5
5
5
5
5
5
5
5
5
5
5
5
5
5
5
5
5
5
5
5
5
5
5
5
5
5
5
5
5
5
5
5
5
5
5
5
5
5
5
5
5
5
5
5
5
5
5
5
5
5
5
5
5
5
5
5
5
5
5
5
5
5
5
5
5
5
5
5
5
5
5
5
5
5
5
5
5
5
5
5
5
5
5
5
5
5
5
5
5
5
5
5
5
5
5
5
5
5
5
5
5
5
5
5
5
5
5
5
5
5
5
5
5
5
5
5
5
5
5
5
5
5
5
5
5
5
5
5
5
5
5
5
5
5
5
5
5
5
5
5
5
5
5
5
5
5
5
5
5
5
5
5
5
5
5
5
5
5
5
5
5
5
5
5
5
5
5
5
5
5
5
5
5
5
5
5
5
5
5
5
5
5
5
5
5
5
5
5
5
5
5
5
5
5
5
5
5
5
5
5
5
5
5
5
5
5
5
5
5
5
5
5
5
5
5
5
5
5
5
5
5
5
5
5
5
5
5
5
5
5
5
5
5
5
5
5
5
5
5
5
5
5
5
5
5
5
5
5
5
5
5
5
5
5
5
5
5
5
5
5
5
5
5
5
5
5
5
5
5
5
5
5
5
5
5
5
5
5
5
5
5
5
5
5
5
5
5
5
5
5
5
5
5
5
5
5
5
5
5
5
5
5
5
5
5
5
5
5
5
5
5
5
5
5
5
5
5
5
5
5
5
5
5
5
5
5
5
5
5
5
5
5
5
5
5
5
5
5
5
5
5
5
5
5
5
5
5
5
5
5
5
5
5
5
5
5
5
5
5
5
5
5
5
5
5
5
5
5
5
5
5
5
5
5
5
5
5
5
5
5
5
5
5
5
5
5
5
5
5
5
5
5
5
5
5
5
5
5
5
5
5
5
5
5
5
5
5
5
5
5
5
5
5
5
5
5
5
5
5
5
5
5
5
5
5
5
5
5
5
5
5
5
5
5
5
5
5
5
5
5
5
5
5
5
5
5
5
5
5
5
5
5
5
5
5
5
5
5
5
5
5
5
5
5
5
5
5
5
5
5
5
5
5
5
5
5
5
5
5
5
5
5
5
5
5
5
5
5
5
5
5
5
5
5
5
5
5
5
5
5
5
5
5
5
5
5
5
5
5
5
5
5
5
5
5
5
5
5
5
5
5
5
5
5
5
5
5
5
5
5
5
5
5
5
5
5
5
5
5
5
5
5
5
5
5
5
5
5
5
5
5
5
5
5
5
5
5
5
5
5
5
5
5
5
5
5
5
5
5
5
5
5
5
5
5
5
5
5
5
5
5
5
5
5
5
5
5
5
5
5
5
5
5
5
5
5
5
5
5
5
5
5
5
5
5
5
5
5
5
5
5
5
5
5
5
5
5
5
5
5
5
5
5
5
5
5
5
5
5
5
5
5
5
5
5
5
5
5
5
5
5
5
5
5
5
5
5
5
5
5
5
5
5
5
5
5
5
5
5
5
5
5
5
5
5
5
5
5
5
5
5
5
5
5
5
5
5
5
5
5
5
5
5
5
5
5
5
5
5
5
5
5
5
5
5
5
5
5
5
5
5
5
5
5
5
5
5
5
5
5
5
5
5
5
5
5
5
5
5
5
5
5
5
5
5
5
5
5
5
5
5
5
5
5
5
5
5
5
5
5
5
5
5
5
5
5
5
5
5
5
5
5
5
5
5
5
5
5
5
5
5
5
5
5
5
5
5
5
5
5
5
5
5
5
5
5
5
5
5
5
5
5
5
5
5
5
5
5
5
5
5
5
5
5
5
5
5
5
5
5
5
5
5
5
5
5
5
5
5
5
5
5
5
5
5
5
5
5
5
5
5
5
5
5
5
5
5
5
5
5
5
5
5
5
5
5
5
5
5
5
5
5
5
5
5
5
5
5
5
5
5
5
5
5
5
5
5
5
5
5
5
5
5
5
5
5
5
5
5
5
5
5
5
5
5
5
5
5
5
5
5
5
5
5
5
5
5
5
5
5
5
5
5
5
5
5
5
5
5
5
5
5
5
5
5
5
5
5
5
5
5
5
5
5
5
5
5
5
5
5
5
5
5
5
5
5
5
5
5
5
5
5
5
5
5
5
5
5
5
5
5
5
5
5
5
5
5
5
5
5
5
5
5
5
5
5
5
5
5
5
5
5
5
5
5
5
5
5
5
5
5
5
5
5
5
5
5
5
5
5
5
5
5
5
5
5
5
5
5
5
5
5
5
5
5
5
5
5
5
5
5
5
5
5
5
5
5
5
5
5
5
5
5
5
5
5
5
5
5
5
5
5
5
5
5
5
5
5
5
5
5
5
5
5
5
5
5
5
5
5
5
5
5
5
5
5
5
5
5
5
5
5
5
5
5
5
5
5
5
5
5
5
5
5
5
5
5
5
5
5
5
5
5
5
5
5
5
5
5
5
5
5
5
5
5
5
5
5
5
5
5
5
5
5
5
5
5
5
5
5
5
5
5
5
5
5
5
5
5
5
5
5
5
5
5
5
5
5
5
5
5
5
5
5
5
5
5
5
5
5
5
5
5
5
5
5
5
5
5
5
5
5
5
5
5
5
5
5
5
5
5
5
5
5
5
5
5
5
5
5
5
5
5
5
5
5
5
5
5
5
5
5
5
5
5
5
5
5
5
5
5
5
5
5
5
5
5
5
5
5
5
5
5
5
5
5
5
5
5
5
5
5
5
5
5
5
5
5
5
5
5
5
5
5
5
5
5
5
5
5
5
5
5
5
5
5
5
5
5
5
5
5
5
5
5
5
5
5
5
5
5
5
5
5
5
5
5
5
5
5
5
5
5
5
5
5
5
5
5
5
5
5
5
5
5
5
5
5
5
5
5
5
5
5
5
5
5
5
5
5
5
5
5
5
5
5
5
5
5
5
5
5
5
5
5
5
5
5
5
5
5
5
5
5
5
5
5
5
5
5
5
5
5
5
5
5
5
5
5
5
5
5
5
5
5
5
5
5
5
5
5
5
5
5
5
5
5
5
5
5
5
5
5
5
5
5
5
5
5
5
5
5
5
5
5
5
5
5
5
5
5
5
5
5
5
5
5
5
5
5
5
5
5
5
5
5
5
5
5
5
5
5
5
5
5
5
5
5
5
5
5
5
5
5
5
5
5
5
5
5
5
5
5
5
5
5
5
5
5
5
5
5
5
5
5
5
5
5
5
5
5
5
5
5
5
5
5
5
5
5
5
5
5
5
5
5
5
5
5
5
5
5
5
5
5
5
5
5
5
5
5
5
5
5
5
5
5
5
5
5
5
5
5
5
5
5
5
5
5
5
5
5
5
5
5
5
5
5
5
5
5
5
5
5
5
5
5
5
5
5
5
5
5
5
5
5
5
5
5
5
5
5
5
5
5
5
5
5
5
5
5
5
5
5
5
5
5
5
5
5
5
5
5
5
5
5
5
5
5
5
5
5
5
5
5
5
5
5
5
5
5
5
5
5
5
5
5
5
5
5
5
5
5
5
5
5
5
5
5
5
5
5
5
5
5
5
5
5
5
5
5
5
5
5
5
5
5
5
5
5
5
5
5
5
5
5
5
5
5
5
5
5
5
5
5
5
5
5
5
5
5
5
5
5
5
5
5
5
5
5
5
5
5
5
5
5
5
5
5
5
5
5
5
5
5
5
5
5
5
5
5
5
5
5
5
5
5
5
5
5
5
5
5
5
5
5
5
5
5
5
5
5
5
5
5
5
5
5
5
5
5
5
5
5
5
5
5
5
5
5
5
5
5
5
5
5
5
5
5
5
5
5
5
5
5
5
5
5
5
5
5
5
5
5
5
5
5
5
5
5
5
5
5
5
5
5
5
5
5
5
5
5
5
5
5
5
5
5
5
5
5
5
5
5
5
5
5
5
5
5
5
5
5
5
5
5
5
5
5
5
5
5
5
5
5
5
5
5
5
5
5
5
5
5
5
5
5
5
5
5
5
5
5
5
5
5
5
5
5
5
5
5
5
5
5
5
5
5
5
5
5
5
5
5
5
5
5
5
5
5
5
5
5
5
5
5
5
5
5
5
5
5
5
5
5
5
5
5
5
5
5
5
5
5
5
5
5
5
5
5
5
5
5
5
5
5
5
5
5
5
5
5
5
5
5
5
5
5
5
5
5
5
5
5
5
5
5
5
5
5
5
5
5
5
5
5
5
5
5
5
5
5
5
5
5
5
5
5
5
5
5
5
5
5
5
5
5
5
5
5
5
5
5
5
5
5
5
5
5
5
5
5
5
5
5
5
5
5
5
5
5
5
5
5
5
5
5
5
5
5
5
5
5
5
5
5
5
5
5
5
5
5
5
5
5
5
5
5
5
5
5
5
5
5
5
5
5
5
5
5
5
5
5
5
5
5
5
5
5
5
5
5
5
5
5
5
5
5
5
5
5
5
5
5
5
5
5
5
5
5
5
5
5
5
5
5
5
5
5
5
5
5
5
5
5
5
5
5
5
5
5
5
5
5
5
5
5
5
5
5
5
5
5
5
5
5
5
5
5
5
5
5
5
5
5
5
5
5
5
5
5
5
5
5
5
5
5
5
5
5
5
5
5
5
5
5
5
5
5
5
5
5
5
5
5
5
5
5
5
5
5
5
5
5
5
5
5
5
5
5
5
5
5
5
5
5
5
5
5
5
5
5
5
5
5
5
5
5
5
5
5
5
5
5
5
5
5
5
5
5
5
5
5
5
5
5
5
5
5
5
5
5
5
5
5
5
5
5
5
5
5
5
5
5
5
5
5
5
5
5
5
5
5
5
5
5
5
5
5
5
5
5
5
5
5
5
5
5
5
5
5
5
5
5
5
5
5
5
5
5
5
5
5
5
5
5
5
5
5
5
5
5
5
5
5
5
5
5
5
5
5
5
5
5
5
5
5
5
5
5
5
5
5
5
5
5
5
5
5
5
5
5
5
5
5
5
5
5
5
5
5
5
5
5
5
5
5
5
5
5
5
5
5
5
5
5
5
5
5
5
5
5
5
5
5
5
5
5
5
5
5
5
5
5
5
5
5
5
5
5
5
5
5
5
5
5
5
5
5
5
5
5
5
5
5
5
5
5
5
5
5
5
5
5
5
5
5
5
5
5
5
5
5
5
5
5
5
5
5
5
5
5
5
5
5
5
5
5
5
5
5
5
5
5
5
5
5
5
5
5
5
5
5
5
5
5
5
5
5
5
5
5
5
5
5
5
5
5
5
5
5
5
5
5
5
5
5
5
5
5
5
5
5
5
5
5
5
5
5
5
5
5
5
5
5
5
5
5
5
5
5
5
5
5
5
5
5
5
5
5
5
5
5
5
5
5
5
5
5
5
5
5
5
5
5
5
5
5
5
5
5
5
5
5
5
5
5
5
5
5
5
5
5
5
5
5
5
5
5
5
5
5
5
5
5
5
5
5
5
5
5
5
5
5
5
5
5
5
5
5
5
5
5
5
5
5
5
5
5
5
5
5
5
5
5
5
5
5
5
5
5
5
5
5
5
5
5
5
5
5
5
5
5
5
5
5
5
5
5
5
5
5
5
5
5
5
5
5
5
5
5
5
5
5
5
5
5
5
5
5
5
5
5
5
5
5
5
5
5
5
5
5
5
5
5
5
5
5
5
5
5
5
5
5
5
5
5
5
5
5
5
5
5
5
5
5
5
5
5
5
5
5
5
5
5
5
5
5
5
5
5
5
5
5
5
5
5
5
5
5
5
5
5
5
5
5
5
5
5
5
5
5
5
5
5
5
5
5
5
5
5
5
5
5
5
5
5
5
5
5
5
5
5
5
5
5
5
5
5
5
5
5
5
5
5
5
5
5
5
5
5
5
5
5
5
5
5
5
5
5
5
5
5
5
5
5
5
5
5
5
5
5
5
5
5
5
5
5
5
5
5
5
5
5
5
5
5
5
5
5
5
5
5
5
5
5
5
5
5
5
5
5
5
5
5
5
5
5
5
5
5
5
5
5
5
5
5
5
5
5
5
5
5
5
5
5
5
5
5
5
5
5
5
5
5
5
5
5
5
5
5
5
5
5
5
5
5
5
5
5
5
5
5
5
5
5
5
5
5
5
5
5
5
5
5
5
5
5
5
5
5
5
5
5
5
5
5
5
5
5
5
5
5
5
5
5
5
5
5
5
5
5
5
5
5
5
5
5
5
5
5
5
5
5
5
5
5
5
5
5
5
5
5
5
5
5
5
5
5
5
5
5
5
5
5
5
5
5
5
5
5
5
5
5
5
5
5
5
5
5
5
5
5
5
5
5
5
5
5
5
5
5
5
5
5
5
5
5
5
5
5
5
5
5
5
5
5
5
5
5
5
5
5
5
5
5
5
5
5
5
5
5
5
5
5
5
5
5
5
5
5
5
5
5
5
5
5
5
5
5
5
5
5
5
5
5
5
5
5
5
5
5
5
5
5
5
5
5
5
5
5
5
5
5
5
5
5
5
5
5
5
5
5
5
5
5
5
5
5
5
5
5
5
5
5
5
5
5
5
5
5
5
5
5
5
5
5
5
5
5
5
5
5
5
5
5
5
5
5
5
5
5
5
5
5
5
5
5
5
5
5
5
5
5
5
5
5
5
5
5
5
5
5
5
5
5
5
5
5
5
5
5
5
5
5
5
5
5
5
5
5
5
5
5
5
5
5
5
5
5
5
5
5
5
5
5
5
5
5
5
5
5
5
5
5
5
5
5
5
5
5
5
5
5
5
5
5
5
5
5
5
5
5
5
5
5
5
5
5
5
5
5
5
5
5
5
5
5
5
5
5
5
5
5
5
5
5
5
5
5
5
5
5
5
5
5
5
5
5
5
5
5
5
5
5
5
5
5
5
5
5
5
5
5
5
5
5
5
5
5
5
5
5
5
5
5
5
5
5
5
5
5
5
5
5
5
5
5
5
5
5
5
5
5
5
5
5
5
5
5
5
5
5
5
5
5
5
5
5
5
5
5
5
5
5
5
5
5
5
5
5
5
5
5
5
5
5
5
5
5
5
5
5
5
5
5
5
5
5
5
5
5
5
5
5
5
5
5
5
5
5
5
5
5
5
5
5
5
5
5
5
5
5
5
5
5
5
5
5
5
5
5
5
5
5
5
5
5
5
5
5
5
5
5
5
5
5
5
5
5
5
5
5
5
5
5
5
5
5
5
5
5
5
5
5
5
5
5
5
5
5
5
5
5
5
5
5
5
5
5
5
5
5
5
5
5
5
5
5
5
5
5
5
5
5
5
5
5
5
5
5
5
5
5
5
5
5
5
5
5
5
5
5
5
5
5
5
5
5
5
5
5
5
5
5
5
5
5
5
5
5
5
5
5
5
5
5
5
5
5
5
5
5
5
5
5
5
5
5
5
5
5
5
5
5
5
5
5
5
5
5
5
5
5
5
5
5
5
5
5
5
5
5
5
5
5
5
5
5
5
5
5
5
5
5
5
5
5
5
5
5
5
5
5
5
5
5
5
5
5
5
5
5
5
5
5
5
5
5
5
5
5
5
5
5
5
5
5
5
5
5
5
5
5
5
5
5
5
5
5
5
5
5
5
5
5
5
5
5
5
5
5
5
5
5
5
5
5
5
5
5
5
5
5
5
5
5
5
5
5
5
5
5
5
5
5
5
5
5
5
5
5
5
5
5
5
5
5
5
5
5
5
5
5
5
5
5
5
5
5
5
5
5
5
5
5
5
5
5
5
5
5
5
5
5
5
5
5
5
5
5
5
5
5
5
5
5
5
5
5
5
5
5
5
5
5
5
5
5
5
5
5
5
5
5
5
5
5
5
5
5
5
5
5
5
5
5
5
5
5
5
5
5
5
5
5
5
5
5
5
5
5
5
5
5
5
5
5
5
5
5
5
5
5
5
5
5
5
5
5
5
5
5
5
5
5
5
5
5
5
5
5
5
5
5
5
5
5
5
5
5
5
5
5
5
5
5
5
5
5
5
5
5
5
5
5
5
5
5
5
5
5
5
5
5
5
5
5
5
5
5
5
5
5
5
5
5
5
5
5
5
5
5
5
5
5
5
5
5
5
5
5
5
5
5
5
5
5
5
5
5
5
5
5
5
5
5
5
5
5
5
5
5
5
5
5
5
5
5
5
5
5
5
5
5
5
5
5
5
5
5
5
5
5
5
5
5
5
5
5
5
5
5
5
5
5
5
5
5
5
5
5
5
5
5
5
5
5
5
5
5
5
5
5
5
5
5
5
5
5
5
5
5
5
5
5
5
