# vtk DataFile Version 3.0
Hexahedral flanged tube: tetrahedralize before simplification
ASCII
DATASET UNSTRUCTURED_GRID
POINTS 3264 double
0.8 0 -1.6
0.784628224322584 0.156072257612903 -1.6
0.739103626009029 0.306146745892072 -1.6
0.665175689842036 0.444456186415682 -1.6
0.565685424949238 0.565685424949238 -1.6
0.444456186415682 0.665175689842036 -1.6
0.306146745892072 0.739103626009029 -1.6
0.156072257612903 0.784628224322584 -1.6
4.89858719658941e-17 0.8 -1.6
-0.156072257612903 0.784628224322584 -1.6
-0.306146745892072 0.739103626009029 -1.6
-0.444456186415682 0.665175689842036 -1.6
-0.565685424949238 0.565685424949238 -1.6
-0.665175689842036 0.444456186415682 -1.6
-0.739103626009029 0.306146745892072 -1.6
-0.784628224322584 0.156072257612903 -1.6
-0.8 9.79717439317883e-17 -1.6
-0.784628224322584 -0.156072257612903 -1.6
-0.73910362600903 -0.306146745892072 -1.6
-0.665175689842036 -0.444456186415682 -1.6
-0.565685424949238 -0.565685424949238 -1.6
-0.444456186415682 -0.665175689842036 -1.6
-0.306146745892072 -0.739103626009029 -1.6
-0.156072257612903 -0.784628224322584 -1.6
-1.46957615897682e-16 -0.8 -1.6
0.156072257612903 -0.784628224322584 -1.6
0.306146745892072 -0.739103626009029 -1.6
0.444456186415682 -0.665175689842036 -1.6
0.565685424949238 -0.565685424949238 -1.6
0.665175689842036 -0.444456186415682 -1.6
0.739103626009029 -0.306146745892072 -1.6
0.784628224322584 -0.156072257612903 -1.6
1.06 0 -1.6
1.03963239722742 0.206795741337096 -1.6
0.979312304461964 0.405644438306995 -1.6
0.881357789040698 0.588904447000778 -1.6
0.74953318805774 0.74953318805774 -1.6
0.588904447000778 0.881357789040698 -1.6
0.405644438306995 0.979312304461964 -1.6
0.206795741337096 1.03963239722742 -1.6
6.49062803548097e-17 1.06 -1.6
-0.206795741337096 1.03963239722742 -1.6
-0.405644438306995 0.979312304461964 -1.6
-0.588904447000778 0.881357789040698 -1.6
-0.74953318805774 0.74953318805774 -1.6
-0.881357789040698 0.588904447000778 -1.6
-0.979312304461964 0.405644438306995 -1.6
-1.03963239722742 0.206795741337096 -1.6
-1.06 1.29812560709619e-16 -1.6
-1.03963239722742 -0.206795741337096 -1.6
-0.979312304461964 -0.405644438306995 -1.6
-0.881357789040698 -0.588904447000778 -1.6
-0.749533188057741 -0.74953318805774 -1.6
-0.588904447000778 -0.881357789040698 -1.6
-0.405644438306996 -0.979312304461964 -1.6
-0.206795741337096 -1.03963239722742 -1.6
-1.94718841064429e-16 -1.06 -1.6
0.206795741337096 -1.03963239722742 -1.6
0.405644438306995 -0.979312304461964 -1.6
0.588904447000778 -0.881357789040698 -1.6
0.74953318805774 -0.749533188057741 -1.6
0.881357789040698 -0.588904447000778 -1.6
0.979312304461964 -0.405644438306996 -1.6
1.03963239722742 -0.206795741337096 -1.6
1.32 0 -1.6
1.29463657013226 0.257519225061289 -1.6
1.2195209829149 0.505142130721918 -1.6
1.09753988823936 0.733352707585875 -1.6
0.933380951166243 0.933380951166243 -1.6
0.733352707585875 1.09753988823936 -1.6
0.505142130721919 1.2195209829149 -1.6
0.257519225061289 1.29463657013226 -1.6
8.08266887437253e-17 1.32 -1.6
-0.257519225061289 1.29463657013226 -1.6
-0.505142130721918 1.2195209829149 -1.6
-0.733352707585875 1.09753988823936 -1.6
-0.933380951166243 0.933380951166243 -1.6
-1.09753988823936 0.733352707585875 -1.6
-1.2195209829149 0.505142130721919 -1.6
-1.29463657013226 0.25751922506129 -1.6
-1.32 1.61653377487451e-16 -1.6
-1.29463657013226 -0.257519225061289 -1.6
-1.2195209829149 -0.505142130721918 -1.6
-1.09753988823936 -0.733352707585875 -1.6
-0.933380951166243 -0.933380951166243 -1.6
-0.733352707585875 -1.09753988823936 -1.6
-0.505142130721919 -1.2195209829149 -1.6
-0.25751922506129 -1.29463657013226 -1.6
-2.42480066231176e-16 -1.32 -1.6
0.257519225061289 -1.29463657013226 -1.6
0.505142130721919 -1.2195209829149 -1.6
0.733352707585874 -1.09753988823936 -1.6
0.933380951166243 -0.933380951166243 -1.6
1.09753988823936 -0.733352707585875 -1.6
1.2195209829149 -0.505142130721919 -1.6
1.29463657013226 -0.25751922506129 -1.6
1.58 0 -1.6
1.5496407430371 0.308242708785483 -1.6
1.45972966136783 0.604639823136842 -1.6
1.31372198743802 0.877800968170972 -1.6
1.11722871427475 1.11722871427475 -1.6
0.877800968170972 1.31372198743802 -1.6
0.604639823136842 1.45972966136783 -1.6
0.308242708785483 1.5496407430371 -1.6
9.67470971326409e-17 1.58 -1.6
-0.308242708785483 1.5496407430371 -1.6
-0.604639823136842 1.45972966136783 -1.6
-0.877800968170971 1.31372198743802 -1.6
-1.11722871427475 1.11722871427475 -1.6
-1.31372198743802 0.877800968170972 -1.6
-1.45972966136783 0.604639823136842 -1.6
-1.5496407430371 0.308242708785483 -1.6
-1.58 1.93494194265282e-16 -1.6
-1.5496407430371 -0.308242708785483 -1.6
-1.45972966136783 -0.604639823136842 -1.6
-1.31372198743802 -0.877800968170971 -1.6
-1.11722871427475 -1.11722871427475 -1.6
-0.877800968170972 -1.31372198743802 -1.6
-0.604639823136843 -1.45972966136783 -1.6
-0.308242708785483 -1.5496407430371 -1.6
-2.90241291397923e-16 -1.58 -1.6
0.308242708785483 -1.5496407430371 -1.6
0.604639823136842 -1.45972966136783 -1.6
0.877800968170971 -1.31372198743802 -1.6
1.11722871427474 -1.11722871427475 -1.6
1.31372198743802 -0.877800968170972 -1.6
1.45972966136783 -0.604639823136843 -1.6
1.5496407430371 -0.308242708785483 -1.6
1.84 0 -1.6
1.80464491594194 0.358966192509676 -1.6
1.69993833982077 0.704137515551765 -1.6
1.52990408663668 1.02224922875607 -1.6
1.30107647738325 1.30107647738325 -1.6
1.02224922875607 1.52990408663668 -1.6
0.704137515551765 1.69993833982077 -1.6
0.358966192509676 1.80464491594194 -1.6
1.12667505521556e-16 1.84 -1.6
-0.358966192509676 1.80464491594194 -1.6
-0.704137515551765 1.69993833982077 -1.6
-1.02224922875607 1.52990408663668 -1.6
-1.30107647738325 1.30107647738325 -1.6
-1.52990408663668 1.02224922875607 -1.6
-1.69993833982077 0.704137515551765 -1.6
-1.80464491594194 0.358966192509677 -1.6
-1.84 2.25335011043113e-16 -1.6
-1.80464491594194 -0.358966192509676 -1.6
-1.69993833982077 -0.704137515551765 -1.6
-1.52990408663668 -1.02224922875607 -1.6
-1.30107647738325 -1.30107647738325 -1.6
-1.02224922875607 -1.52990408663668 -1.6
-0.704137515551766 -1.69993833982077 -1.6
-0.358966192509677 -1.80464491594194 -1.6
-3.38002516564669e-16 -1.84 -1.6
0.358966192509676 -1.80464491594194 -1.6
0.704137515551766 -1.69993833982077 -1.6
1.02224922875607 -1.52990408663668 -1.6
1.30107647738325 -1.30107647738325 -1.6
1.52990408663668 -1.02224922875607 -1.6
1.69993833982077 -0.704137515551766 -1.6
1.80464491594194 -0.358966192509677 -1.6
2.1 0 -1.6
2.05964908884678 0.409689676233869 -1.6
1.9401470182737 0.803635207966689 -1.6
1.74608618583535 1.16669748934116 -1.6
1.48492424049175 1.48492424049175 -1.6
1.16669748934116 1.74608618583535 -1.6
0.803635207966689 1.9401470182737 -1.6
0.40968967623387 2.05964908884678 -1.6
1.28587913910472e-16 2.1 -1.6
-0.409689676233869 2.05964908884678 -1.6
-0.803635207966688 1.9401470182737 -1.6
-1.16669748934116 1.74608618583535 -1.6
-1.48492424049175 1.48492424049175 -1.6
-1.74608618583535 1.16669748934116 -1.6
-1.9401470182737 0.803635207966689 -1.6
-2.05964908884678 0.40968967623387 -1.6
-2.1 2.57175827820944e-16 -1.6
-2.05964908884678 -0.40968967623387 -1.6
-1.9401470182737 -0.803635207966688 -1.6
-1.74608618583535 -1.16669748934116 -1.6
-1.48492424049175 -1.48492424049175 -1.6
-1.16669748934116 -1.74608618583535 -1.6
-0.80363520796669 -1.9401470182737 -1.6
-0.40968967623387 -2.05964908884678 -1.6
-3.85763741731416e-16 -2.1 -1.6
0.409689676233869 -2.05964908884678 -1.6
0.803635207966689 -1.9401470182737 -1.6
1.16669748934116 -1.74608618583535 -1.6
1.48492424049175 -1.48492424049175 -1.6
1.74608618583535 -1.16669748934116 -1.6
1.9401470182737 -0.80363520796669 -1.6
2.05964908884678 -0.40968967623387 -1.6
0.8 0 -1.4
0.784628224322584 0.156072257612903 -1.4
0.739103626009029 0.306146745892072 -1.4
0.665175689842036 0.444456186415682 -1.4
0.565685424949238 0.565685424949238 -1.4
0.444456186415682 0.665175689842036 -1.4
0.306146745892072 0.739103626009029 -1.4
0.156072257612903 0.784628224322584 -1.4
4.89858719658941e-17 0.8 -1.4
-0.156072257612903 0.784628224322584 -1.4
-0.306146745892072 0.739103626009029 -1.4
-0.444456186415682 0.665175689842036 -1.4
-0.565685424949238 0.565685424949238 -1.4
-0.665175689842036 0.444456186415682 -1.4
-0.739103626009029 0.306146745892072 -1.4
-0.784628224322584 0.156072257612903 -1.4
-0.8 9.79717439317883e-17 -1.4
-0.784628224322584 -0.156072257612903 -1.4
-0.73910362600903 -0.306146745892072 -1.4
-0.665175689842036 -0.444456186415682 -1.4
-0.565685424949238 -0.565685424949238 -1.4
-0.444456186415682 -0.665175689842036 -1.4
-0.306146745892072 -0.739103626009029 -1.4
-0.156072257612903 -0.784628224322584 -1.4
-1.46957615897682e-16 -0.8 -1.4
0.156072257612903 -0.784628224322584 -1.4
0.306146745892072 -0.739103626009029 -1.4
0.444456186415682 -0.665175689842036 -1.4
0.565685424949238 -0.565685424949238 -1.4
0.665175689842036 -0.444456186415682 -1.4
0.739103626009029 -0.306146745892072 -1.4
0.784628224322584 -0.156072257612903 -1.4
1.06 0 -1.4
1.03963239722742 0.206795741337096 -1.4
0.979312304461964 0.405644438306995 -1.4
0.881357789040698 0.588904447000778 -1.4
0.74953318805774 0.74953318805774 -1.4
0.588904447000778 0.881357789040698 -1.4
0.405644438306995 0.979312304461964 -1.4
0.206795741337096 1.03963239722742 -1.4
6.49062803548097e-17 1.06 -1.4
-0.206795741337096 1.03963239722742 -1.4
-0.405644438306995 0.979312304461964 -1.4
-0.588904447000778 0.881357789040698 -1.4
-0.74953318805774 0.74953318805774 -1.4
-0.881357789040698 0.588904447000778 -1.4
-0.979312304461964 0.405644438306995 -1.4
-1.03963239722742 0.206795741337096 -1.4
-1.06 1.29812560709619e-16 -1.4
-1.03963239722742 -0.206795741337096 -1.4
-0.979312304461964 -0.405644438306995 -1.4
-0.881357789040698 -0.588904447000778 -1.4
-0.749533188057741 -0.74953318805774 -1.4
-0.588904447000778 -0.881357789040698 -1.4
-0.405644438306996 -0.979312304461964 -1.4
-0.206795741337096 -1.03963239722742 -1.4
-1.94718841064429e-16 -1.06 -1.4
0.206795741337096 -1.03963239722742 -1.4
0.405644438306995 -0.979312304461964 -1.4
0.588904447000778 -0.881357789040698 -1.4
0.74953318805774 -0.749533188057741 -1.4
0.881357789040698 -0.588904447000778 -1.4
0.979312304461964 -0.405644438306996 -1.4
1.03963239722742 -0.206795741337096 -1.4
1.32 0 -1.4
1.29463657013226 0.257519225061289 -1.4
1.2195209829149 0.505142130721918 -1.4
1.09753988823936 0.733352707585875 -1.4
0.933380951166243 0.933380951166243 -1.4
0.733352707585875 1.09753988823936 -1.4
0.505142130721919 1.2195209829149 -1.4
0.257519225061289 1.29463657013226 -1.4
8.08266887437253e-17 1.32 -1.4
-0.257519225061289 1.29463657013226 -1.4
-0.505142130721918 1.2195209829149 -1.4
-0.733352707585875 1.09753988823936 -1.4
-0.933380951166243 0.933380951166243 -1.4
-1.09753988823936 0.733352707585875 -1.4
-1.2195209829149 0.505142130721919 -1.4
-1.29463657013226 0.25751922506129 -1.4
-1.32 1.61653377487451e-16 -1.4
-1.29463657013226 -0.257519225061289 -1.4
-1.2195209829149 -0.505142130721918 -1.4
-1.09753988823936 -0.733352707585875 -1.4
-0.933380951166243 -0.933380951166243 -1.4
-0.733352707585875 -1.09753988823936 -1.4
-0.505142130721919 -1.2195209829149 -1.4
-0.25751922506129 -1.29463657013226 -1.4
-2.42480066231176e-16 -1.32 -1.4
0.257519225061289 -1.29463657013226 -1.4
0.505142130721919 -1.2195209829149 -1.4
0.733352707585874 -1.09753988823936 -1.4
0.933380951166243 -0.933380951166243 -1.4
1.09753988823936 -0.733352707585875 -1.4
1.2195209829149 -0.505142130721919 -1.4
1.29463657013226 -0.25751922506129 -1.4
1.58 0 -1.4
1.5496407430371 0.308242708785483 -1.4
1.45972966136783 0.604639823136842 -1.4
1.31372198743802 0.877800968170972 -1.4
1.11722871427475 1.11722871427475 -1.4
0.877800968170972 1.31372198743802 -1.4
0.604639823136842 1.45972966136783 -1.4
0.308242708785483 1.5496407430371 -1.4
9.67470971326409e-17 1.58 -1.4
-0.308242708785483 1.5496407430371 -1.4
-0.604639823136842 1.45972966136783 -1.4
-0.877800968170971 1.31372198743802 -1.4
-1.11722871427475 1.11722871427475 -1.4
-1.31372198743802 0.877800968170972 -1.4
-1.45972966136783 0.604639823136842 -1.4
-1.5496407430371 0.308242708785483 -1.4
-1.58 1.93494194265282e-16 -1.4
-1.5496407430371 -0.308242708785483 -1.4
-1.45972966136783 -0.604639823136842 -1.4
-1.31372198743802 -0.877800968170971 -1.4
-1.11722871427475 -1.11722871427475 -1.4
-0.877800968170972 -1.31372198743802 -1.4
-0.604639823136843 -1.45972966136783 -1.4
-0.308242708785483 -1.5496407430371 -1.4
-2.90241291397923e-16 -1.58 -1.4
0.308242708785483 -1.5496407430371 -1.4
0.604639823136842 -1.45972966136783 -1.4
0.877800968170971 -1.31372198743802 -1.4
1.11722871427474 -1.11722871427475 -1.4
1.31372198743802 -0.877800968170972 -1.4
1.45972966136783 -0.604639823136843 -1.4
1.5496407430371 -0.308242708785483 -1.4
1.84 0 -1.4
1.80464491594194 0.358966192509676 -1.4
1.69993833982077 0.704137515551765 -1.4
1.52990408663668 1.02224922875607 -1.4
1.30107647738325 1.30107647738325 -1.4
1.02224922875607 1.52990408663668 -1.4
0.704137515551765 1.69993833982077 -1.4
0.358966192509676 1.80464491594194 -1.4
1.12667505521556e-16 1.84 -1.4
-0.358966192509676 1.80464491594194 -1.4
-0.704137515551765 1.69993833982077 -1.4
-1.02224922875607 1.52990408663668 -1.4
-1.30107647738325 1.30107647738325 -1.4
-1.52990408663668 1.02224922875607 -1.4
-1.69993833982077 0.704137515551765 -1.4
-1.80464491594194 0.358966192509677 -1.4
-1.84 2.25335011043113e-16 -1.4
-1.80464491594194 -0.358966192509676 -1.4
-1.69993833982077 -0.704137515551765 -1.4
-1.52990408663668 -1.02224922875607 -1.4
-1.30107647738325 -1.30107647738325 -1.4
-1.02224922875607 -1.52990408663668 -1.4
-0.704137515551766 -1.69993833982077 -1.4
-0.358966192509677 -1.80464491594194 -1.4
-3.38002516564669e-16 -1.84 -1.4
0.358966192509676 -1.80464491594194 -1.4
0.704137515551766 -1.69993833982077 -1.4
1.02224922875607 -1.52990408663668 -1.4
1.30107647738325 -1.30107647738325 -1.4
1.52990408663668 -1.02224922875607 -1.4
1.69993833982077 -0.704137515551766 -1.4
1.80464491594194 -0.358966192509677 -1.4
2.1 0 -1.4
2.05964908884678 0.409689676233869 -1.4
1.9401470182737 0.803635207966689 -1.4
1.74608618583535 1.16669748934116 -1.4
1.48492424049175 1.48492424049175 -1.4
1.16669748934116 1.74608618583535 -1.4
0.803635207966689 1.9401470182737 -1.4
0.40968967623387 2.05964908884678 -1.4
1.28587913910472e-16 2.1 -1.4
-0.409689676233869 2.05964908884678 -1.4
-0.803635207966688 1.9401470182737 -1.4
-1.16669748934116 1.74608618583535 -1.4
-1.48492424049175 1.48492424049175 -1.4
-1.74608618583535 1.16669748934116 -1.4
-1.9401470182737 0.803635207966689 -1.4
-2.05964908884678 0.40968967623387 -1.4
-2.1 2.57175827820944e-16 -1.4
-2.05964908884678 -0.40968967623387 -1.4
-1.9401470182737 -0.803635207966688 -1.4
-1.74608618583535 -1.16669748934116 -1.4
-1.48492424049175 -1.48492424049175 -1.4
-1.16669748934116 -1.74608618583535 -1.4
-0.80363520796669 -1.9401470182737 -1.4
-0.40968967623387 -2.05964908884678 -1.4
-3.85763741731416e-16 -2.1 -1.4
0.409689676233869 -2.05964908884678 -1.4
0.803635207966689 -1.9401470182737 -1.4
1.16669748934116 -1.74608618583535 -1.4
1.48492424049175 -1.48492424049175 -1.4
1.74608618583535 -1.16669748934116 -1.4
1.9401470182737 -0.80363520796669 -1.4
2.05964908884678 -0.40968967623387 -1.4
0.8 0 -1.2
0.784628224322584 0.156072257612903 -1.2
0.739103626009029 0.306146745892072 -1.2
0.665175689842036 0.444456186415682 -1.2
0.565685424949238 0.565685424949238 -1.2
0.444456186415682 0.665175689842036 -1.2
0.306146745892072 0.739103626009029 -1.2
0.156072257612903 0.784628224322584 -1.2
4.89858719658941e-17 0.8 -1.2
-0.156072257612903 0.784628224322584 -1.2
-0.306146745892072 0.739103626009029 -1.2
-0.444456186415682 0.665175689842036 -1.2
-0.565685424949238 0.565685424949238 -1.2
-0.665175689842036 0.444456186415682 -1.2
-0.739103626009029 0.306146745892072 -1.2
-0.784628224322584 0.156072257612903 -1.2
-0.8 9.79717439317883e-17 -1.2
-0.784628224322584 -0.156072257612903 -1.2
-0.73910362600903 -0.306146745892072 -1.2
-0.665175689842036 -0.444456186415682 -1.2
-0.565685424949238 -0.565685424949238 -1.2
-0.444456186415682 -0.665175689842036 -1.2
-0.306146745892072 -0.739103626009029 -1.2
-0.156072257612903 -0.784628224322584 -1.2
-1.46957615897682e-16 -0.8 -1.2
0.156072257612903 -0.784628224322584 -1.2
0.306146745892072 -0.739103626009029 -1.2
0.444456186415682 -0.665175689842036 -1.2
0.565685424949238 -0.565685424949238 -1.2
0.665175689842036 -0.444456186415682 -1.2
0.739103626009029 -0.306146745892072 -1.2
0.784628224322584 -0.156072257612903 -1.2
1.06 0 -1.2
1.03963239722742 0.206795741337096 -1.2
0.979312304461964 0.405644438306995 -1.2
0.881357789040698 0.588904447000778 -1.2
0.74953318805774 0.74953318805774 -1.2
0.588904447000778 0.881357789040698 -1.2
0.405644438306995 0.979312304461964 -1.2
0.206795741337096 1.03963239722742 -1.2
6.49062803548097e-17 1.06 -1.2
-0.206795741337096 1.03963239722742 -1.2
-0.405644438306995 0.979312304461964 -1.2
-0.588904447000778 0.881357789040698 -1.2
-0.74953318805774 0.74953318805774 -1.2
-0.881357789040698 0.588904447000778 -1.2
-0.979312304461964 0.405644438306995 -1.2
-1.03963239722742 0.206795741337096 -1.2
-1.06 1.29812560709619e-16 -1.2
-1.03963239722742 -0.206795741337096 -1.2
-0.979312304461964 -0.405644438306995 -1.2
-0.881357789040698 -0.588904447000778 -1.2
-0.749533188057741 -0.74953318805774 -1.2
-0.588904447000778 -0.881357789040698 -1.2
-0.405644438306996 -0.979312304461964 -1.2
-0.206795741337096 -1.03963239722742 -1.2
-1.94718841064429e-16 -1.06 -1.2
0.206795741337096 -1.03963239722742 -1.2
0.405644438306995 -0.979312304461964 -1.2
0.588904447000778 -0.881357789040698 -1.2
0.74953318805774 -0.749533188057741 -1.2
0.881357789040698 -0.588904447000778 -1.2
0.979312304461964 -0.405644438306996 -1.2
1.03963239722742 -0.206795741337096 -1.2
1.32 0 -1.2
1.29463657013226 0.257519225061289 -1.2
1.2195209829149 0.505142130721918 -1.2
1.09753988823936 0.733352707585875 -1.2
0.933380951166243 0.933380951166243 -1.2
0.733352707585875 1.09753988823936 -1.2
0.505142130721919 1.2195209829149 -1.2
0.257519225061289 1.29463657013226 -1.2
8.08266887437253e-17 1.32 -1.2
-0.257519225061289 1.29463657013226 -1.2
-0.505142130721918 1.2195209829149 -1.2
-0.733352707585875 1.09753988823936 -1.2
-0.933380951166243 0.933380951166243 -1.2
-1.09753988823936 0.733352707585875 -1.2
-1.2195209829149 0.505142130721919 -1.2
-1.29463657013226 0.25751922506129 -1.2
-1.32 1.61653377487451e-16 -1.2
-1.29463657013226 -0.257519225061289 -1.2
-1.2195209829149 -0.505142130721918 -1.2
-1.09753988823936 -0.733352707585875 -1.2
-0.933380951166243 -0.933380951166243 -1.2
-0.733352707585875 -1.09753988823936 -1.2
-0.505142130721919 -1.2195209829149 -1.2
-0.25751922506129 -1.29463657013226 -1.2
-2.42480066231176e-16 -1.32 -1.2
0.257519225061289 -1.29463657013226 -1.2
0.505142130721919 -1.2195209829149 -1.2
0.733352707585874 -1.09753988823936 -1.2
0.933380951166243 -0.933380951166243 -1.2
1.09753988823936 -0.733352707585875 -1.2
1.2195209829149 -0.505142130721919 -1.2
1.29463657013226 -0.25751922506129 -1.2
1.58 0 -1.2
1.5496407430371 0.308242708785483 -1.2
1.45972966136783 0.604639823136842 -1.2
1.31372198743802 0.877800968170972 -1.2
1.11722871427475 1.11722871427475 -1.2
0.877800968170972 1.31372198743802 -1.2
0.604639823136842 1.45972966136783 -1.2
0.308242708785483 1.5496407430371 -1.2
9.67470971326409e-17 1.58 -1.2
-0.308242708785483 1.5496407430371 -1.2
-0.604639823136842 1.45972966136783 -1.2
-0.877800968170971 1.31372198743802 -1.2
-1.11722871427475 1.11722871427475 -1.2
-1.31372198743802 0.877800968170972 -1.2
-1.45972966136783 0.604639823136842 -1.2
-1.5496407430371 0.308242708785483 -1.2
-1.58 1.93494194265282e-16 -1.2
-1.5496407430371 -0.308242708785483 -1.2
-1.45972966136783 -0.604639823136842 -1.2
-1.31372198743802 -0.877800968170971 -1.2
-1.11722871427475 -1.11722871427475 -1.2
-0.877800968170972 -1.31372198743802 -1.2
-0.604639823136843 -1.45972966136783 -1.2
-0.308242708785483 -1.5496407430371 -1.2
-2.90241291397923e-16 -1.58 -1.2
0.308242708785483 -1.5496407430371 -1.2
0.604639823136842 -1.45972966136783 -1.2
0.877800968170971 -1.31372198743802 -1.2
1.11722871427474 -1.11722871427475 -1.2
1.31372198743802 -0.877800968170972 -1.2
1.45972966136783 -0.604639823136843 -1.2
1.5496407430371 -0.308242708785483 -1.2
1.84 0 -1.2
1.80464491594194 0.358966192509676 -1.2
1.69993833982077 0.704137515551765 -1.2
1.52990408663668 1.02224922875607 -1.2
1.30107647738325 1.30107647738325 -1.2
1.02224922875607 1.52990408663668 -1.2
0.704137515551765 1.69993833982077 -1.2
0.358966192509676 1.80464491594194 -1.2
1.12667505521556e-16 1.84 -1.2
-0.358966192509676 1.80464491594194 -1.2
-0.704137515551765 1.69993833982077 -1.2
-1.02224922875607 1.52990408663668 -1.2
-1.30107647738325 1.30107647738325 -1.2
-1.52990408663668 1.02224922875607 -1.2
-1.69993833982077 0.704137515551765 -1.2
-1.80464491594194 0.358966192509677 -1.2
-1.84 2.25335011043113e-16 -1.2
-1.80464491594194 -0.358966192509676 -1.2
-1.69993833982077 -0.704137515551765 -1.2
-1.52990408663668 -1.02224922875607 -1.2
-1.30107647738325 -1.30107647738325 -1.2
-1.02224922875607 -1.52990408663668 -1.2
-0.704137515551766 -1.69993833982077 -1.2
-0.358966192509677 -1.80464491594194 -1.2
-3.38002516564669e-16 -1.84 -1.2
0.358966192509676 -1.80464491594194 -1.2
0.704137515551766 -1.69993833982077 -1.2
1.02224922875607 -1.52990408663668 -1.2
1.30107647738325 -1.30107647738325 -1.2
1.52990408663668 -1.02224922875607 -1.2
1.69993833982077 -0.704137515551766 -1.2
1.80464491594194 -0.358966192509677 -1.2
2.1 0 -1.2
2.05964908884678 0.409689676233869 -1.2
1.9401470182737 0.803635207966689 -1.2
1.74608618583535 1.16669748934116 -1.2
1.48492424049175 1.48492424049175 -1.2
1.16669748934116 1.74608618583535 -1.2
0.803635207966689 1.9401470182737 -1.2
0.40968967623387 2.05964908884678 -1.2
1.28587913910472e-16 2.1 -1.2
-0.409689676233869 2.05964908884678 -1.2
-0.803635207966688 1.9401470182737 -1.2
-1.16669748934116 1.74608618583535 -1.2
-1.48492424049175 1.48492424049175 -1.2
-1.74608618583535 1.16669748934116 -1.2
-1.9401470182737 0.803635207966689 -1.2
-2.05964908884678 0.40968967623387 -1.2
-2.1 2.57175827820944e-16 -1.2
-2.05964908884678 -0.40968967623387 -1.2
-1.9401470182737 -0.803635207966688 -1.2
-1.74608618583535 -1.16669748934116 -1.2
-1.48492424049175 -1.48492424049175 -1.2
-1.16669748934116 -1.74608618583535 -1.2
-0.80363520796669 -1.9401470182737 -1.2
-0.40968967623387 -2.05964908884678 -1.2
-3.85763741731416e-16 -2.1 -1.2
0.409689676233869 -2.05964908884678 -1.2
0.803635207966689 -1.9401470182737 -1.2
1.16669748934116 -1.74608618583535 -1.2
1.48492424049175 -1.48492424049175 -1.2
1.74608618583535 -1.16669748934116 -1.2
1.9401470182737 -0.80363520796669 -1.2
2.05964908884678 -0.40968967623387 -1.2
0.8 0 -1
0.784628224322584 0.156072257612903 -1
0.739103626009029 0.306146745892072 -1
0.665175689842036 0.444456186415682 -1
0.565685424949238 0.565685424949238 -1
0.444456186415682 0.665175689842036 -1
0.306146745892072 0.739103626009029 -1
0.156072257612903 0.784628224322584 -1
4.89858719658941e-17 0.8 -1
-0.156072257612903 0.784628224322584 -1
-0.306146745892072 0.739103626009029 -1
-0.444456186415682 0.665175689842036 -1
-0.565685424949238 0.565685424949238 -1
-0.665175689842036 0.444456186415682 -1
-0.739103626009029 0.306146745892072 -1
-0.784628224322584 0.156072257612903 -1
-0.8 9.79717439317883e-17 -1
-0.784628224322584 -0.156072257612903 -1
-0.73910362600903 -0.306146745892072 -1
-0.665175689842036 -0.444456186415682 -1
-0.565685424949238 -0.565685424949238 -1
-0.444456186415682 -0.665175689842036 -1
-0.306146745892072 -0.739103626009029 -1
-0.156072257612903 -0.784628224322584 -1
-1.46957615897682e-16 -0.8 -1
0.156072257612903 -0.784628224322584 -1
0.306146745892072 -0.739103626009029 -1
0.444456186415682 -0.665175689842036 -1
0.565685424949238 -0.565685424949238 -1
0.665175689842036 -0.444456186415682 -1
0.739103626009029 -0.306146745892072 -1
0.784628224322584 -0.156072257612903 -1
1.01 0 -1
0.990593133207263 0.19704122523629 -1
0.9331183278364 0.386510266688741 -1
0.839784308425571 0.561125935349798 -1
0.714177848998413 0.714177848998413 -1
0.561125935349798 0.839784308425571 -1
0.386510266688741 0.9331183278364 -1
0.19704122523629 0.990593133207263 -1
6.18446633569413e-17 1.01 -1
-0.197041225236289 0.990593133207263 -1
-0.386510266688741 0.9331183278364 -1
-0.561125935349798 0.839784308425571 -1
-0.714177848998413 0.714177848998413 -1
-0.839784308425571 0.561125935349798 -1
-0.9331183278364 0.386510266688741 -1
-0.990593133207263 0.19704122523629 -1
-1.01 1.23689326713883e-16 -1
-0.990593133207263 -0.19704122523629 -1
-0.9331183278364 -0.386510266688741 -1
-0.839784308425571 -0.561125935349798 -1
-0.714177848998413 -0.714177848998413 -1
-0.561125935349798 -0.839784308425571 -1
-0.386510266688741 -0.933118327836399 -1
-0.19704122523629 -0.990593133207263 -1
-1.85533990070824e-16 -1.01 -1
0.19704122523629 -0.990593133207263 -1
0.386510266688741 -0.933118327836399 -1
0.561125935349798 -0.839784308425571 -1
0.714177848998413 -0.714177848998413 -1
0.839784308425571 -0.561125935349798 -1
0.933118327836399 -0.386510266688741 -1
0.990593133207263 -0.19704122523629 -1
1.22 0 -1
1.19655804209194 0.238010192859677 -1
1.12713302966377 0.46687378748541 -1
1.01439292700911 0.677795684283915 -1
0.862670273047588 0.862670273047588 -1
0.677795684283915 1.01439292700911 -1
0.46687378748541 1.12713302966377 -1
0.238010192859677 1.19655804209194 -1
7.47034547479886e-17 1.22 -1
-0.238010192859676 1.19655804209194 -1
-0.46687378748541 1.12713302966377 -1
-0.677795684283914 1.01439292700911 -1
-0.862670273047588 0.862670273047588 -1
-1.01439292700911 0.677795684283915 -1
-1.12713302966377 0.46687378748541 -1
-1.19655804209194 0.238010192859677 -1
-1.22 1.49406909495977e-16 -1
-1.19655804209194 -0.238010192859677 -1
-1.12713302966377 -0.466873787485409 -1
-1.01439292700911 -0.677795684283914 -1
-0.862670273047588 -0.862670273047588 -1
-0.677795684283915 -1.01439292700911 -1
-0.46687378748541 -1.12713302966377 -1
-0.238010192859677 -1.19655804209194 -1
-2.24110364243966e-16 -1.22 -1
0.238010192859677 -1.19655804209194 -1
0.46687378748541 -1.12713302966377 -1
0.677795684283914 -1.01439292700911 -1
0.862670273047588 -0.862670273047588 -1
1.01439292700911 -0.677795684283915 -1
1.12713302966377 -0.46687378748541 -1
1.19655804209194 -0.238010192859677 -1
1.43 0 -1
1.40252295097662 0.278979160483063 -1
1.32114773149114 0.547237308282078 -1
1.18900154559264 0.794465433218031 -1
1.01116269709676 1.01116269709676 -1
0.794465433218031 1.18900154559264 -1
0.547237308282079 1.32114773149114 -1
0.278979160483064 1.40252295097662 -1
8.75622461390358e-17 1.43 -1
-0.278979160483063 1.40252295097662 -1
-0.547237308282078 1.32114773149114 -1
-0.794465433218031 1.18900154559264 -1
-1.01116269709676 1.01116269709676 -1
-1.18900154559264 0.794465433218031 -1
-1.32114773149114 0.547237308282079 -1
-1.40252295097662 0.278979160483064 -1
-1.43 1.75124492278072e-16 -1
-1.40252295097662 -0.278979160483064 -1
-1.32114773149114 -0.547237308282078 -1
-1.18900154559264 -0.794465433218031 -1
-1.01116269709676 -1.01116269709676 -1
-0.794465433218031 -1.18900154559264 -1
-0.547237308282079 -1.32114773149114 -1
-0.278979160483064 -1.40252295097662 -1
-2.62686738417107e-16 -1.43 -1
0.278979160483063 -1.40252295097662 -1
0.547237308282079 -1.32114773149114 -1
0.794465433218031 -1.18900154559264 -1
1.01116269709676 -1.01116269709676 -1
1.18900154559264 -0.794465433218031 -1
1.32114773149114 -0.547237308282079 -1
1.40252295097662 -0.278979160483064 -1
1.64 0 -1
1.6084878598613 0.31994812810645 -1
1.51516243331851 0.627600829078747 -1
1.36361016417617 0.911135182152148 -1
1.15965512114594 1.15965512114594 -1
0.911135182152148 1.36361016417617 -1
0.627600829078747 1.51516243331851 -1
0.319948128106451 1.6084878598613 -1
1.00421037530083e-16 1.64 -1
-0.31994812810645 1.6084878598613 -1
-0.627600829078747 1.51516243331851 -1
-0.911135182152147 1.36361016417617 -1
-1.15965512114594 1.15965512114594 -1
-1.36361016417617 0.911135182152148 -1
-1.51516243331851 0.627600829078747 -1
-1.6084878598613 0.319948128106451 -1
-1.64 2.00842075060166e-16 -1
-1.6084878598613 -0.319948128106451 -1
-1.51516243331851 -0.627600829078747 -1
-1.36361016417617 -0.911135182152147 -1
-1.15965512114594 -1.15965512114594 -1
-0.911135182152148 -1.36361016417617 -1
-0.627600829078748 -1.51516243331851 -1
-0.319948128106451 -1.6084878598613 -1
-3.01263112590249e-16 -1.64 -1
0.31994812810645 -1.6084878598613 -1
0.627600829078748 -1.51516243331851 -1
0.911135182152147 -1.36361016417617 -1
1.15965512114594 -1.15965512114594 -1
1.36361016417617 -0.911135182152148 -1
1.51516243331851 -0.627600829078748 -1
1.6084878598613 -0.319948128106451 -1
1.85 0 -1
1.81445276874598 0.360917095729837 -1
1.70917713514588 0.707964349875416 -1
1.53821878275971 1.02780493108626 -1
1.30814754519511 1.30814754519511 -1
1.02780493108626 1.53821878275971 -1
0.707964349875416 1.70917713514588 -1
0.360917095729837 1.81445276874598 -1
1.1327982892113e-16 1.85 -1
-0.360917095729837 1.81445276874598 -1
-0.707964349875416 1.70917713514588 -1
-1.02780493108626 1.53821878275971 -1
-1.30814754519511 1.30814754519511 -1
-1.53821878275971 1.02780493108626 -1
-1.70917713514588 0.707964349875416 -1
-1.81445276874598 0.360917095729838 -1
-1.85 2.2655965784226e-16 -1
-1.81445276874598 -0.360917095729837 -1
-1.70917713514588 -0.707964349875416 -1
-1.53821878275971 -1.02780493108626 -1
-1.30814754519511 -1.30814754519511 -1
-1.02780493108626 -1.53821878275971 -1
-0.707964349875417 -1.70917713514588 -1
-0.360917095729838 -1.81445276874598 -1
-3.3983948676339e-16 -1.85 -1
0.360917095729837 -1.81445276874598 -1
0.707964349875417 -1.70917713514588 -1
1.02780493108626 -1.53821878275971 -1
1.30814754519511 -1.30814754519511 -1
1.53821878275971 -1.02780493108626 -1
1.70917713514588 -0.707964349875417 -1
1.81445276874598 -0.360917095729838 -1
0.8 0 -0.8
0.784628224322584 0.156072257612903 -0.8
0.739103626009029 0.306146745892072 -0.8
0.665175689842036 0.444456186415682 -0.8
0.565685424949238 0.565685424949238 -0.8
0.444456186415682 0.665175689842036 -0.8
0.306146745892072 0.739103626009029 -0.8
0.156072257612903 0.784628224322584 -0.8
4.89858719658941e-17 0.8 -0.8
-0.156072257612903 0.784628224322584 -0.8
-0.306146745892072 0.739103626009029 -0.8
-0.444456186415682 0.665175689842036 -0.8
-0.565685424949238 0.565685424949238 -0.8
-0.665175689842036 0.444456186415682 -0.8
-0.739103626009029 0.306146745892072 -0.8
-0.784628224322584 0.156072257612903 -0.8
-0.8 9.79717439317883e-17 -0.8
-0.784628224322584 -0.156072257612903 -0.8
-0.73910362600903 -0.306146745892072 -0.8
-0.665175689842036 -0.444456186415682 -0.8
-0.565685424949238 -0.565685424949238 -0.8
-0.444456186415682 -0.665175689842036 -0.8
-0.306146745892072 -0.739103626009029 -0.8
-0.156072257612903 -0.784628224322584 -0.8
-1.46957615897682e-16 -0.8 -0.8
0.156072257612903 -0.784628224322584 -0.8
0.306146745892072 -0.739103626009029 -0.8
0.444456186415682 -0.665175689842036 -0.8
0.565685424949238 -0.565685424949238 -0.8
0.665175689842036 -0.444456186415682 -0.8
0.739103626009029 -0.306146745892072 -0.8
0.784628224322584 -0.156072257612903 -0.8
0.96 0 -0.8
0.941553869187101 0.187286709135483 -0.8
0.886924351210835 0.367376095070486 -0.8
0.798210827810444 0.533347423698818 -0.8
0.678822509939086 0.678822509939086 -0.8
0.533347423698818 0.798210827810444 -0.8
0.367376095070486 0.886924351210835 -0.8
0.187286709135483 0.941553869187101 -0.8
5.8783046359073e-17 0.96 -0.8
-0.187286709135483 0.941553869187101 -0.8
-0.367376095070486 0.886924351210835 -0.8
-0.533347423698818 0.798210827810444 -0.8
-0.678822509939086 0.678822509939086 -0.8
-0.798210827810444 0.533347423698818 -0.8
-0.886924351210835 0.367376095070486 -0.8
-0.941553869187101 0.187286709135483 -0.8
-0.96 1.17566092718146e-16 -0.8
-0.941553869187101 -0.187286709135483 -0.8
-0.886924351210835 -0.367376095070486 -0.8
-0.798210827810444 -0.533347423698818 -0.8
-0.678822509939086 -0.678822509939086 -0.8
-0.533347423698818 -0.798210827810444 -0.8
-0.367376095070487 -0.886924351210835 -0.8
-0.187286709135484 -0.941553869187101 -0.8
-1.76349139077219e-16 -0.96 -0.8
0.187286709135483 -0.941553869187101 -0.8
0.367376095070486 -0.886924351210835 -0.8
0.533347423698818 -0.798210827810444 -0.8
0.678822509939086 -0.678822509939086 -0.8
0.798210827810444 -0.533347423698818 -0.8
0.886924351210835 -0.367376095070487 -0.8
0.941553869187101 -0.187286709135484 -0.8
1.12 0 -0.8
1.09847951405162 0.218501160658064 -0.8
1.03474507641264 0.428605444248901 -0.8
0.931245965778851 0.622238660981954 -0.8
0.791959594928933 0.791959594928933 -0.8
0.622238660981955 0.931245965778851 -0.8
0.428605444248901 1.03474507641264 -0.8
0.218501160658064 1.09847951405162 -0.8
6.85802207522518e-17 1.12 -0.8
-0.218501160658064 1.09847951405162 -0.8
-0.428605444248901 1.03474507641264 -0.8
-0.622238660981954 0.931245965778851 -0.8
-0.791959594928933 0.791959594928933 -0.8
-0.931245965778851 0.622238660981954 -0.8
-1.03474507641264 0.428605444248901 -0.8
-1.09847951405162 0.218501160658064 -0.8
-1.12 1.37160441504504e-16 -0.8
-1.09847951405162 -0.218501160658064 -0.8
-1.03474507641264 -0.4286054442489 -0.8
-0.931245965778851 -0.622238660981954 -0.8
-0.791959594928934 -0.791959594928933 -0.8
-0.622238660981954 -0.931245965778851 -0.8
-0.428605444248901 -1.03474507641264 -0.8
-0.218501160658064 -1.09847951405162 -0.8
-2.05740662256755e-16 -1.12 -0.8
0.218501160658064 -1.09847951405162 -0.8
0.428605444248901 -1.03474507641264 -0.8
0.622238660981954 -0.931245965778851 -0.8
0.791959594928933 -0.791959594928934 -0.8
0.931245965778851 -0.622238660981954 -0.8
1.03474507641264 -0.428605444248901 -0.8
1.09847951405162 -0.218501160658064 -0.8
1.28 0 -0.8
1.25540515891614 0.249715612180644 -0.8
1.18256580161445 0.489834793427315 -0.8
1.06428110374726 0.711129898265091 -0.8
0.905096679918781 0.905096679918781 -0.8
0.711129898265091 1.06428110374726 -0.8
0.489834793427315 1.18256580161445 -0.8
0.249715612180644 1.25540515891614 -0.8
7.83773951454306e-17 1.28 -0.8
-0.249715612180644 1.25540515891614 -0.8
-0.489834793427315 1.18256580161445 -0.8
-0.711129898265091 1.06428110374726 -0.8
-0.905096679918781 0.905096679918781 -0.8
-1.06428110374726 0.711129898265091 -0.8
-1.18256580161445 0.489834793427315 -0.8
-1.25540515891614 0.249715612180645 -0.8
-1.28 1.56754790290861e-16 -0.8
-1.25540515891614 -0.249715612180644 -0.8
-1.18256580161445 -0.489834793427315 -0.8
-1.06428110374726 -0.711129898265091 -0.8
-0.905096679918781 -0.905096679918781 -0.8
-0.711129898265091 -1.06428110374726 -0.8
-0.489834793427316 -1.18256580161445 -0.8
-0.249715612180645 -1.25540515891614 -0.8
-2.35132185436292e-16 -1.28 -0.8
0.249715612180644 -1.25540515891614 -0.8
0.489834793427315 -1.18256580161445 -0.8
0.711129898265091 -1.06428110374726 -0.8
0.905096679918781 -0.905096679918781 -0.8
1.06428110374726 -0.711129898265091 -0.8
1.18256580161445 -0.489834793427316 -0.8
1.25540515891614 -0.249715612180645 -0.8
1.44 0 -0.8
1.41233080378065 0.280930063703225 -0.8
1.33038652681625 0.551064142605729 -0.8
1.19731624171567 0.800021135548227 -0.8
1.01823376490863 1.01823376490863 -0.8
0.800021135548227 1.19731624171567 -0.8
0.551064142605729 1.33038652681625 -0.8
0.280930063703225 1.41233080378065 -0.8
8.81745695386094e-17 1.44 -0.8
-0.280930063703225 1.41233080378065 -0.8
-0.551064142605729 1.33038652681625 -0.8
-0.800021135548227 1.19731624171567 -0.8
-1.01823376490863 1.01823376490863 -0.8
-1.19731624171567 0.800021135548227 -0.8
-1.33038652681625 0.551064142605729 -0.8
-1.41233080378065 0.280930063703225 -0.8
-1.44 1.76349139077219e-16 -0.8
-1.41233080378065 -0.280930063703225 -0.8
-1.33038652681625 -0.551064142605729 -0.8
-1.19731624171567 -0.800021135548227 -0.8
-1.01823376490863 -1.01823376490863 -0.8
-0.800021135548227 -1.19731624171567 -0.8
-0.55106414260573 -1.33038652681625 -0.8
-0.280930063703225 -1.41233080378065 -0.8
-2.64523708615828e-16 -1.44 -0.8
0.280930063703225 -1.41233080378065 -0.8
0.55106414260573 -1.33038652681625 -0.8
0.800021135548227 -1.19731624171567 -0.8
1.01823376490863 -1.01823376490863 -0.8
1.19731624171567 -0.800021135548227 -0.8
1.33038652681625 -0.55106414260573 -0.8
1.41233080378065 -0.280930063703225 -0.8
1.6 0 -0.8
1.56925644864517 0.312144515225805 -0.8
1.47820725201806 0.612293491784144 -0.8
1.33035137968407 0.888912372831363 -0.8
1.13137084989848 1.13137084989848 -0.8
0.888912372831364 1.33035137968407 -0.8
0.612293491784144 1.47820725201806 -0.8
0.312144515225805 1.56925644864517 -0.8
9.79717439317883e-17 1.6 -0.8
-0.312144515225805 1.56925644864517 -0.8
-0.612293491784144 1.47820725201806 -0.8
-0.888912372831363 1.33035137968407 -0.8
-1.13137084989848 1.13137084989848 -0.8
-1.33035137968407 0.888912372831363 -0.8
-1.47820725201806 0.612293491784144 -0.8
-1.56925644864517 0.312144515225806 -0.8
-1.6 1.95943487863577e-16 -0.8
-1.56925644864517 -0.312144515225805 -0.8
-1.47820725201806 -0.612293491784143 -0.8
-1.33035137968407 -0.888912372831363 -0.8
-1.13137084989848 -1.13137084989848 -0.8
-0.888912372831363 -1.33035137968407 -0.8
-0.612293491784145 -1.47820725201806 -0.8
-0.312144515225806 -1.56925644864517 -0.8
-2.93915231795365e-16 -1.6 -0.8
0.312144515225805 -1.56925644864517 -0.8
0.612293491784144 -1.47820725201806 -0.8
0.888912372831363 -1.33035137968407 -0.8
1.13137084989848 -1.13137084989848 -0.8
1.33035137968407 -0.888912372831363 -0.8
1.47820725201806 -0.612293491784145 -0.8
1.56925644864517 -0.312144515225806 -0.8
0.8 0 -0.6
0.784628224322584 0.156072257612903 -0.6
0.739103626009029 0.306146745892072 -0.6
0.665175689842036 0.444456186415682 -0.6
0.565685424949238 0.565685424949238 -0.6
0.444456186415682 0.665175689842036 -0.6
0.306146745892072 0.739103626009029 -0.6
0.156072257612903 0.784628224322584 -0.6
4.89858719658941e-17 0.8 -0.6
-0.156072257612903 0.784628224322584 -0.6
-0.306146745892072 0.739103626009029 -0.6
-0.444456186415682 0.665175689842036 -0.6
-0.565685424949238 0.565685424949238 -0.6
-0.665175689842036 0.444456186415682 -0.6
-0.739103626009029 0.306146745892072 -0.6
-0.784628224322584 0.156072257612903 -0.6
-0.8 9.79717439317883e-17 -0.6
-0.784628224322584 -0.156072257612903 -0.6
-0.73910362600903 -0.306146745892072 -0.6
-0.665175689842036 -0.444456186415682 -0.6
-0.565685424949238 -0.565685424949238 -0.6
-0.444456186415682 -0.665175689842036 -0.6
-0.306146745892072 -0.739103626009029 -0.6
-0.156072257612903 -0.784628224322584 -0.6
-1.46957615897682e-16 -0.8 -0.6
0.156072257612903 -0.784628224322584 -0.6
0.306146745892072 -0.739103626009029 -0.6
0.444456186415682 -0.665175689842036 -0.6
0.565685424949238 -0.565685424949238 -0.6
0.665175689842036 -0.444456186415682 -0.6
0.739103626009029 -0.306146745892072 -0.6
0.784628224322584 -0.156072257612903 -0.6
0.96 0 -0.6
0.941553869187101 0.187286709135483 -0.6
0.886924351210835 0.367376095070486 -0.6
0.798210827810444 0.533347423698818 -0.6
0.678822509939086 0.678822509939086 -0.6
0.533347423698818 0.798210827810444 -0.6
0.367376095070486 0.886924351210835 -0.6
0.187286709135483 0.941553869187101 -0.6
5.8783046359073e-17 0.96 -0.6
-0.187286709135483 0.941553869187101 -0.6
-0.367376095070486 0.886924351210835 -0.6
-0.533347423698818 0.798210827810444 -0.6
-0.678822509939086 0.678822509939086 -0.6
-0.798210827810444 0.533347423698818 -0.6
-0.886924351210835 0.367376095070486 -0.6
-0.941553869187101 0.187286709135483 -0.6
-0.96 1.17566092718146e-16 -0.6
-0.941553869187101 -0.187286709135483 -0.6
-0.886924351210835 -0.367376095070486 -0.6
-0.798210827810444 -0.533347423698818 -0.6
-0.678822509939086 -0.678822509939086 -0.6
-0.533347423698818 -0.798210827810444 -0.6
-0.367376095070487 -0.886924351210835 -0.6
-0.187286709135484 -0.941553869187101 -0.6
-1.76349139077219e-16 -0.96 -0.6
0.187286709135483 -0.941553869187101 -0.6
0.367376095070486 -0.886924351210835 -0.6
0.533347423698818 -0.798210827810444 -0.6
0.678822509939086 -0.678822509939086 -0.6
0.798210827810444 -0.533347423698818 -0.6
0.886924351210835 -0.367376095070487 -0.6
0.941553869187101 -0.187286709135484 -0.6
1.12 0 -0.6
1.09847951405162 0.218501160658064 -0.6
1.03474507641264 0.428605444248901 -0.6
0.931245965778851 0.622238660981954 -0.6
0.791959594928933 0.791959594928933 -0.6
0.622238660981955 0.931245965778851 -0.6
0.428605444248901 1.03474507641264 -0.6
0.218501160658064 1.09847951405162 -0.6
6.85802207522518e-17 1.12 -0.6
-0.218501160658064 1.09847951405162 -0.6
-0.428605444248901 1.03474507641264 -0.6
-0.622238660981954 0.931245965778851 -0.6
-0.791959594928933 0.791959594928933 -0.6
-0.931245965778851 0.622238660981954 -0.6
-1.03474507641264 0.428605444248901 -0.6
-1.09847951405162 0.218501160658064 -0.6
-1.12 1.37160441504504e-16 -0.6
-1.09847951405162 -0.218501160658064 -0.6
-1.03474507641264 -0.4286054442489 -0.6
-0.931245965778851 -0.622238660981954 -0.6
-0.791959594928934 -0.791959594928933 -0.6
-0.622238660981954 -0.931245965778851 -0.6
-0.428605444248901 -1.03474507641264 -0.6
-0.218501160658064 -1.09847951405162 -0.6
-2.05740662256755e-16 -1.12 -0.6
0.218501160658064 -1.09847951405162 -0.6
0.428605444248901 -1.03474507641264 -0.6
0.622238660981954 -0.931245965778851 -0.6
0.791959594928933 -0.791959594928934 -0.6
0.931245965778851 -0.622238660981954 -0.6
1.03474507641264 -0.428605444248901 -0.6
1.09847951405162 -0.218501160658064 -0.6
1.28 0 -0.6
1.25540515891614 0.249715612180644 -0.6
1.18256580161445 0.489834793427315 -0.6
1.06428110374726 0.711129898265091 -0.6
0.905096679918781 0.905096679918781 -0.6
0.711129898265091 1.06428110374726 -0.6
0.489834793427315 1.18256580161445 -0.6
0.249715612180644 1.25540515891614 -0.6
7.83773951454306e-17 1.28 -0.6
-0.249715612180644 1.25540515891614 -0.6
-0.489834793427315 1.18256580161445 -0.6
-0.711129898265091 1.06428110374726 -0.6
-0.905096679918781 0.905096679918781 -0.6
-1.06428110374726 0.711129898265091 -0.6
-1.18256580161445 0.489834793427315 -0.6
-1.25540515891614 0.249715612180645 -0.6
-1.28 1.56754790290861e-16 -0.6
-1.25540515891614 -0.249715612180644 -0.6
-1.18256580161445 -0.489834793427315 -0.6
-1.06428110374726 -0.711129898265091 -0.6
-0.905096679918781 -0.905096679918781 -0.6
-0.711129898265091 -1.06428110374726 -0.6
-0.489834793427316 -1.18256580161445 -0.6
-0.249715612180645 -1.25540515891614 -0.6
-2.35132185436292e-16 -1.28 -0.6
0.249715612180644 -1.25540515891614 -0.6
0.489834793427315 -1.18256580161445 -0.6
0.711129898265091 -1.06428110374726 -0.6
0.905096679918781 -0.905096679918781 -0.6
1.06428110374726 -0.711129898265091 -0.6
1.18256580161445 -0.489834793427316 -0.6
1.25540515891614 -0.249715612180645 -0.6
1.44 0 -0.6
1.41233080378065 0.280930063703225 -0.6
1.33038652681625 0.551064142605729 -0.6
1.19731624171567 0.800021135548227 -0.6
1.01823376490863 1.01823376490863 -0.6
0.800021135548227 1.19731624171567 -0.6
0.551064142605729 1.33038652681625 -0.6
0.280930063703225 1.41233080378065 -0.6
8.81745695386094e-17 1.44 -0.6
-0.280930063703225 1.41233080378065 -0.6
-0.551064142605729 1.33038652681625 -0.6
-0.800021135548227 1.19731624171567 -0.6
-1.01823376490863 1.01823376490863 -0.6
-1.19731624171567 0.800021135548227 -0.6
-1.33038652681625 0.551064142605729 -0.6
-1.41233080378065 0.280930063703225 -0.6
-1.44 1.76349139077219e-16 -0.6
-1.41233080378065 -0.280930063703225 -0.6
-1.33038652681625 -0.551064142605729 -0.6
-1.19731624171567 -0.800021135548227 -0.6
-1.01823376490863 -1.01823376490863 -0.6
-0.800021135548227 -1.19731624171567 -0.6
-0.55106414260573 -1.33038652681625 -0.6
-0.280930063703225 -1.41233080378065 -0.6
-2.64523708615828e-16 -1.44 -0.6
0.280930063703225 -1.41233080378065 -0.6
0.55106414260573 -1.33038652681625 -0.6
0.800021135548227 -1.19731624171567 -0.6
1.01823376490863 -1.01823376490863 -0.6
1.19731624171567 -0.800021135548227 -0.6
1.33038652681625 -0.55106414260573 -0.6
1.41233080378065 -0.280930063703225 -0.6
1.6 0 -0.6
1.56925644864517 0.312144515225805 -0.6
1.47820725201806 0.612293491784144 -0.6
1.33035137968407 0.888912372831363 -0.6
1.13137084989848 1.13137084989848 -0.6
0.888912372831364 1.33035137968407 -0.6
0.612293491784144 1.47820725201806 -0.6
0.312144515225805 1.56925644864517 -0.6
9.79717439317883e-17 1.6 -0.6
-0.312144515225805 1.56925644864517 -0.6
-0.612293491784144 1.47820725201806 -0.6
-0.888912372831363 1.33035137968407 -0.6
-1.13137084989848 1.13137084989848 -0.6
-1.33035137968407 0.888912372831363 -0.6
-1.47820725201806 0.612293491784144 -0.6
-1.56925644864517 0.312144515225806 -0.6
-1.6 1.95943487863577e-16 -0.6
-1.56925644864517 -0.312144515225805 -0.6
-1.47820725201806 -0.612293491784143 -0.6
-1.33035137968407 -0.888912372831363 -0.6
-1.13137084989848 -1.13137084989848 -0.6
-0.888912372831363 -1.33035137968407 -0.6
-0.612293491784145 -1.47820725201806 -0.6
-0.312144515225806 -1.56925644864517 -0.6
-2.93915231795365e-16 -1.6 -0.6
0.312144515225805 -1.56925644864517 -0.6
0.612293491784144 -1.47820725201806 -0.6
0.888912372831363 -1.33035137968407 -0.6
1.13137084989848 -1.13137084989848 -0.6
1.33035137968407 -0.888912372831363 -0.6
1.47820725201806 -0.612293491784145 -0.6
1.56925644864517 -0.312144515225806 -0.6
0.8 0 -0.4
0.784628224322584 0.156072257612903 -0.4
0.739103626009029 0.306146745892072 -0.4
0.665175689842036 0.444456186415682 -0.4
0.565685424949238 0.565685424949238 -0.4
0.444456186415682 0.665175689842036 -0.4
0.306146745892072 0.739103626009029 -0.4
0.156072257612903 0.784628224322584 -0.4
4.89858719658941e-17 0.8 -0.4
-0.156072257612903 0.784628224322584 -0.4
-0.306146745892072 0.739103626009029 -0.4
-0.444456186415682 0.665175689842036 -0.4
-0.565685424949238 0.565685424949238 -0.4
-0.665175689842036 0.444456186415682 -0.4
-0.739103626009029 0.306146745892072 -0.4
-0.784628224322584 0.156072257612903 -0.4
-0.8 9.79717439317883e-17 -0.4
-0.784628224322584 -0.156072257612903 -0.4
-0.73910362600903 -0.306146745892072 -0.4
-0.665175689842036 -0.444456186415682 -0.4
-0.565685424949238 -0.565685424949238 -0.4
-0.444456186415682 -0.665175689842036 -0.4
-0.306146745892072 -0.739103626009029 -0.4
-0.156072257612903 -0.784628224322584 -0.4
-1.46957615897682e-16 -0.8 -0.4
0.156072257612903 -0.784628224322584 -0.4
0.306146745892072 -0.739103626009029 -0.4
0.444456186415682 -0.665175689842036 -0.4
0.565685424949238 -0.565685424949238 -0.4
0.665175689842036 -0.444456186415682 -0.4
0.739103626009029 -0.306146745892072 -0.4
0.784628224322584 -0.156072257612903 -0.4
0.96 0 -0.4
0.941553869187101 0.187286709135483 -0.4
0.886924351210835 0.367376095070486 -0.4
0.798210827810444 0.533347423698818 -0.4
0.678822509939086 0.678822509939086 -0.4
0.533347423698818 0.798210827810444 -0.4
0.367376095070486 0.886924351210835 -0.4
0.187286709135483 0.941553869187101 -0.4
5.8783046359073e-17 0.96 -0.4
-0.187286709135483 0.941553869187101 -0.4
-0.367376095070486 0.886924351210835 -0.4
-0.533347423698818 0.798210827810444 -0.4
-0.678822509939086 0.678822509939086 -0.4
-0.798210827810444 0.533347423698818 -0.4
-0.886924351210835 0.367376095070486 -0.4
-0.941553869187101 0.187286709135483 -0.4
-0.96 1.17566092718146e-16 -0.4
-0.941553869187101 -0.187286709135483 -0.4
-0.886924351210835 -0.367376095070486 -0.4
-0.798210827810444 -0.533347423698818 -0.4
-0.678822509939086 -0.678822509939086 -0.4
-0.533347423698818 -0.798210827810444 -0.4
-0.367376095070487 -0.886924351210835 -0.4
-0.187286709135484 -0.941553869187101 -0.4
-1.76349139077219e-16 -0.96 -0.4
0.187286709135483 -0.941553869187101 -0.4
0.367376095070486 -0.886924351210835 -0.4
0.533347423698818 -0.798210827810444 -0.4
0.678822509939086 -0.678822509939086 -0.4
0.798210827810444 -0.533347423698818 -0.4
0.886924351210835 -0.367376095070487 -0.4
0.941553869187101 -0.187286709135484 -0.4
1.12 0 -0.4
1.09847951405162 0.218501160658064 -0.4
1.03474507641264 0.428605444248901 -0.4
0.931245965778851 0.622238660981954 -0.4
0.791959594928933 0.791959594928933 -0.4
0.622238660981955 0.931245965778851 -0.4
0.428605444248901 1.03474507641264 -0.4
0.218501160658064 1.09847951405162 -0.4
6.85802207522518e-17 1.12 -0.4
-0.218501160658064 1.09847951405162 -0.4
-0.428605444248901 1.03474507641264 -0.4
-0.622238660981954 0.931245965778851 -0.4
-0.791959594928933 0.791959594928933 -0.4
-0.931245965778851 0.622238660981954 -0.4
-1.03474507641264 0.428605444248901 -0.4
-1.09847951405162 0.218501160658064 -0.4
-1.12 1.37160441504504e-16 -0.4
-1.09847951405162 -0.218501160658064 -0.4
-1.03474507641264 -0.4286054442489 -0.4
-0.931245965778851 -0.622238660981954 -0.4
-0.791959594928934 -0.791959594928933 -0.4
-0.622238660981954 -0.931245965778851 -0.4
-0.428605444248901 -1.03474507641264 -0.4
-0.218501160658064 -1.09847951405162 -0.4
-2.05740662256755e-16 -1.12 -0.4
0.218501160658064 -1.09847951405162 -0.4
0.428605444248901 -1.03474507641264 -0.4
0.622238660981954 -0.931245965778851 -0.4
0.791959594928933 -0.791959594928934 -0.4
0.931245965778851 -0.622238660981954 -0.4
1.03474507641264 -0.428605444248901 -0.4
1.09847951405162 -0.218501160658064 -0.4
1.28 0 -0.4
1.25540515891614 0.249715612180644 -0.4
1.18256580161445 0.489834793427315 -0.4
1.06428110374726 0.711129898265091 -0.4
0.905096679918781 0.905096679918781 -0.4
0.711129898265091 1.06428110374726 -0.4
0.489834793427315 1.18256580161445 -0.4
0.249715612180644 1.25540515891614 -0.4
7.83773951454306e-17 1.28 -0.4
-0.249715612180644 1.25540515891614 -0.4
-0.489834793427315 1.18256580161445 -0.4
-0.711129898265091 1.06428110374726 -0.4
-0.905096679918781 0.905096679918781 -0.4
-1.06428110374726 0.711129898265091 -0.4
-1.18256580161445 0.489834793427315 -0.4
-1.25540515891614 0.249715612180645 -0.4
-1.28 1.56754790290861e-16 -0.4
-1.25540515891614 -0.249715612180644 -0.4
-1.18256580161445 -0.489834793427315 -0.4
-1.06428110374726 -0.711129898265091 -0.4
-0.905096679918781 -0.905096679918781 -0.4
-0.711129898265091 -1.06428110374726 -0.4
-0.489834793427316 -1.18256580161445 -0.4
-0.249715612180645 -1.25540515891614 -0.4
-2.35132185436292e-16 -1.28 -0.4
0.249715612180644 -1.25540515891614 -0.4
0.489834793427315 -1.18256580161445 -0.4
0.711129898265091 -1.06428110374726 -0.4
0.905096679918781 -0.905096679918781 -0.4
1.06428110374726 -0.711129898265091 -0.4
1.18256580161445 -0.489834793427316 -0.4
1.25540515891614 -0.249715612180645 -0.4
1.44 0 -0.4
1.41233080378065 0.280930063703225 -0.4
1.33038652681625 0.551064142605729 -0.4
1.19731624171567 0.800021135548227 -0.4
1.01823376490863 1.01823376490863 -0.4
0.800021135548227 1.19731624171567 -0.4
0.551064142605729 1.33038652681625 -0.4
0.280930063703225 1.41233080378065 -0.4
8.81745695386094e-17 1.44 -0.4
-0.280930063703225 1.41233080378065 -0.4
-0.551064142605729 1.33038652681625 -0.4
-0.800021135548227 1.19731624171567 -0.4
-1.01823376490863 1.01823376490863 -0.4
-1.19731624171567 0.800021135548227 -0.4
-1.33038652681625 0.551064142605729 -0.4
-1.41233080378065 0.280930063703225 -0.4
-1.44 1.76349139077219e-16 -0.4
-1.41233080378065 -0.280930063703225 -0.4
-1.33038652681625 -0.551064142605729 -0.4
-1.19731624171567 -0.800021135548227 -0.4
-1.01823376490863 -1.01823376490863 -0.4
-0.800021135548227 -1.19731624171567 -0.4
-0.55106414260573 -1.33038652681625 -0.4
-0.280930063703225 -1.41233080378065 -0.4
-2.64523708615828e-16 -1.44 -0.4
0.280930063703225 -1.41233080378065 -0.4
0.55106414260573 -1.33038652681625 -0.4
0.800021135548227 -1.19731624171567 -0.4
1.01823376490863 -1.01823376490863 -0.4
1.19731624171567 -0.800021135548227 -0.4
1.33038652681625 -0.55106414260573 -0.4
1.41233080378065 -0.280930063703225 -0.4
1.6 0 -0.4
1.56925644864517 0.312144515225805 -0.4
1.47820725201806 0.612293491784144 -0.4
1.33035137968407 0.888912372831363 -0.4
1.13137084989848 1.13137084989848 -0.4
0.888912372831364 1.33035137968407 -0.4
0.612293491784144 1.47820725201806 -0.4
0.312144515225805 1.56925644864517 -0.4
9.79717439317883e-17 1.6 -0.4
-0.312144515225805 1.56925644864517 -0.4
-0.612293491784144 1.47820725201806 -0.4
-0.888912372831363 1.33035137968407 -0.4
-1.13137084989848 1.13137084989848 -0.4
-1.33035137968407 0.888912372831363 -0.4
-1.47820725201806 0.612293491784144 -0.4
-1.56925644864517 0.312144515225806 -0.4
-1.6 1.95943487863577e-16 -0.4
-1.56925644864517 -0.312144515225805 -0.4
-1.47820725201806 -0.612293491784143 -0.4
-1.33035137968407 -0.888912372831363 -0.4
-1.13137084989848 -1.13137084989848 -0.4
-0.888912372831363 -1.33035137968407 -0.4
-0.612293491784145 -1.47820725201806 -0.4
-0.312144515225806 -1.56925644864517 -0.4
-2.93915231795365e-16 -1.6 -0.4
0.312144515225805 -1.56925644864517 -0.4
0.612293491784144 -1.47820725201806 -0.4
0.888912372831363 -1.33035137968407 -0.4
1.13137084989848 -1.13137084989848 -0.4
1.33035137968407 -0.888912372831363 -0.4
1.47820725201806 -0.612293491784145 -0.4
1.56925644864517 -0.312144515225806 -0.4
0.8 0 -0.2
0.784628224322584 0.156072257612903 -0.2
0.739103626009029 0.306146745892072 -0.2
0.665175689842036 0.444456186415682 -0.2
0.565685424949238 0.565685424949238 -0.2
0.444456186415682 0.665175689842036 -0.2
0.306146745892072 0.739103626009029 -0.2
0.156072257612903 0.784628224322584 -0.2
4.89858719658941e-17 0.8 -0.2
-0.156072257612903 0.784628224322584 -0.2
-0.306146745892072 0.739103626009029 -0.2
-0.444456186415682 0.665175689842036 -0.2
-0.565685424949238 0.565685424949238 -0.2
-0.665175689842036 0.444456186415682 -0.2
-0.739103626009029 0.306146745892072 -0.2
-0.784628224322584 0.156072257612903 -0.2
-0.8 9.79717439317883e-17 -0.2
-0.784628224322584 -0.156072257612903 -0.2
-0.73910362600903 -0.306146745892072 -0.2
-0.665175689842036 -0.444456186415682 -0.2
-0.565685424949238 -0.565685424949238 -0.2
-0.444456186415682 -0.665175689842036 -0.2
-0.306146745892072 -0.739103626009029 -0.2
-0.156072257612903 -0.784628224322584 -0.2
-1.46957615897682e-16 -0.8 -0.2
0.156072257612903 -0.784628224322584 -0.2
0.306146745892072 -0.739103626009029 -0.2
0.444456186415682 -0.665175689842036 -0.2
0.565685424949238 -0.565685424949238 -0.2
0.665175689842036 -0.444456186415682 -0.2
0.739103626009029 -0.306146745892072 -0.2
0.784628224322584 -0.156072257612903 -0.2
0.96 0 -0.2
0.941553869187101 0.187286709135483 -0.2
0.886924351210835 0.367376095070486 -0.2
0.798210827810444 0.533347423698818 -0.2
0.678822509939086 0.678822509939086 -0.2
0.533347423698818 0.798210827810444 -0.2
0.367376095070486 0.886924351210835 -0.2
0.187286709135483 0.941553869187101 -0.2
5.8783046359073e-17 0.96 -0.2
-0.187286709135483 0.941553869187101 -0.2
-0.367376095070486 0.886924351210835 -0.2
-0.533347423698818 0.798210827810444 -0.2
-0.678822509939086 0.678822509939086 -0.2
-0.798210827810444 0.533347423698818 -0.2
-0.886924351210835 0.367376095070486 -0.2
-0.941553869187101 0.187286709135483 -0.2
-0.96 1.17566092718146e-16 -0.2
-0.941553869187101 -0.187286709135483 -0.2
-0.886924351210835 -0.367376095070486 -0.2
-0.798210827810444 -0.533347423698818 -0.2
-0.678822509939086 -0.678822509939086 -0.2
-0.533347423698818 -0.798210827810444 -0.2
-0.367376095070487 -0.886924351210835 -0.2
-0.187286709135484 -0.941553869187101 -0.2
-1.76349139077219e-16 -0.96 -0.2
0.187286709135483 -0.941553869187101 -0.2
0.367376095070486 -0.886924351210835 -0.2
0.533347423698818 -0.798210827810444 -0.2
0.678822509939086 -0.678822509939086 -0.2
0.798210827810444 -0.533347423698818 -0.2
0.886924351210835 -0.367376095070487 -0.2
0.941553869187101 -0.187286709135484 -0.2
1.12 0 -0.2
1.09847951405162 0.218501160658064 -0.2
1.03474507641264 0.428605444248901 -0.2
0.931245965778851 0.622238660981954 -0.2
0.791959594928933 0.791959594928933 -0.2
0.622238660981955 0.931245965778851 -0.2
0.428605444248901 1.03474507641264 -0.2
0.218501160658064 1.09847951405162 -0.2
6.85802207522518e-17 1.12 -0.2
-0.218501160658064 1.09847951405162 -0.2
-0.428605444248901 1.03474507641264 -0.2
-0.622238660981954 0.931245965778851 -0.2
-0.791959594928933 0.791959594928933 -0.2
-0.931245965778851 0.622238660981954 -0.2
-1.03474507641264 0.428605444248901 -0.2
-1.09847951405162 0.218501160658064 -0.2
-1.12 1.37160441504504e-16 -0.2
-1.09847951405162 -0.218501160658064 -0.2
-1.03474507641264 -0.4286054442489 -0.2
-0.931245965778851 -0.622238660981954 -0.2
-0.791959594928934 -0.791959594928933 -0.2
-0.622238660981954 -0.931245965778851 -0.2
-0.428605444248901 -1.03474507641264 -0.2
-0.218501160658064 -1.09847951405162 -0.2
-2.05740662256755e-16 -1.12 -0.2
0.218501160658064 -1.09847951405162 -0.2
0.428605444248901 -1.03474507641264 -0.2
0.622238660981954 -0.931245965778851 -0.2
0.791959594928933 -0.791959594928934 -0.2
0.931245965778851 -0.622238660981954 -0.2
1.03474507641264 -0.428605444248901 -0.2
1.09847951405162 -0.218501160658064 -0.2
1.28 0 -0.2
1.25540515891614 0.249715612180644 -0.2
1.18256580161445 0.489834793427315 -0.2
1.06428110374726 0.711129898265091 -0.2
0.905096679918781 0.905096679918781 -0.2
0.711129898265091 1.06428110374726 -0.2
0.489834793427315 1.18256580161445 -0.2
0.249715612180644 1.25540515891614 -0.2
7.83773951454306e-17 1.28 -0.2
-0.249715612180644 1.25540515891614 -0.2
-0.489834793427315 1.18256580161445 -0.2
-0.711129898265091 1.06428110374726 -0.2
-0.905096679918781 0.905096679918781 -0.2
-1.06428110374726 0.711129898265091 -0.2
-1.18256580161445 0.489834793427315 -0.2
-1.25540515891614 0.249715612180645 -0.2
-1.28 1.56754790290861e-16 -0.2
-1.25540515891614 -0.249715612180644 -0.2
-1.18256580161445 -0.489834793427315 -0.2
-1.06428110374726 -0.711129898265091 -0.2
-0.905096679918781 -0.905096679918781 -0.2
-0.711129898265091 -1.06428110374726 -0.2
-0.489834793427316 -1.18256580161445 -0.2
-0.249715612180645 -1.25540515891614 -0.2
-2.35132185436292e-16 -1.28 -0.2
0.249715612180644 -1.25540515891614 -0.2
0.489834793427315 -1.18256580161445 -0.2
0.711129898265091 -1.06428110374726 -0.2
0.905096679918781 -0.905096679918781 -0.2
1.06428110374726 -0.711129898265091 -0.2
1.18256580161445 -0.489834793427316 -0.2
1.25540515891614 -0.249715612180645 -0.2
1.44 0 -0.2
1.41233080378065 0.280930063703225 -0.2
1.33038652681625 0.551064142605729 -0.2
1.19731624171567 0.800021135548227 -0.2
1.01823376490863 1.01823376490863 -0.2
0.800021135548227 1.19731624171567 -0.2
0.551064142605729 1.33038652681625 -0.2
0.280930063703225 1.41233080378065 -0.2
8.81745695386094e-17 1.44 -0.2
-0.280930063703225 1.41233080378065 -0.2
-0.551064142605729 1.33038652681625 -0.2
-0.800021135548227 1.19731624171567 -0.2
-1.01823376490863 1.01823376490863 -0.2
-1.19731624171567 0.800021135548227 -0.2
-1.33038652681625 0.551064142605729 -0.2
-1.41233080378065 0.280930063703225 -0.2
-1.44 1.76349139077219e-16 -0.2
-1.41233080378065 -0.280930063703225 -0.2
-1.33038652681625 -0.551064142605729 -0.2
-1.19731624171567 -0.800021135548227 -0.2
-1.01823376490863 -1.01823376490863 -0.2
-0.800021135548227 -1.19731624171567 -0.2
-0.55106414260573 -1.33038652681625 -0.2
-0.280930063703225 -1.41233080378065 -0.2
-2.64523708615828e-16 -1.44 -0.2
0.280930063703225 -1.41233080378065 -0.2
0.55106414260573 -1.33038652681625 -0.2
0.800021135548227 -1.19731624171567 -0.2
1.01823376490863 -1.01823376490863 -0.2
1.19731624171567 -0.800021135548227 -0.2
1.33038652681625 -0.55106414260573 -0.2
1.41233080378065 -0.280930063703225 -0.2
1.6 0 -0.2
1.56925644864517 0.312144515225805 -0.2
1.47820725201806 0.612293491784144 -0.2
1.33035137968407 0.888912372831363 -0.2
1.13137084989848 1.13137084989848 -0.2
0.888912372831364 1.33035137968407 -0.2
0.612293491784144 1.47820725201806 -0.2
0.312144515225805 1.56925644864517 -0.2
9.79717439317883e-17 1.6 -0.2
-0.312144515225805 1.56925644864517 -0.2
-0.612293491784144 1.47820725201806 -0.2
-0.888912372831363 1.33035137968407 -0.2
-1.13137084989848 1.13137084989848 -0.2
-1.33035137968407 0.888912372831363 -0.2
-1.47820725201806 0.612293491784144 -0.2
-1.56925644864517 0.312144515225806 -0.2
-1.6 1.95943487863577e-16 -0.2
-1.56925644864517 -0.312144515225805 -0.2
-1.47820725201806 -0.612293491784143 -0.2
-1.33035137968407 -0.888912372831363 -0.2
-1.13137084989848 -1.13137084989848 -0.2
-0.888912372831363 -1.33035137968407 -0.2
-0.612293491784145 -1.47820725201806 -0.2
-0.312144515225806 -1.56925644864517 -0.2
-2.93915231795365e-16 -1.6 -0.2
0.312144515225805 -1.56925644864517 -0.2
0.612293491784144 -1.47820725201806 -0.2
0.888912372831363 -1.33035137968407 -0.2
1.13137084989848 -1.13137084989848 -0.2
1.33035137968407 -0.888912372831363 -0.2
1.47820725201806 -0.612293491784145 -0.2
1.56925644864517 -0.312144515225806 -0.2
0.8 0 0
0.784628224322584 0.156072257612903 0
0.739103626009029 0.306146745892072 0
0.665175689842036 0.444456186415682 0
0.565685424949238 0.565685424949238 0
0.444456186415682 0.665175689842036 0
0.306146745892072 0.739103626009029 0
0.156072257612903 0.784628224322584 0
4.89858719658941e-17 0.8 0
-0.156072257612903 0.784628224322584 0
-0.306146745892072 0.739103626009029 0
-0.444456186415682 0.665175689842036 0
-0.565685424949238 0.565685424949238 0
-0.665175689842036 0.444456186415682 0
-0.739103626009029 0.306146745892072 0
-0.784628224322584 0.156072257612903 0
-0.8 9.79717439317883e-17 0
-0.784628224322584 -0.156072257612903 0
-0.73910362600903 -0.306146745892072 0
-0.665175689842036 -0.444456186415682 0
-0.565685424949238 -0.565685424949238 0
-0.444456186415682 -0.665175689842036 0
-0.306146745892072 -0.739103626009029 0
-0.156072257612903 -0.784628224322584 0
-1.46957615897682e-16 -0.8 0
0.156072257612903 -0.784628224322584 0
0.306146745892072 -0.739103626009029 0
0.444456186415682 -0.665175689842036 0
0.565685424949238 -0.565685424949238 0
0.665175689842036 -0.444456186415682 0
0.739103626009029 -0.306146745892072 0
0.784628224322584 -0.156072257612903 0
0.96 0 0
0.941553869187101 0.187286709135483 0
0.886924351210835 0.367376095070486 0
0.798210827810444 0.533347423698818 0
0.678822509939086 0.678822509939086 0
0.533347423698818 0.798210827810444 0
0.367376095070486 0.886924351210835 0
0.187286709135483 0.941553869187101 0
5.8783046359073e-17 0.96 0
-0.187286709135483 0.941553869187101 0
-0.367376095070486 0.886924351210835 0
-0.533347423698818 0.798210827810444 0
-0.678822509939086 0.678822509939086 0
-0.798210827810444 0.533347423698818 0
-0.886924351210835 0.367376095070486 0
-0.941553869187101 0.187286709135483 0
-0.96 1.17566092718146e-16 0
-0.941553869187101 -0.187286709135483 0
-0.886924351210835 -0.367376095070486 0
-0.798210827810444 -0.533347423698818 0
-0.678822509939086 -0.678822509939086 0
-0.533347423698818 -0.798210827810444 0
-0.367376095070487 -0.886924351210835 0
-0.187286709135484 -0.941553869187101 0
-1.76349139077219e-16 -0.96 0
0.187286709135483 -0.941553869187101 0
0.367376095070486 -0.886924351210835 0
0.533347423698818 -0.798210827810444 0
0.678822509939086 -0.678822509939086 0
0.798210827810444 -0.533347423698818 0
0.886924351210835 -0.367376095070487 0
0.941553869187101 -0.187286709135484 0
1.12 0 0
1.09847951405162 0.218501160658064 0
1.03474507641264 0.428605444248901 0
0.931245965778851 0.622238660981954 0
0.791959594928933 0.791959594928933 0
0.622238660981955 0.931245965778851 0
0.428605444248901 1.03474507641264 0
0.218501160658064 1.09847951405162 0
6.85802207522518e-17 1.12 0
-0.218501160658064 1.09847951405162 0
-0.428605444248901 1.03474507641264 0
-0.622238660981954 0.931245965778851 0
-0.791959594928933 0.791959594928933 0
-0.931245965778851 0.622238660981954 0
-1.03474507641264 0.428605444248901 0
-1.09847951405162 0.218501160658064 0
-1.12 1.37160441504504e-16 0
-1.09847951405162 -0.218501160658064 0
-1.03474507641264 -0.4286054442489 0
-0.931245965778851 -0.622238660981954 0
-0.791959594928934 -0.791959594928933 0
-0.622238660981954 -0.931245965778851 0
-0.428605444248901 -1.03474507641264 0
-0.218501160658064 -1.09847951405162 0
-2.05740662256755e-16 -1.12 0
0.218501160658064 -1.09847951405162 0
0.428605444248901 -1.03474507641264 0
0.622238660981954 -0.931245965778851 0
0.791959594928933 -0.791959594928934 0
0.931245965778851 -0.622238660981954 0
1.03474507641264 -0.428605444248901 0
1.09847951405162 -0.218501160658064 0
1.28 0 0
1.25540515891614 0.249715612180644 0
1.18256580161445 0.489834793427315 0
1.06428110374726 0.711129898265091 0
0.905096679918781 0.905096679918781 0
0.711129898265091 1.06428110374726 0
0.489834793427315 1.18256580161445 0
0.249715612180644 1.25540515891614 0
7.83773951454306e-17 1.28 0
-0.249715612180644 1.25540515891614 0
-0.489834793427315 1.18256580161445 0
-0.711129898265091 1.06428110374726 0
-0.905096679918781 0.905096679918781 0
-1.06428110374726 0.711129898265091 0
-1.18256580161445 0.489834793427315 0
-1.25540515891614 0.249715612180645 0
-1.28 1.56754790290861e-16 0
-1.25540515891614 -0.249715612180644 0
-1.18256580161445 -0.489834793427315 0
-1.06428110374726 -0.711129898265091 0
-0.905096679918781 -0.905096679918781 0
-0.711129898265091 -1.06428110374726 0
-0.489834793427316 -1.18256580161445 0
-0.249715612180645 -1.25540515891614 0
-2.35132185436292e-16 -1.28 0
0.249715612180644 -1.25540515891614 0
0.489834793427315 -1.18256580161445 0
0.711129898265091 -1.06428110374726 0
0.905096679918781 -0.905096679918781 0
1.06428110374726 -0.711129898265091 0
1.18256580161445 -0.489834793427316 0
1.25540515891614 -0.249715612180645 0
1.44 0 0
1.41233080378065 0.280930063703225 0
1.33038652681625 0.551064142605729 0
1.19731624171567 0.800021135548227 0
1.01823376490863 1.01823376490863 0
0.800021135548227 1.19731624171567 0
0.551064142605729 1.33038652681625 0
0.280930063703225 1.41233080378065 0
8.81745695386094e-17 1.44 0
-0.280930063703225 1.41233080378065 0
-0.551064142605729 1.33038652681625 0
-0.800021135548227 1.19731624171567 0
-1.01823376490863 1.01823376490863 0
-1.19731624171567 0.800021135548227 0
-1.33038652681625 0.551064142605729 0
-1.41233080378065 0.280930063703225 0
-1.44 1.76349139077219e-16 0
-1.41233080378065 -0.280930063703225 0
-1.33038652681625 -0.551064142605729 0
-1.19731624171567 -0.800021135548227 0
-1.01823376490863 -1.01823376490863 0
-0.800021135548227 -1.19731624171567 0
-0.55106414260573 -1.33038652681625 0
-0.280930063703225 -1.41233080378065 0
-2.64523708615828e-16 -1.44 0
0.280930063703225 -1.41233080378065 0
0.55106414260573 -1.33038652681625 0
0.800021135548227 -1.19731624171567 0
1.01823376490863 -1.01823376490863 0
1.19731624171567 -0.800021135548227 0
1.33038652681625 -0.55106414260573 0
1.41233080378065 -0.280930063703225 0
1.6 0 0
1.56925644864517 0.312144515225805 0
1.47820725201806 0.612293491784144 0
1.33035137968407 0.888912372831363 0
1.13137084989848 1.13137084989848 0
0.888912372831364 1.33035137968407 0
0.612293491784144 1.47820725201806 0
0.312144515225805 1.56925644864517 0
9.79717439317883e-17 1.6 0
-0.312144515225805 1.56925644864517 0
-0.612293491784144 1.47820725201806 0
-0.888912372831363 1.33035137968407 0
-1.13137084989848 1.13137084989848 0
-1.33035137968407 0.888912372831363 0
-1.47820725201806 0.612293491784144 0
-1.56925644864517 0.312144515225806 0
-1.6 1.95943487863577e-16 0
-1.56925644864517 -0.312144515225805 0
-1.47820725201806 -0.612293491784143 0
-1.33035137968407 -0.888912372831363 0
-1.13137084989848 -1.13137084989848 0
-0.888912372831363 -1.33035137968407 0
-0.612293491784145 -1.47820725201806 0
-0.312144515225806 -1.56925644864517 0
-2.93915231795365e-16 -1.6 0
0.312144515225805 -1.56925644864517 0
0.612293491784144 -1.47820725201806 0
0.888912372831363 -1.33035137968407 0
1.13137084989848 -1.13137084989848 0
1.33035137968407 -0.888912372831363 0
1.47820725201806 -0.612293491784145 0
1.56925644864517 -0.312144515225806 0
0.8 0 0.2
0.784628224322584 0.156072257612903 0.2
0.739103626009029 0.306146745892072 0.2
0.665175689842036 0.444456186415682 0.2
0.565685424949238 0.565685424949238 0.2
0.444456186415682 0.665175689842036 0.2
0.306146745892072 0.739103626009029 0.2
0.156072257612903 0.784628224322584 0.2
4.89858719658941e-17 0.8 0.2
-0.156072257612903 0.784628224322584 0.2
-0.306146745892072 0.739103626009029 0.2
-0.444456186415682 0.665175689842036 0.2
-0.565685424949238 0.565685424949238 0.2
-0.665175689842036 0.444456186415682 0.2
-0.739103626009029 0.306146745892072 0.2
-0.784628224322584 0.156072257612903 0.2
-0.8 9.79717439317883e-17 0.2
-0.784628224322584 -0.156072257612903 0.2
-0.73910362600903 -0.306146745892072 0.2
-0.665175689842036 -0.444456186415682 0.2
-0.565685424949238 -0.565685424949238 0.2
-0.444456186415682 -0.665175689842036 0.2
-0.306146745892072 -0.739103626009029 0.2
-0.156072257612903 -0.784628224322584 0.2
-1.46957615897682e-16 -0.8 0.2
0.156072257612903 -0.784628224322584 0.2
0.306146745892072 -0.739103626009029 0.2
0.444456186415682 -0.665175689842036 0.2
0.565685424949238 -0.565685424949238 0.2
0.665175689842036 -0.444456186415682 0.2
0.739103626009029 -0.306146745892072 0.2
0.784628224322584 -0.156072257612903 0.2
0.96 0 0.2
0.941553869187101 0.187286709135483 0.2
0.886924351210835 0.367376095070486 0.2
0.798210827810444 0.533347423698818 0.2
0.678822509939086 0.678822509939086 0.2
0.533347423698818 0.798210827810444 0.2
0.367376095070486 0.886924351210835 0.2
0.187286709135483 0.941553869187101 0.2
5.8783046359073e-17 0.96 0.2
-0.187286709135483 0.941553869187101 0.2
-0.367376095070486 0.886924351210835 0.2
-0.533347423698818 0.798210827810444 0.2
-0.678822509939086 0.678822509939086 0.2
-0.798210827810444 0.533347423698818 0.2
-0.886924351210835 0.367376095070486 0.2
-0.941553869187101 0.187286709135483 0.2
-0.96 1.17566092718146e-16 0.2
-0.941553869187101 -0.187286709135483 0.2
-0.886924351210835 -0.367376095070486 0.2
-0.798210827810444 -0.533347423698818 0.2
-0.678822509939086 -0.678822509939086 0.2
-0.533347423698818 -0.798210827810444 0.2
-0.367376095070487 -0.886924351210835 0.2
-0.187286709135484 -0.941553869187101 0.2
-1.76349139077219e-16 -0.96 0.2
0.187286709135483 -0.941553869187101 0.2
0.367376095070486 -0.886924351210835 0.2
0.533347423698818 -0.798210827810444 0.2
0.678822509939086 -0.678822509939086 0.2
0.798210827810444 -0.533347423698818 0.2
0.886924351210835 -0.367376095070487 0.2
0.941553869187101 -0.187286709135484 0.2
1.12 0 0.2
1.09847951405162 0.218501160658064 0.2
1.03474507641264 0.428605444248901 0.2
0.931245965778851 0.622238660981954 0.2
0.791959594928933 0.791959594928933 0.2
0.622238660981955 0.931245965778851 0.2
0.428605444248901 1.03474507641264 0.2
0.218501160658064 1.09847951405162 0.2
6.85802207522518e-17 1.12 0.2
-0.218501160658064 1.09847951405162 0.2
-0.428605444248901 1.03474507641264 0.2
-0.622238660981954 0.931245965778851 0.2
-0.791959594928933 0.791959594928933 0.2
-0.931245965778851 0.622238660981954 0.2
-1.03474507641264 0.428605444248901 0.2
-1.09847951405162 0.218501160658064 0.2
-1.12 1.37160441504504e-16 0.2
-1.09847951405162 -0.218501160658064 0.2
-1.03474507641264 -0.4286054442489 0.2
-0.931245965778851 -0.622238660981954 0.2
-0.791959594928934 -0.791959594928933 0.2
-0.622238660981954 -0.931245965778851 0.2
-0.428605444248901 -1.03474507641264 0.2
-0.218501160658064 -1.09847951405162 0.2
-2.05740662256755e-16 -1.12 0.2
0.218501160658064 -1.09847951405162 0.2
0.428605444248901 -1.03474507641264 0.2
0.622238660981954 -0.931245965778851 0.2
0.791959594928933 -0.791959594928934 0.2
0.931245965778851 -0.622238660981954 0.2
1.03474507641264 -0.428605444248901 0.2
1.09847951405162 -0.218501160658064 0.2
1.28 0 0.2
1.25540515891614 0.249715612180644 0.2
1.18256580161445 0.489834793427315 0.2
1.06428110374726 0.711129898265091 0.2
0.905096679918781 0.905096679918781 0.2
0.711129898265091 1.06428110374726 0.2
0.489834793427315 1.18256580161445 0.2
0.249715612180644 1.25540515891614 0.2
7.83773951454306e-17 1.28 0.2
-0.249715612180644 1.25540515891614 0.2
-0.489834793427315 1.18256580161445 0.2
-0.711129898265091 1.06428110374726 0.2
-0.905096679918781 0.905096679918781 0.2
-1.06428110374726 0.711129898265091 0.2
-1.18256580161445 0.489834793427315 0.2
-1.25540515891614 0.249715612180645 0.2
-1.28 1.56754790290861e-16 0.2
-1.25540515891614 -0.249715612180644 0.2
-1.18256580161445 -0.489834793427315 0.2
-1.06428110374726 -0.711129898265091 0.2
-0.905096679918781 -0.905096679918781 0.2
-0.711129898265091 -1.06428110374726 0.2
-0.489834793427316 -1.18256580161445 0.2
-0.249715612180645 -1.25540515891614 0.2
-2.35132185436292e-16 -1.28 0.2
0.249715612180644 -1.25540515891614 0.2
0.489834793427315 -1.18256580161445 0.2
0.711129898265091 -1.06428110374726 0.2
0.905096679918781 -0.905096679918781 0.2
1.06428110374726 -0.711129898265091 0.2
1.18256580161445 -0.489834793427316 0.2
1.25540515891614 -0.249715612180645 0.2
1.44 0 0.2
1.41233080378065 0.280930063703225 0.2
1.33038652681625 0.551064142605729 0.2
1.19731624171567 0.800021135548227 0.2
1.01823376490863 1.01823376490863 0.2
0.800021135548227 1.19731624171567 0.2
0.551064142605729 1.33038652681625 0.2
0.280930063703225 1.41233080378065 0.2
8.81745695386094e-17 1.44 0.2
-0.280930063703225 1.41233080378065 0.2
-0.551064142605729 1.33038652681625 0.2
-0.800021135548227 1.19731624171567 0.2
-1.01823376490863 1.01823376490863 0.2
-1.19731624171567 0.800021135548227 0.2
-1.33038652681625 0.551064142605729 0.2
-1.41233080378065 0.280930063703225 0.2
-1.44 1.76349139077219e-16 0.2
-1.41233080378065 -0.280930063703225 0.2
-1.33038652681625 -0.551064142605729 0.2
-1.19731624171567 -0.800021135548227 0.2
-1.01823376490863 -1.01823376490863 0.2
-0.800021135548227 -1.19731624171567 0.2
-0.55106414260573 -1.33038652681625 0.2
-0.280930063703225 -1.41233080378065 0.2
-2.64523708615828e-16 -1.44 0.2
0.280930063703225 -1.41233080378065 0.2
0.55106414260573 -1.33038652681625 0.2
0.800021135548227 -1.19731624171567 0.2
1.01823376490863 -1.01823376490863 0.2
1.19731624171567 -0.800021135548227 0.2
1.33038652681625 -0.55106414260573 0.2
1.41233080378065 -0.280930063703225 0.2
1.6 0 0.2
1.56925644864517 0.312144515225805 0.2
1.47820725201806 0.612293491784144 0.2
1.33035137968407 0.888912372831363 0.2
1.13137084989848 1.13137084989848 0.2
0.888912372831364 1.33035137968407 0.2
0.612293491784144 1.47820725201806 0.2
0.312144515225805 1.56925644864517 0.2
9.79717439317883e-17 1.6 0.2
-0.312144515225805 1.56925644864517 0.2
-0.612293491784144 1.47820725201806 0.2
-0.888912372831363 1.33035137968407 0.2
-1.13137084989848 1.13137084989848 0.2
-1.33035137968407 0.888912372831363 0.2
-1.47820725201806 0.612293491784144 0.2
-1.56925644864517 0.312144515225806 0.2
-1.6 1.95943487863577e-16 0.2
-1.56925644864517 -0.312144515225805 0.2
-1.47820725201806 -0.612293491784143 0.2
-1.33035137968407 -0.888912372831363 0.2
-1.13137084989848 -1.13137084989848 0.2
-0.888912372831363 -1.33035137968407 0.2
-0.612293491784145 -1.47820725201806 0.2
-0.312144515225806 -1.56925644864517 0.2
-2.93915231795365e-16 -1.6 0.2
0.312144515225805 -1.56925644864517 0.2
0.612293491784144 -1.47820725201806 0.2
0.888912372831363 -1.33035137968407 0.2
1.13137084989848 -1.13137084989848 0.2
1.33035137968407 -0.888912372831363 0.2
1.47820725201806 -0.612293491784145 0.2
1.56925644864517 -0.312144515225806 0.2
0.8 0 0.4
0.784628224322584 0.156072257612903 0.4
0.739103626009029 0.306146745892072 0.4
0.665175689842036 0.444456186415682 0.4
0.565685424949238 0.565685424949238 0.4
0.444456186415682 0.665175689842036 0.4
0.306146745892072 0.739103626009029 0.4
0.156072257612903 0.784628224322584 0.4
4.89858719658941e-17 0.8 0.4
-0.156072257612903 0.784628224322584 0.4
-0.306146745892072 0.739103626009029 0.4
-0.444456186415682 0.665175689842036 0.4
-0.565685424949238 0.565685424949238 0.4
-0.665175689842036 0.444456186415682 0.4
-0.739103626009029 0.306146745892072 0.4
-0.784628224322584 0.156072257612903 0.4
-0.8 9.79717439317883e-17 0.4
-0.784628224322584 -0.156072257612903 0.4
-0.73910362600903 -0.306146745892072 0.4
-0.665175689842036 -0.444456186415682 0.4
-0.565685424949238 -0.565685424949238 0.4
-0.444456186415682 -0.665175689842036 0.4
-0.306146745892072 -0.739103626009029 0.4
-0.156072257612903 -0.784628224322584 0.4
-1.46957615897682e-16 -0.8 0.4
0.156072257612903 -0.784628224322584 0.4
0.306146745892072 -0.739103626009029 0.4
0.444456186415682 -0.665175689842036 0.4
0.565685424949238 -0.565685424949238 0.4
0.665175689842036 -0.444456186415682 0.4
0.739103626009029 -0.306146745892072 0.4
0.784628224322584 -0.156072257612903 0.4
0.96 0 0.4
0.941553869187101 0.187286709135483 0.4
0.886924351210835 0.367376095070486 0.4
0.798210827810444 0.533347423698818 0.4
0.678822509939086 0.678822509939086 0.4
0.533347423698818 0.798210827810444 0.4
0.367376095070486 0.886924351210835 0.4
0.187286709135483 0.941553869187101 0.4
5.8783046359073e-17 0.96 0.4
-0.187286709135483 0.941553869187101 0.4
-0.367376095070486 0.886924351210835 0.4
-0.533347423698818 0.798210827810444 0.4
-0.678822509939086 0.678822509939086 0.4
-0.798210827810444 0.533347423698818 0.4
-0.886924351210835 0.367376095070486 0.4
-0.941553869187101 0.187286709135483 0.4
-0.96 1.17566092718146e-16 0.4
-0.941553869187101 -0.187286709135483 0.4
-0.886924351210835 -0.367376095070486 0.4
-0.798210827810444 -0.533347423698818 0.4
-0.678822509939086 -0.678822509939086 0.4
-0.533347423698818 -0.798210827810444 0.4
-0.367376095070487 -0.886924351210835 0.4
-0.187286709135484 -0.941553869187101 0.4
-1.76349139077219e-16 -0.96 0.4
0.187286709135483 -0.941553869187101 0.4
0.367376095070486 -0.886924351210835 0.4
0.533347423698818 -0.798210827810444 0.4
0.678822509939086 -0.678822509939086 0.4
0.798210827810444 -0.533347423698818 0.4
0.886924351210835 -0.367376095070487 0.4
0.941553869187101 -0.187286709135484 0.4
1.12 0 0.4
1.09847951405162 0.218501160658064 0.4
1.03474507641264 0.428605444248901 0.4
0.931245965778851 0.622238660981954 0.4
0.791959594928933 0.791959594928933 0.4
0.622238660981955 0.931245965778851 0.4
0.428605444248901 1.03474507641264 0.4
0.218501160658064 1.09847951405162 0.4
6.85802207522518e-17 1.12 0.4
-0.218501160658064 1.09847951405162 0.4
-0.428605444248901 1.03474507641264 0.4
-0.622238660981954 0.931245965778851 0.4
-0.791959594928933 0.791959594928933 0.4
-0.931245965778851 0.622238660981954 0.4
-1.03474507641264 0.428605444248901 0.4
-1.09847951405162 0.218501160658064 0.4
-1.12 1.37160441504504e-16 0.4
-1.09847951405162 -0.218501160658064 0.4
-1.03474507641264 -0.4286054442489 0.4
-0.931245965778851 -0.622238660981954 0.4
-0.791959594928934 -0.791959594928933 0.4
-0.622238660981954 -0.931245965778851 0.4
-0.428605444248901 -1.03474507641264 0.4
-0.218501160658064 -1.09847951405162 0.4
-2.05740662256755e-16 -1.12 0.4
0.218501160658064 -1.09847951405162 0.4
0.428605444248901 -1.03474507641264 0.4
0.622238660981954 -0.931245965778851 0.4
0.791959594928933 -0.791959594928934 0.4
0.931245965778851 -0.622238660981954 0.4
1.03474507641264 -0.428605444248901 0.4
1.09847951405162 -0.218501160658064 0.4
1.28 0 0.4
1.25540515891614 0.249715612180644 0.4
1.18256580161445 0.489834793427315 0.4
1.06428110374726 0.711129898265091 0.4
0.905096679918781 0.905096679918781 0.4
0.711129898265091 1.06428110374726 0.4
0.489834793427315 1.18256580161445 0.4
0.249715612180644 1.25540515891614 0.4
7.83773951454306e-17 1.28 0.4
-0.249715612180644 1.25540515891614 0.4
-0.489834793427315 1.18256580161445 0.4
-0.711129898265091 1.06428110374726 0.4
-0.905096679918781 0.905096679918781 0.4
-1.06428110374726 0.711129898265091 0.4
-1.18256580161445 0.489834793427315 0.4
-1.25540515891614 0.249715612180645 0.4
-1.28 1.56754790290861e-16 0.4
-1.25540515891614 -0.249715612180644 0.4
-1.18256580161445 -0.489834793427315 0.4
-1.06428110374726 -0.711129898265091 0.4
-0.905096679918781 -0.905096679918781 0.4
-0.711129898265091 -1.06428110374726 0.4
-0.489834793427316 -1.18256580161445 0.4
-0.249715612180645 -1.25540515891614 0.4
-2.35132185436292e-16 -1.28 0.4
0.249715612180644 -1.25540515891614 0.4
0.489834793427315 -1.18256580161445 0.4
0.711129898265091 -1.06428110374726 0.4
0.905096679918781 -0.905096679918781 0.4
1.06428110374726 -0.711129898265091 0.4
1.18256580161445 -0.489834793427316 0.4
1.25540515891614 -0.249715612180645 0.4
1.44 0 0.4
1.41233080378065 0.280930063703225 0.4
1.33038652681625 0.551064142605729 0.4
1.19731624171567 0.800021135548227 0.4
1.01823376490863 1.01823376490863 0.4
0.800021135548227 1.19731624171567 0.4
0.551064142605729 1.33038652681625 0.4
0.280930063703225 1.41233080378065 0.4
8.81745695386094e-17 1.44 0.4
-0.280930063703225 1.41233080378065 0.4
-0.551064142605729 1.33038652681625 0.4
-0.800021135548227 1.19731624171567 0.4
-1.01823376490863 1.01823376490863 0.4
-1.19731624171567 0.800021135548227 0.4
-1.33038652681625 0.551064142605729 0.4
-1.41233080378065 0.280930063703225 0.4
-1.44 1.76349139077219e-16 0.4
-1.41233080378065 -0.280930063703225 0.4
-1.33038652681625 -0.551064142605729 0.4
-1.19731624171567 -0.800021135548227 0.4
-1.01823376490863 -1.01823376490863 0.4
-0.800021135548227 -1.19731624171567 0.4
-0.55106414260573 -1.33038652681625 0.4
-0.280930063703225 -1.41233080378065 0.4
-2.64523708615828e-16 -1.44 0.4
0.280930063703225 -1.41233080378065 0.4
0.55106414260573 -1.33038652681625 0.4
0.800021135548227 -1.19731624171567 0.4
1.01823376490863 -1.01823376490863 0.4
1.19731624171567 -0.800021135548227 0.4
1.33038652681625 -0.55106414260573 0.4
1.41233080378065 -0.280930063703225 0.4
1.6 0 0.4
1.56925644864517 0.312144515225805 0.4
1.47820725201806 0.612293491784144 0.4
1.33035137968407 0.888912372831363 0.4
1.13137084989848 1.13137084989848 0.4
0.888912372831364 1.33035137968407 0.4
0.612293491784144 1.47820725201806 0.4
0.312144515225805 1.56925644864517 0.4
9.79717439317883e-17 1.6 0.4
-0.312144515225805 1.56925644864517 0.4
-0.612293491784144 1.47820725201806 0.4
-0.888912372831363 1.33035137968407 0.4
-1.13137084989848 1.13137084989848 0.4
-1.33035137968407 0.888912372831363 0.4
-1.47820725201806 0.612293491784144 0.4
-1.56925644864517 0.312144515225806 0.4
-1.6 1.95943487863577e-16 0.4
-1.56925644864517 -0.312144515225805 0.4
-1.47820725201806 -0.612293491784143 0.4
-1.33035137968407 -0.888912372831363 0.4
-1.13137084989848 -1.13137084989848 0.4
-0.888912372831363 -1.33035137968407 0.4
-0.612293491784145 -1.47820725201806 0.4
-0.312144515225806 -1.56925644864517 0.4
-2.93915231795365e-16 -1.6 0.4
0.312144515225805 -1.56925644864517 0.4
0.612293491784144 -1.47820725201806 0.4
0.888912372831363 -1.33035137968407 0.4
1.13137084989848 -1.13137084989848 0.4
1.33035137968407 -0.888912372831363 0.4
1.47820725201806 -0.612293491784145 0.4
1.56925644864517 -0.312144515225806 0.4
0.8 0 0.6
0.784628224322584 0.156072257612903 0.6
0.739103626009029 0.306146745892072 0.6
0.665175689842036 0.444456186415682 0.6
0.565685424949238 0.565685424949238 0.6
0.444456186415682 0.665175689842036 0.6
0.306146745892072 0.739103626009029 0.6
0.156072257612903 0.784628224322584 0.6
4.89858719658941e-17 0.8 0.6
-0.156072257612903 0.784628224322584 0.6
-0.306146745892072 0.739103626009029 0.6
-0.444456186415682 0.665175689842036 0.6
-0.565685424949238 0.565685424949238 0.6
-0.665175689842036 0.444456186415682 0.6
-0.739103626009029 0.306146745892072 0.6
-0.784628224322584 0.156072257612903 0.6
-0.8 9.79717439317883e-17 0.6
-0.784628224322584 -0.156072257612903 0.6
-0.73910362600903 -0.306146745892072 0.6
-0.665175689842036 -0.444456186415682 0.6
-0.565685424949238 -0.565685424949238 0.6
-0.444456186415682 -0.665175689842036 0.6
-0.306146745892072 -0.739103626009029 0.6
-0.156072257612903 -0.784628224322584 0.6
-1.46957615897682e-16 -0.8 0.6
0.156072257612903 -0.784628224322584 0.6
0.306146745892072 -0.739103626009029 0.6
0.444456186415682 -0.665175689842036 0.6
0.565685424949238 -0.565685424949238 0.6
0.665175689842036 -0.444456186415682 0.6
0.739103626009029 -0.306146745892072 0.6
0.784628224322584 -0.156072257612903 0.6
0.96 0 0.6
0.941553869187101 0.187286709135483 0.6
0.886924351210835 0.367376095070486 0.6
0.798210827810444 0.533347423698818 0.6
0.678822509939086 0.678822509939086 0.6
0.533347423698818 0.798210827810444 0.6
0.367376095070486 0.886924351210835 0.6
0.187286709135483 0.941553869187101 0.6
5.8783046359073e-17 0.96 0.6
-0.187286709135483 0.941553869187101 0.6
-0.367376095070486 0.886924351210835 0.6
-0.533347423698818 0.798210827810444 0.6
-0.678822509939086 0.678822509939086 0.6
-0.798210827810444 0.533347423698818 0.6
-0.886924351210835 0.367376095070486 0.6
-0.941553869187101 0.187286709135483 0.6
-0.96 1.17566092718146e-16 0.6
-0.941553869187101 -0.187286709135483 0.6
-0.886924351210835 -0.367376095070486 0.6
-0.798210827810444 -0.533347423698818 0.6
-0.678822509939086 -0.678822509939086 0.6
-0.533347423698818 -0.798210827810444 0.6
-0.367376095070487 -0.886924351210835 0.6
-0.187286709135484 -0.941553869187101 0.6
-1.76349139077219e-16 -0.96 0.6
0.187286709135483 -0.941553869187101 0.6
0.367376095070486 -0.886924351210835 0.6
0.533347423698818 -0.798210827810444 0.6
0.678822509939086 -0.678822509939086 0.6
0.798210827810444 -0.533347423698818 0.6
0.886924351210835 -0.367376095070487 0.6
0.941553869187101 -0.187286709135484 0.6
1.12 0 0.6
1.09847951405162 0.218501160658064 0.6
1.03474507641264 0.428605444248901 0.6
0.931245965778851 0.622238660981954 0.6
0.791959594928933 0.791959594928933 0.6
0.622238660981955 0.931245965778851 0.6
0.428605444248901 1.03474507641264 0.6
0.218501160658064 1.09847951405162 0.6
6.85802207522518e-17 1.12 0.6
-0.218501160658064 1.09847951405162 0.6
-0.428605444248901 1.03474507641264 0.6
-0.622238660981954 0.931245965778851 0.6
-0.791959594928933 0.791959594928933 0.6
-0.931245965778851 0.622238660981954 0.6
-1.03474507641264 0.428605444248901 0.6
-1.09847951405162 0.218501160658064 0.6
-1.12 1.37160441504504e-16 0.6
-1.09847951405162 -0.218501160658064 0.6
-1.03474507641264 -0.4286054442489 0.6
-0.931245965778851 -0.622238660981954 0.6
-0.791959594928934 -0.791959594928933 0.6
-0.622238660981954 -0.931245965778851 0.6
-0.428605444248901 -1.03474507641264 0.6
-0.218501160658064 -1.09847951405162 0.6
-2.05740662256755e-16 -1.12 0.6
0.218501160658064 -1.09847951405162 0.6
0.428605444248901 -1.03474507641264 0.6
0.622238660981954 -0.931245965778851 0.6
0.791959594928933 -0.791959594928934 0.6
0.931245965778851 -0.622238660981954 0.6
1.03474507641264 -0.428605444248901 0.6
1.09847951405162 -0.218501160658064 0.6
1.28 0 0.6
1.25540515891614 0.249715612180644 0.6
1.18256580161445 0.489834793427315 0.6
1.06428110374726 0.711129898265091 0.6
0.905096679918781 0.905096679918781 0.6
0.711129898265091 1.06428110374726 0.6
0.489834793427315 1.18256580161445 0.6
0.249715612180644 1.25540515891614 0.6
7.83773951454306e-17 1.28 0.6
-0.249715612180644 1.25540515891614 0.6
-0.489834793427315 1.18256580161445 0.6
-0.711129898265091 1.06428110374726 0.6
-0.905096679918781 0.905096679918781 0.6
-1.06428110374726 0.711129898265091 0.6
-1.18256580161445 0.489834793427315 0.6
-1.25540515891614 0.249715612180645 0.6
-1.28 1.56754790290861e-16 0.6
-1.25540515891614 -0.249715612180644 0.6
-1.18256580161445 -0.489834793427315 0.6
-1.06428110374726 -0.711129898265091 0.6
-0.905096679918781 -0.905096679918781 0.6
-0.711129898265091 -1.06428110374726 0.6
-0.489834793427316 -1.18256580161445 0.6
-0.249715612180645 -1.25540515891614 0.6
-2.35132185436292e-16 -1.28 0.6
0.249715612180644 -1.25540515891614 0.6
0.489834793427315 -1.18256580161445 0.6
0.711129898265091 -1.06428110374726 0.6
0.905096679918781 -0.905096679918781 0.6
1.06428110374726 -0.711129898265091 0.6
1.18256580161445 -0.489834793427316 0.6
1.25540515891614 -0.249715612180645 0.6
1.44 0 0.6
1.41233080378065 0.280930063703225 0.6
1.33038652681625 0.551064142605729 0.6
1.19731624171567 0.800021135548227 0.6
1.01823376490863 1.01823376490863 0.6
0.800021135548227 1.19731624171567 0.6
0.551064142605729 1.33038652681625 0.6
0.280930063703225 1.41233080378065 0.6
8.81745695386094e-17 1.44 0.6
-0.280930063703225 1.41233080378065 0.6
-0.551064142605729 1.33038652681625 0.6
-0.800021135548227 1.19731624171567 0.6
-1.01823376490863 1.01823376490863 0.6
-1.19731624171567 0.800021135548227 0.6
-1.33038652681625 0.551064142605729 0.6
-1.41233080378065 0.280930063703225 0.6
-1.44 1.76349139077219e-16 0.6
-1.41233080378065 -0.280930063703225 0.6
-1.33038652681625 -0.551064142605729 0.6
-1.19731624171567 -0.800021135548227 0.6
-1.01823376490863 -1.01823376490863 0.6
-0.800021135548227 -1.19731624171567 0.6
-0.55106414260573 -1.33038652681625 0.6
-0.280930063703225 -1.41233080378065 0.6
-2.64523708615828e-16 -1.44 0.6
0.280930063703225 -1.41233080378065 0.6
0.55106414260573 -1.33038652681625 0.6
0.800021135548227 -1.19731624171567 0.6
1.01823376490863 -1.01823376490863 0.6
1.19731624171567 -0.800021135548227 0.6
1.33038652681625 -0.55106414260573 0.6
1.41233080378065 -0.280930063703225 0.6
1.6 0 0.6
1.56925644864517 0.312144515225805 0.6
1.47820725201806 0.612293491784144 0.6
1.33035137968407 0.888912372831363 0.6
1.13137084989848 1.13137084989848 0.6
0.888912372831364 1.33035137968407 0.6
0.612293491784144 1.47820725201806 0.6
0.312144515225805 1.56925644864517 0.6
9.79717439317883e-17 1.6 0.6
-0.312144515225805 1.56925644864517 0.6
-0.612293491784144 1.47820725201806 0.6
-0.888912372831363 1.33035137968407 0.6
-1.13137084989848 1.13137084989848 0.6
-1.33035137968407 0.888912372831363 0.6
-1.47820725201806 0.612293491784144 0.6
-1.56925644864517 0.312144515225806 0.6
-1.6 1.95943487863577e-16 0.6
-1.56925644864517 -0.312144515225805 0.6
-1.47820725201806 -0.612293491784143 0.6
-1.33035137968407 -0.888912372831363 0.6
-1.13137084989848 -1.13137084989848 0.6
-0.888912372831363 -1.33035137968407 0.6
-0.612293491784145 -1.47820725201806 0.6
-0.312144515225806 -1.56925644864517 0.6
-2.93915231795365e-16 -1.6 0.6
0.312144515225805 -1.56925644864517 0.6
0.612293491784144 -1.47820725201806 0.6
0.888912372831363 -1.33035137968407 0.6
1.13137084989848 -1.13137084989848 0.6
1.33035137968407 -0.888912372831363 0.6
1.47820725201806 -0.612293491784145 0.6
1.56925644864517 -0.312144515225806 0.6
0.8 0 0.8
0.784628224322584 0.156072257612903 0.8
0.739103626009029 0.306146745892072 0.8
0.665175689842036 0.444456186415682 0.8
0.565685424949238 0.565685424949238 0.8
0.444456186415682 0.665175689842036 0.8
0.306146745892072 0.739103626009029 0.8
0.156072257612903 0.784628224322584 0.8
4.89858719658941e-17 0.8 0.8
-0.156072257612903 0.784628224322584 0.8
-0.306146745892072 0.739103626009029 0.8
-0.444456186415682 0.665175689842036 0.8
-0.565685424949238 0.565685424949238 0.8
-0.665175689842036 0.444456186415682 0.8
-0.739103626009029 0.306146745892072 0.8
-0.784628224322584 0.156072257612903 0.8
-0.8 9.79717439317883e-17 0.8
-0.784628224322584 -0.156072257612903 0.8
-0.73910362600903 -0.306146745892072 0.8
-0.665175689842036 -0.444456186415682 0.8
-0.565685424949238 -0.565685424949238 0.8
-0.444456186415682 -0.665175689842036 0.8
-0.306146745892072 -0.739103626009029 0.8
-0.156072257612903 -0.784628224322584 0.8
-1.46957615897682e-16 -0.8 0.8
0.156072257612903 -0.784628224322584 0.8
0.306146745892072 -0.739103626009029 0.8
0.444456186415682 -0.665175689842036 0.8
0.565685424949238 -0.565685424949238 0.8
0.665175689842036 -0.444456186415682 0.8
0.739103626009029 -0.306146745892072 0.8
0.784628224322584 -0.156072257612903 0.8
0.96 0 0.8
0.941553869187101 0.187286709135483 0.8
0.886924351210835 0.367376095070486 0.8
0.798210827810444 0.533347423698818 0.8
0.678822509939086 0.678822509939086 0.8
0.533347423698818 0.798210827810444 0.8
0.367376095070486 0.886924351210835 0.8
0.187286709135483 0.941553869187101 0.8
5.8783046359073e-17 0.96 0.8
-0.187286709135483 0.941553869187101 0.8
-0.367376095070486 0.886924351210835 0.8
-0.533347423698818 0.798210827810444 0.8
-0.678822509939086 0.678822509939086 0.8
-0.798210827810444 0.533347423698818 0.8
-0.886924351210835 0.367376095070486 0.8
-0.941553869187101 0.187286709135483 0.8
-0.96 1.17566092718146e-16 0.8
-0.941553869187101 -0.187286709135483 0.8
-0.886924351210835 -0.367376095070486 0.8
-0.798210827810444 -0.533347423698818 0.8
-0.678822509939086 -0.678822509939086 0.8
-0.533347423698818 -0.798210827810444 0.8
-0.367376095070487 -0.886924351210835 0.8
-0.187286709135484 -0.941553869187101 0.8
-1.76349139077219e-16 -0.96 0.8
0.187286709135483 -0.941553869187101 0.8
0.367376095070486 -0.886924351210835 0.8
0.533347423698818 -0.798210827810444 0.8
0.678822509939086 -0.678822509939086 0.8
0.798210827810444 -0.533347423698818 0.8
0.886924351210835 -0.367376095070487 0.8
0.941553869187101 -0.187286709135484 0.8
1.12 0 0.8
1.09847951405162 0.218501160658064 0.8
1.03474507641264 0.428605444248901 0.8
0.931245965778851 0.622238660981954 0.8
0.791959594928933 0.791959594928933 0.8
0.622238660981955 0.931245965778851 0.8
0.428605444248901 1.03474507641264 0.8
0.218501160658064 1.09847951405162 0.8
6.85802207522518e-17 1.12 0.8
-0.218501160658064 1.09847951405162 0.8
-0.428605444248901 1.03474507641264 0.8
-0.622238660981954 0.931245965778851 0.8
-0.791959594928933 0.791959594928933 0.8
-0.931245965778851 0.622238660981954 0.8
-1.03474507641264 0.428605444248901 0.8
-1.09847951405162 0.218501160658064 0.8
-1.12 1.37160441504504e-16 0.8
-1.09847951405162 -0.218501160658064 0.8
-1.03474507641264 -0.4286054442489 0.8
-0.931245965778851 -0.622238660981954 0.8
-0.791959594928934 -0.791959594928933 0.8
-0.622238660981954 -0.931245965778851 0.8
-0.428605444248901 -1.03474507641264 0.8
-0.218501160658064 -1.09847951405162 0.8
-2.05740662256755e-16 -1.12 0.8
0.218501160658064 -1.09847951405162 0.8
0.428605444248901 -1.03474507641264 0.8
0.622238660981954 -0.931245965778851 0.8
0.791959594928933 -0.791959594928934 0.8
0.931245965778851 -0.622238660981954 0.8
1.03474507641264 -0.428605444248901 0.8
1.09847951405162 -0.218501160658064 0.8
1.28 0 0.8
1.25540515891614 0.249715612180644 0.8
1.18256580161445 0.489834793427315 0.8
1.06428110374726 0.711129898265091 0.8
0.905096679918781 0.905096679918781 0.8
0.711129898265091 1.06428110374726 0.8
0.489834793427315 1.18256580161445 0.8
0.249715612180644 1.25540515891614 0.8
7.83773951454306e-17 1.28 0.8
-0.249715612180644 1.25540515891614 0.8
-0.489834793427315 1.18256580161445 0.8
-0.711129898265091 1.06428110374726 0.8
-0.905096679918781 0.905096679918781 0.8
-1.06428110374726 0.711129898265091 0.8
-1.18256580161445 0.489834793427315 0.8
-1.25540515891614 0.249715612180645 0.8
-1.28 1.56754790290861e-16 0.8
-1.25540515891614 -0.249715612180644 0.8
-1.18256580161445 -0.489834793427315 0.8
-1.06428110374726 -0.711129898265091 0.8
-0.905096679918781 -0.905096679918781 0.8
-0.711129898265091 -1.06428110374726 0.8
-0.489834793427316 -1.18256580161445 0.8
-0.249715612180645 -1.25540515891614 0.8
-2.35132185436292e-16 -1.28 0.8
0.249715612180644 -1.25540515891614 0.8
0.489834793427315 -1.18256580161445 0.8
0.711129898265091 -1.06428110374726 0.8
0.905096679918781 -0.905096679918781 0.8
1.06428110374726 -0.711129898265091 0.8
1.18256580161445 -0.489834793427316 0.8
1.25540515891614 -0.249715612180645 0.8
1.44 0 0.8
1.41233080378065 0.280930063703225 0.8
1.33038652681625 0.551064142605729 0.8
1.19731624171567 0.800021135548227 0.8
1.01823376490863 1.01823376490863 0.8
0.800021135548228 1.19731624171567 0.8
0.55106414260573 1.33038652681625 0.8
0.280930063703225 1.41233080378065 0.8
8.81745695386095e-17 1.44 0.8
-0.280930063703225 1.41233080378065 0.8
-0.551064142605729 1.33038652681625 0.8
-0.800021135548227 1.19731624171567 0.8
-1.01823376490863 1.01823376490863 0.8
-1.19731624171567 0.800021135548227 0.8
-1.33038652681625 0.55106414260573 0.8
-1.41233080378065 0.280930063703225 0.8
-1.44 1.76349139077219e-16 0.8
-1.41233080378065 -0.280930063703225 0.8
-1.33038652681625 -0.551064142605729 0.8
-1.19731624171567 -0.800021135548227 0.8
-1.01823376490863 -1.01823376490863 0.8
-0.800021135548227 -1.19731624171567 0.8
-0.55106414260573 -1.33038652681625 0.8
-0.280930063703225 -1.41233080378065 0.8
-2.64523708615828e-16 -1.44 0.8
0.280930063703225 -1.41233080378065 0.8
0.55106414260573 -1.33038652681625 0.8
0.800021135548227 -1.19731624171567 0.8
1.01823376490863 -1.01823376490863 0.8
1.19731624171567 -0.800021135548227 0.8
1.33038652681625 -0.55106414260573 0.8
1.41233080378065 -0.280930063703225 0.8
1.6 0 0.8
1.56925644864517 0.312144515225805 0.8
1.47820725201806 0.612293491784144 0.8
1.33035137968407 0.888912372831364 0.8
1.13137084989848 1.13137084989848 0.8
0.888912372831364 1.33035137968407 0.8
0.612293491784144 1.47820725201806 0.8
0.312144515225805 1.56925644864517 0.8
9.79717439317883e-17 1.6 0.8
-0.312144515225805 1.56925644864517 0.8
-0.612293491784144 1.47820725201806 0.8
-0.888912372831363 1.33035137968407 0.8
-1.13137084989848 1.13137084989848 0.8
-1.33035137968407 0.888912372831364 0.8
-1.47820725201806 0.612293491784144 0.8
-1.56925644864517 0.312144515225806 0.8
-1.6 1.95943487863577e-16 0.8
-1.56925644864517 -0.312144515225805 0.8
-1.47820725201806 -0.612293491784144 0.8
-1.33035137968407 -0.888912372831363 0.8
-1.13137084989848 -1.13137084989848 0.8
-0.888912372831364 -1.33035137968407 0.8
-0.612293491784145 -1.47820725201806 0.8
-0.312144515225806 -1.56925644864517 0.8
-2.93915231795365e-16 -1.6 0.8
0.312144515225805 -1.56925644864517 0.8
0.612293491784144 -1.47820725201806 0.8
0.888912372831363 -1.33035137968407 0.8
1.13137084989848 -1.13137084989848 0.8
1.33035137968407 -0.888912372831364 0.8
1.47820725201806 -0.612293491784145 0.8
1.56925644864517 -0.312144515225806 0.8
0.8 0 1
0.784628224322584 0.156072257612903 1
0.739103626009029 0.306146745892072 1
0.665175689842036 0.444456186415682 1
0.565685424949238 0.565685424949238 1
0.444456186415682 0.665175689842036 1
0.306146745892072 0.739103626009029 1
0.156072257612903 0.784628224322584 1
4.89858719658941e-17 0.8 1
-0.156072257612903 0.784628224322584 1
-0.306146745892072 0.739103626009029 1
-0.444456186415682 0.665175689842036 1
-0.565685424949238 0.565685424949238 1
-0.665175689842036 0.444456186415682 1
-0.739103626009029 0.306146745892072 1
-0.784628224322584 0.156072257612903 1
-0.8 9.79717439317883e-17 1
-0.784628224322584 -0.156072257612903 1
-0.73910362600903 -0.306146745892072 1
-0.665175689842036 -0.444456186415682 1
-0.565685424949238 -0.565685424949238 1
-0.444456186415682 -0.665175689842036 1
-0.306146745892072 -0.739103626009029 1
-0.156072257612903 -0.784628224322584 1
-1.46957615897682e-16 -0.8 1
0.156072257612903 -0.784628224322584 1
0.306146745892072 -0.739103626009029 1
0.444456186415682 -0.665175689842036 1
0.565685424949238 -0.565685424949238 1
0.665175689842036 -0.444456186415682 1
0.739103626009029 -0.306146745892072 1
0.784628224322584 -0.156072257612903 1
1.01 0 1
0.990593133207263 0.19704122523629 1
0.9331183278364 0.386510266688741 1
0.839784308425571 0.561125935349798 1
0.714177848998413 0.714177848998413 1
0.561125935349798 0.839784308425571 1
0.386510266688741 0.9331183278364 1
0.19704122523629 0.990593133207263 1
6.18446633569413e-17 1.01 1
-0.197041225236289 0.990593133207263 1
-0.386510266688741 0.9331183278364 1
-0.561125935349798 0.839784308425571 1
-0.714177848998413 0.714177848998413 1
-0.839784308425571 0.561125935349798 1
-0.9331183278364 0.386510266688741 1
-0.990593133207263 0.19704122523629 1
-1.01 1.23689326713883e-16 1
-0.990593133207263 -0.19704122523629 1
-0.9331183278364 -0.386510266688741 1
-0.839784308425571 -0.561125935349798 1
-0.714177848998413 -0.714177848998413 1
-0.561125935349798 -0.839784308425571 1
-0.386510266688741 -0.933118327836399 1
-0.19704122523629 -0.990593133207263 1
-1.85533990070824e-16 -1.01 1
0.19704122523629 -0.990593133207263 1
0.386510266688741 -0.933118327836399 1
0.561125935349798 -0.839784308425571 1
0.714177848998413 -0.714177848998413 1
0.839784308425571 -0.561125935349798 1
0.933118327836399 -0.386510266688741 1
0.990593133207263 -0.19704122523629 1
1.22 0 1
1.19655804209194 0.238010192859677 1
1.12713302966377 0.46687378748541 1
1.01439292700911 0.677795684283915 1
0.862670273047588 0.862670273047588 1
0.677795684283915 1.01439292700911 1
0.46687378748541 1.12713302966377 1
0.238010192859677 1.19655804209194 1
7.47034547479886e-17 1.22 1
-0.238010192859676 1.19655804209194 1
-0.46687378748541 1.12713302966377 1
-0.677795684283914 1.01439292700911 1
-0.862670273047588 0.862670273047588 1
-1.01439292700911 0.677795684283915 1
-1.12713302966377 0.46687378748541 1
-1.19655804209194 0.238010192859677 1
-1.22 1.49406909495977e-16 1
-1.19655804209194 -0.238010192859677 1
-1.12713302966377 -0.466873787485409 1
-1.01439292700911 -0.677795684283914 1
-0.862670273047588 -0.862670273047588 1
-0.677795684283915 -1.01439292700911 1
-0.46687378748541 -1.12713302966377 1
-0.238010192859677 -1.19655804209194 1
-2.24110364243966e-16 -1.22 1
0.238010192859677 -1.19655804209194 1
0.46687378748541 -1.12713302966377 1
0.677795684283914 -1.01439292700911 1
0.862670273047588 -0.862670273047588 1
1.01439292700911 -0.677795684283915 1
1.12713302966377 -0.46687378748541 1
1.19655804209194 -0.238010192859677 1
1.43 0 1
1.40252295097662 0.278979160483063 1
1.32114773149114 0.547237308282078 1
1.18900154559264 0.794465433218031 1
1.01116269709676 1.01116269709676 1
0.794465433218031 1.18900154559264 1
0.547237308282079 1.32114773149114 1
0.278979160483064 1.40252295097662 1
8.75622461390358e-17 1.43 1
-0.278979160483063 1.40252295097662 1
-0.547237308282078 1.32114773149114 1
-0.794465433218031 1.18900154559264 1
-1.01116269709676 1.01116269709676 1
-1.18900154559264 0.794465433218031 1
-1.32114773149114 0.547237308282079 1
-1.40252295097662 0.278979160483064 1
-1.43 1.75124492278072e-16 1
-1.40252295097662 -0.278979160483064 1
-1.32114773149114 -0.547237308282078 1
-1.18900154559264 -0.794465433218031 1
-1.01116269709676 -1.01116269709676 1
-0.794465433218031 -1.18900154559264 1
-0.547237308282079 -1.32114773149114 1
-0.278979160483064 -1.40252295097662 1
-2.62686738417107e-16 -1.43 1
0.278979160483063 -1.40252295097662 1
0.547237308282079 -1.32114773149114 1
0.794465433218031 -1.18900154559264 1
1.01116269709676 -1.01116269709676 1
1.18900154559264 -0.794465433218031 1
1.32114773149114 -0.547237308282079 1
1.40252295097662 -0.278979160483064 1
1.64 0 1
1.6084878598613 0.31994812810645 1
1.51516243331851 0.627600829078747 1
1.36361016417617 0.911135182152148 1
1.15965512114594 1.15965512114594 1
0.911135182152148 1.36361016417617 1
0.627600829078747 1.51516243331851 1
0.319948128106451 1.6084878598613 1
1.00421037530083e-16 1.64 1
-0.31994812810645 1.6084878598613 1
-0.627600829078747 1.51516243331851 1
-0.911135182152147 1.36361016417617 1
-1.15965512114594 1.15965512114594 1
-1.36361016417617 0.911135182152148 1
-1.51516243331851 0.627600829078747 1
-1.6084878598613 0.319948128106451 1
-1.64 2.00842075060166e-16 1
-1.6084878598613 -0.319948128106451 1
-1.51516243331851 -0.627600829078747 1
-1.36361016417617 -0.911135182152147 1
-1.15965512114594 -1.15965512114594 1
-0.911135182152148 -1.36361016417617 1
-0.627600829078748 -1.51516243331851 1
-0.319948128106451 -1.6084878598613 1
-3.01263112590249e-16 -1.64 1
0.31994812810645 -1.6084878598613 1
0.627600829078748 -1.51516243331851 1
0.911135182152147 -1.36361016417617 1
1.15965512114594 -1.15965512114594 1
1.36361016417617 -0.911135182152148 1
1.51516243331851 -0.627600829078748 1
1.6084878598613 -0.319948128106451 1
1.85 0 1
1.81445276874598 0.360917095729837 1
1.70917713514588 0.707964349875416 1
1.53821878275971 1.02780493108626 1
1.30814754519511 1.30814754519511 1
1.02780493108626 1.53821878275971 1
0.707964349875416 1.70917713514588 1
0.360917095729837 1.81445276874598 1
1.1327982892113e-16 1.85 1
-0.360917095729837 1.81445276874598 1
-0.707964349875416 1.70917713514588 1
-1.02780493108626 1.53821878275971 1
-1.30814754519511 1.30814754519511 1
-1.53821878275971 1.02780493108626 1
-1.70917713514588 0.707964349875416 1
-1.81445276874598 0.360917095729838 1
-1.85 2.2655965784226e-16 1
-1.81445276874598 -0.360917095729837 1
-1.70917713514588 -0.707964349875416 1
-1.53821878275971 -1.02780493108626 1
-1.30814754519511 -1.30814754519511 1
-1.02780493108626 -1.53821878275971 1
-0.707964349875417 -1.70917713514588 1
-0.360917095729838 -1.81445276874598 1
-3.3983948676339e-16 -1.85 1
0.360917095729837 -1.81445276874598 1
0.707964349875417 -1.70917713514588 1
1.02780493108626 -1.53821878275971 1
1.30814754519511 -1.30814754519511 1
1.53821878275971 -1.02780493108626 1
1.70917713514588 -0.707964349875417 1
1.81445276874598 -0.360917095729838 1
0.8 0 1.2
0.784628224322584 0.156072257612903 1.2
0.739103626009029 0.306146745892072 1.2
0.665175689842036 0.444456186415682 1.2
0.565685424949238 0.565685424949238 1.2
0.444456186415682 0.665175689842036 1.2
0.306146745892072 0.739103626009029 1.2
0.156072257612903 0.784628224322584 1.2
4.89858719658941e-17 0.8 1.2
-0.156072257612903 0.784628224322584 1.2
-0.306146745892072 0.739103626009029 1.2
-0.444456186415682 0.665175689842036 1.2
-0.565685424949238 0.565685424949238 1.2
-0.665175689842036 0.444456186415682 1.2
-0.739103626009029 0.306146745892072 1.2
-0.784628224322584 0.156072257612903 1.2
-0.8 9.79717439317883e-17 1.2
-0.784628224322584 -0.156072257612903 1.2
-0.73910362600903 -0.306146745892072 1.2
-0.665175689842036 -0.444456186415682 1.2
-0.565685424949238 -0.565685424949238 1.2
-0.444456186415682 -0.665175689842036 1.2
-0.306146745892072 -0.739103626009029 1.2
-0.156072257612903 -0.784628224322584 1.2
-1.46957615897682e-16 -0.8 1.2
0.156072257612903 -0.784628224322584 1.2
0.306146745892072 -0.739103626009029 1.2
0.444456186415682 -0.665175689842036 1.2
0.565685424949238 -0.565685424949238 1.2
0.665175689842036 -0.444456186415682 1.2
0.739103626009029 -0.306146745892072 1.2
0.784628224322584 -0.156072257612903 1.2
1.06 0 1.2
1.03963239722742 0.206795741337096 1.2
0.979312304461964 0.405644438306995 1.2
0.881357789040698 0.588904447000778 1.2
0.74953318805774 0.74953318805774 1.2
0.588904447000778 0.881357789040698 1.2
0.405644438306995 0.979312304461964 1.2
0.206795741337096 1.03963239722742 1.2
6.49062803548097e-17 1.06 1.2
-0.206795741337096 1.03963239722742 1.2
-0.405644438306995 0.979312304461964 1.2
-0.588904447000778 0.881357789040698 1.2
-0.74953318805774 0.74953318805774 1.2
-0.881357789040698 0.588904447000778 1.2
-0.979312304461964 0.405644438306995 1.2
-1.03963239722742 0.206795741337096 1.2
-1.06 1.29812560709619e-16 1.2
-1.03963239722742 -0.206795741337096 1.2
-0.979312304461964 -0.405644438306995 1.2
-0.881357789040698 -0.588904447000778 1.2
-0.749533188057741 -0.74953318805774 1.2
-0.588904447000778 -0.881357789040698 1.2
-0.405644438306996 -0.979312304461964 1.2
-0.206795741337096 -1.03963239722742 1.2
-1.94718841064429e-16 -1.06 1.2
0.206795741337096 -1.03963239722742 1.2
0.405644438306995 -0.979312304461964 1.2
0.588904447000778 -0.881357789040698 1.2
0.74953318805774 -0.749533188057741 1.2
0.881357789040698 -0.588904447000778 1.2
0.979312304461964 -0.405644438306996 1.2
1.03963239722742 -0.206795741337096 1.2
1.32 0 1.2
1.29463657013226 0.257519225061289 1.2
1.2195209829149 0.505142130721918 1.2
1.09753988823936 0.733352707585875 1.2
0.933380951166243 0.933380951166243 1.2
0.733352707585875 1.09753988823936 1.2
0.505142130721919 1.2195209829149 1.2
0.257519225061289 1.29463657013226 1.2
8.08266887437253e-17 1.32 1.2
-0.257519225061289 1.29463657013226 1.2
-0.505142130721918 1.2195209829149 1.2
-0.733352707585875 1.09753988823936 1.2
-0.933380951166243 0.933380951166243 1.2
-1.09753988823936 0.733352707585875 1.2
-1.2195209829149 0.505142130721919 1.2
-1.29463657013226 0.25751922506129 1.2
-1.32 1.61653377487451e-16 1.2
-1.29463657013226 -0.257519225061289 1.2
-1.2195209829149 -0.505142130721918 1.2
-1.09753988823936 -0.733352707585875 1.2
-0.933380951166243 -0.933380951166243 1.2
-0.733352707585875 -1.09753988823936 1.2
-0.505142130721919 -1.2195209829149 1.2
-0.25751922506129 -1.29463657013226 1.2
-2.42480066231176e-16 -1.32 1.2
0.257519225061289 -1.29463657013226 1.2
0.505142130721919 -1.2195209829149 1.2
0.733352707585874 -1.09753988823936 1.2
0.933380951166243 -0.933380951166243 1.2
1.09753988823936 -0.733352707585875 1.2
1.2195209829149 -0.505142130721919 1.2
1.29463657013226 -0.25751922506129 1.2
1.58 0 1.2
1.5496407430371 0.308242708785483 1.2
1.45972966136783 0.604639823136842 1.2
1.31372198743802 0.877800968170972 1.2
1.11722871427475 1.11722871427475 1.2
0.877800968170972 1.31372198743802 1.2
0.604639823136842 1.45972966136783 1.2
0.308242708785483 1.5496407430371 1.2
9.67470971326409e-17 1.58 1.2
-0.308242708785483 1.5496407430371 1.2
-0.604639823136842 1.45972966136783 1.2
-0.877800968170971 1.31372198743802 1.2
-1.11722871427475 1.11722871427475 1.2
-1.31372198743802 0.877800968170972 1.2
-1.45972966136783 0.604639823136842 1.2
-1.5496407430371 0.308242708785483 1.2
-1.58 1.93494194265282e-16 1.2
-1.5496407430371 -0.308242708785483 1.2
-1.45972966136783 -0.604639823136842 1.2
-1.31372198743802 -0.877800968170971 1.2
-1.11722871427475 -1.11722871427475 1.2
-0.877800968170972 -1.31372198743802 1.2
-0.604639823136843 -1.45972966136783 1.2
-0.308242708785483 -1.5496407430371 1.2
-2.90241291397923e-16 -1.58 1.2
0.308242708785483 -1.5496407430371 1.2
0.604639823136842 -1.45972966136783 1.2
0.877800968170971 -1.31372198743802 1.2
1.11722871427474 -1.11722871427475 1.2
1.31372198743802 -0.877800968170972 1.2
1.45972966136783 -0.604639823136843 1.2
1.5496407430371 -0.308242708785483 1.2
1.84 0 1.2
1.80464491594194 0.358966192509676 1.2
1.69993833982077 0.704137515551765 1.2
1.52990408663668 1.02224922875607 1.2
1.30107647738325 1.30107647738325 1.2
1.02224922875607 1.52990408663668 1.2
0.704137515551765 1.69993833982077 1.2
0.358966192509676 1.80464491594194 1.2
1.12667505521556e-16 1.84 1.2
-0.358966192509676 1.80464491594194 1.2
-0.704137515551765 1.69993833982077 1.2
-1.02224922875607 1.52990408663668 1.2
-1.30107647738325 1.30107647738325 1.2
-1.52990408663668 1.02224922875607 1.2
-1.69993833982077 0.704137515551765 1.2
-1.80464491594194 0.358966192509677 1.2
-1.84 2.25335011043113e-16 1.2
-1.80464491594194 -0.358966192509676 1.2
-1.69993833982077 -0.704137515551765 1.2
-1.52990408663668 -1.02224922875607 1.2
-1.30107647738325 -1.30107647738325 1.2
-1.02224922875607 -1.52990408663668 1.2
-0.704137515551766 -1.69993833982077 1.2
-0.358966192509677 -1.80464491594194 1.2
-3.38002516564669e-16 -1.84 1.2
0.358966192509676 -1.80464491594194 1.2
0.704137515551766 -1.69993833982077 1.2
1.02224922875607 -1.52990408663668 1.2
1.30107647738325 -1.30107647738325 1.2
1.52990408663668 -1.02224922875607 1.2
1.69993833982077 -0.704137515551766 1.2
1.80464491594194 -0.358966192509677 1.2
2.1 0 1.2
2.05964908884678 0.409689676233869 1.2
1.9401470182737 0.803635207966689 1.2
1.74608618583535 1.16669748934116 1.2
1.48492424049175 1.48492424049175 1.2
1.16669748934116 1.74608618583535 1.2
0.803635207966689 1.9401470182737 1.2
0.40968967623387 2.05964908884678 1.2
1.28587913910472e-16 2.1 1.2
-0.409689676233869 2.05964908884678 1.2
-0.803635207966688 1.9401470182737 1.2
-1.16669748934116 1.74608618583535 1.2
-1.48492424049175 1.48492424049175 1.2
-1.74608618583535 1.16669748934116 1.2
-1.9401470182737 0.803635207966689 1.2
-2.05964908884678 0.40968967623387 1.2
-2.1 2.57175827820944e-16 1.2
-2.05964908884678 -0.40968967623387 1.2
-1.9401470182737 -0.803635207966688 1.2
-1.74608618583535 -1.16669748934116 1.2
-1.48492424049175 -1.48492424049175 1.2
-1.16669748934116 -1.74608618583535 1.2
-0.80363520796669 -1.9401470182737 1.2
-0.40968967623387 -2.05964908884678 1.2
-3.85763741731416e-16 -2.1 1.2
0.409689676233869 -2.05964908884678 1.2
0.803635207966689 -1.9401470182737 1.2
1.16669748934116 -1.74608618583535 1.2
1.48492424049175 -1.48492424049175 1.2
1.74608618583535 -1.16669748934116 1.2
1.9401470182737 -0.80363520796669 1.2
2.05964908884678 -0.40968967623387 1.2
0.8 0 1.4
0.784628224322584 0.156072257612903 1.4
0.739103626009029 0.306146745892072 1.4
0.665175689842036 0.444456186415682 1.4
0.565685424949238 0.565685424949238 1.4
0.444456186415682 0.665175689842036 1.4
0.306146745892072 0.739103626009029 1.4
0.156072257612903 0.784628224322584 1.4
4.89858719658941e-17 0.8 1.4
-0.156072257612903 0.784628224322584 1.4
-0.306146745892072 0.739103626009029 1.4
-0.444456186415682 0.665175689842036 1.4
-0.565685424949238 0.565685424949238 1.4
-0.665175689842036 0.444456186415682 1.4
-0.739103626009029 0.306146745892072 1.4
-0.784628224322584 0.156072257612903 1.4
-0.8 9.79717439317883e-17 1.4
-0.784628224322584 -0.156072257612903 1.4
-0.73910362600903 -0.306146745892072 1.4
-0.665175689842036 -0.444456186415682 1.4
-0.565685424949238 -0.565685424949238 1.4
-0.444456186415682 -0.665175689842036 1.4
-0.306146745892072 -0.739103626009029 1.4
-0.156072257612903 -0.784628224322584 1.4
-1.46957615897682e-16 -0.8 1.4
0.156072257612903 -0.784628224322584 1.4
0.306146745892072 -0.739103626009029 1.4
0.444456186415682 -0.665175689842036 1.4
0.565685424949238 -0.565685424949238 1.4
0.665175689842036 -0.444456186415682 1.4
0.739103626009029 -0.306146745892072 1.4
0.784628224322584 -0.156072257612903 1.4
1.06 0 1.4
1.03963239722742 0.206795741337096 1.4
0.979312304461964 0.405644438306995 1.4
0.881357789040698 0.588904447000778 1.4
0.74953318805774 0.74953318805774 1.4
0.588904447000778 0.881357789040698 1.4
0.405644438306995 0.979312304461964 1.4
0.206795741337096 1.03963239722742 1.4
6.49062803548097e-17 1.06 1.4
-0.206795741337096 1.03963239722742 1.4
-0.405644438306995 0.979312304461964 1.4
-0.588904447000778 0.881357789040698 1.4
-0.74953318805774 0.74953318805774 1.4
-0.881357789040698 0.588904447000778 1.4
-0.979312304461964 0.405644438306995 1.4
-1.03963239722742 0.206795741337096 1.4
-1.06 1.29812560709619e-16 1.4
-1.03963239722742 -0.206795741337096 1.4
-0.979312304461964 -0.405644438306995 1.4
-0.881357789040698 -0.588904447000778 1.4
-0.749533188057741 -0.74953318805774 1.4
-0.588904447000778 -0.881357789040698 1.4
-0.405644438306996 -0.979312304461964 1.4
-0.206795741337096 -1.03963239722742 1.4
-1.94718841064429e-16 -1.06 1.4
0.206795741337096 -1.03963239722742 1.4
0.405644438306995 -0.979312304461964 1.4
0.588904447000778 -0.881357789040698 1.4
0.74953318805774 -0.749533188057741 1.4
0.881357789040698 -0.588904447000778 1.4
0.979312304461964 -0.405644438306996 1.4
1.03963239722742 -0.206795741337096 1.4
1.32 0 1.4
1.29463657013226 0.257519225061289 1.4
1.2195209829149 0.505142130721918 1.4
1.09753988823936 0.733352707585875 1.4
0.933380951166243 0.933380951166243 1.4
0.733352707585875 1.09753988823936 1.4
0.505142130721919 1.2195209829149 1.4
0.257519225061289 1.29463657013226 1.4
8.08266887437253e-17 1.32 1.4
-0.257519225061289 1.29463657013226 1.4
-0.505142130721918 1.2195209829149 1.4
-0.733352707585875 1.09753988823936 1.4
-0.933380951166243 0.933380951166243 1.4
-1.09753988823936 0.733352707585875 1.4
-1.2195209829149 0.505142130721919 1.4
-1.29463657013226 0.25751922506129 1.4
-1.32 1.61653377487451e-16 1.4
-1.29463657013226 -0.257519225061289 1.4
-1.2195209829149 -0.505142130721918 1.4
-1.09753988823936 -0.733352707585875 1.4
-0.933380951166243 -0.933380951166243 1.4
-0.733352707585875 -1.09753988823936 1.4
-0.505142130721919 -1.2195209829149 1.4
-0.25751922506129 -1.29463657013226 1.4
-2.42480066231176e-16 -1.32 1.4
0.257519225061289 -1.29463657013226 1.4
0.505142130721919 -1.2195209829149 1.4
0.733352707585874 -1.09753988823936 1.4
0.933380951166243 -0.933380951166243 1.4
1.09753988823936 -0.733352707585875 1.4
1.2195209829149 -0.505142130721919 1.4
1.29463657013226 -0.25751922506129 1.4
1.58 0 1.4
1.5496407430371 0.308242708785483 1.4
1.45972966136783 0.604639823136842 1.4
1.31372198743802 0.877800968170972 1.4
1.11722871427475 1.11722871427475 1.4
0.877800968170972 1.31372198743802 1.4
0.604639823136842 1.45972966136783 1.4
0.308242708785483 1.5496407430371 1.4
9.67470971326409e-17 1.58 1.4
-0.308242708785483 1.5496407430371 1.4
-0.604639823136842 1.45972966136783 1.4
-0.877800968170971 1.31372198743802 1.4
-1.11722871427475 1.11722871427475 1.4
-1.31372198743802 0.877800968170972 1.4
-1.45972966136783 0.604639823136842 1.4
-1.5496407430371 0.308242708785483 1.4
-1.58 1.93494194265282e-16 1.4
-1.5496407430371 -0.308242708785483 1.4
-1.45972966136783 -0.604639823136842 1.4
-1.31372198743802 -0.877800968170971 1.4
-1.11722871427475 -1.11722871427475 1.4
-0.877800968170972 -1.31372198743802 1.4
-0.604639823136843 -1.45972966136783 1.4
-0.308242708785483 -1.5496407430371 1.4
-2.90241291397923e-16 -1.58 1.4
0.308242708785483 -1.5496407430371 1.4
0.604639823136842 -1.45972966136783 1.4
0.877800968170971 -1.31372198743802 1.4
1.11722871427474 -1.11722871427475 1.4
1.31372198743802 -0.877800968170972 1.4
1.45972966136783 -0.604639823136843 1.4
1.5496407430371 -0.308242708785483 1.4
1.84 0 1.4
1.80464491594194 0.358966192509676 1.4
1.69993833982077 0.704137515551765 1.4
1.52990408663668 1.02224922875607 1.4
1.30107647738325 1.30107647738325 1.4
1.02224922875607 1.52990408663668 1.4
0.704137515551765 1.69993833982077 1.4
0.358966192509676 1.80464491594194 1.4
1.12667505521556e-16 1.84 1.4
-0.358966192509676 1.80464491594194 1.4
-0.704137515551765 1.69993833982077 1.4
-1.02224922875607 1.52990408663668 1.4
-1.30107647738325 1.30107647738325 1.4
-1.52990408663668 1.02224922875607 1.4
-1.69993833982077 0.704137515551765 1.4
-1.80464491594194 0.358966192509677 1.4
-1.84 2.25335011043113e-16 1.4
-1.80464491594194 -0.358966192509676 1.4
-1.69993833982077 -0.704137515551765 1.4
-1.52990408663668 -1.02224922875607 1.4
-1.30107647738325 -1.30107647738325 1.4
-1.02224922875607 -1.52990408663668 1.4
-0.704137515551766 -1.69993833982077 1.4
-0.358966192509677 -1.80464491594194 1.4
-3.38002516564669e-16 -1.84 1.4
0.358966192509676 -1.80464491594194 1.4
0.704137515551766 -1.69993833982077 1.4
1.02224922875607 -1.52990408663668 1.4
1.30107647738325 -1.30107647738325 1.4
1.52990408663668 -1.02224922875607 1.4
1.69993833982077 -0.704137515551766 1.4
1.80464491594194 -0.358966192509677 1.4
2.1 0 1.4
2.05964908884678 0.409689676233869 1.4
1.9401470182737 0.803635207966689 1.4
1.74608618583535 1.16669748934116 1.4
1.48492424049175 1.48492424049175 1.4
1.16669748934116 1.74608618583535 1.4
0.803635207966689 1.9401470182737 1.4
0.40968967623387 2.05964908884678 1.4
1.28587913910472e-16 2.1 1.4
-0.409689676233869 2.05964908884678 1.4
-0.803635207966688 1.9401470182737 1.4
-1.16669748934116 1.74608618583535 1.4
-1.48492424049175 1.48492424049175 1.4
-1.74608618583535 1.16669748934116 1.4
-1.9401470182737 0.803635207966689 1.4
-2.05964908884678 0.40968967623387 1.4
-2.1 2.57175827820944e-16 1.4
-2.05964908884678 -0.40968967623387 1.4
-1.9401470182737 -0.803635207966688 1.4
-1.74608618583535 -1.16669748934116 1.4
-1.48492424049175 -1.48492424049175 1.4
-1.16669748934116 -1.74608618583535 1.4
-0.80363520796669 -1.9401470182737 1.4
-0.40968967623387 -2.05964908884678 1.4
-3.85763741731416e-16 -2.1 1.4
0.409689676233869 -2.05964908884678 1.4
0.803635207966689 -1.9401470182737 1.4
1.16669748934116 -1.74608618583535 1.4
1.48492424049175 -1.48492424049175 1.4
1.74608618583535 -1.16669748934116 1.4
1.9401470182737 -0.80363520796669 1.4
2.05964908884678 -0.40968967623387 1.4
0.8 0 1.6
0.784628224322584 0.156072257612903 1.6
0.739103626009029 0.306146745892072 1.6
0.665175689842036 0.444456186415682 1.6
0.565685424949238 0.565685424949238 1.6
0.444456186415682 0.665175689842036 1.6
0.306146745892072 0.739103626009029 1.6
0.156072257612903 0.784628224322584 1.6
4.89858719658941e-17 0.8 1.6
-0.156072257612903 0.784628224322584 1.6
-0.306146745892072 0.739103626009029 1.6
-0.444456186415682 0.665175689842036 1.6
-0.565685424949238 0.565685424949238 1.6
-0.665175689842036 0.444456186415682 1.6
-0.739103626009029 0.306146745892072 1.6
-0.784628224322584 0.156072257612903 1.6
-0.8 9.79717439317883e-17 1.6
-0.784628224322584 -0.156072257612903 1.6
-0.73910362600903 -0.306146745892072 1.6
-0.665175689842036 -0.444456186415682 1.6
-0.565685424949238 -0.565685424949238 1.6
-0.444456186415682 -0.665175689842036 1.6
-0.306146745892072 -0.739103626009029 1.6
-0.156072257612903 -0.784628224322584 1.6
-1.46957615897682e-16 -0.8 1.6
0.156072257612903 -0.784628224322584 1.6
0.306146745892072 -0.739103626009029 1.6
0.444456186415682 -0.665175689842036 1.6
0.565685424949238 -0.565685424949238 1.6
0.665175689842036 -0.444456186415682 1.6
0.739103626009029 -0.306146745892072 1.6
0.784628224322584 -0.156072257612903 1.6
1.06 0 1.6
1.03963239722742 0.206795741337096 1.6
0.979312304461964 0.405644438306995 1.6
0.881357789040698 0.588904447000778 1.6
0.74953318805774 0.74953318805774 1.6
0.588904447000778 0.881357789040698 1.6
0.405644438306995 0.979312304461964 1.6
0.206795741337096 1.03963239722742 1.6
6.49062803548097e-17 1.06 1.6
-0.206795741337096 1.03963239722742 1.6
-0.405644438306995 0.979312304461964 1.6
-0.588904447000778 0.881357789040698 1.6
-0.74953318805774 0.74953318805774 1.6
-0.881357789040698 0.588904447000778 1.6
-0.979312304461964 0.405644438306995 1.6
-1.03963239722742 0.206795741337096 1.6
-1.06 1.29812560709619e-16 1.6
-1.03963239722742 -0.206795741337096 1.6
-0.979312304461964 -0.405644438306995 1.6
-0.881357789040698 -0.588904447000778 1.6
-0.749533188057741 -0.74953318805774 1.6
-0.588904447000778 -0.881357789040698 1.6
-0.405644438306996 -0.979312304461964 1.6
-0.206795741337096 -1.03963239722742 1.6
-1.94718841064429e-16 -1.06 1.6
0.206795741337096 -1.03963239722742 1.6
0.405644438306995 -0.979312304461964 1.6
0.588904447000778 -0.881357789040698 1.6
0.74953318805774 -0.749533188057741 1.6
0.881357789040698 -0.588904447000778 1.6
0.979312304461964 -0.405644438306996 1.6
1.03963239722742 -0.206795741337096 1.6
1.32 0 1.6
1.29463657013226 0.257519225061289 1.6
1.2195209829149 0.505142130721918 1.6
1.09753988823936 0.733352707585875 1.6
0.933380951166243 0.933380951166243 1.6
0.733352707585875 1.09753988823936 1.6
0.505142130721919 1.2195209829149 1.6
0.257519225061289 1.29463657013226 1.6
8.08266887437253e-17 1.32 1.6
-0.257519225061289 1.29463657013226 1.6
-0.505142130721918 1.2195209829149 1.6
-0.733352707585875 1.09753988823936 1.6
-0.933380951166243 0.933380951166243 1.6
-1.09753988823936 0.733352707585875 1.6
-1.2195209829149 0.505142130721919 1.6
-1.29463657013226 0.25751922506129 1.6
-1.32 1.61653377487451e-16 1.6
-1.29463657013226 -0.257519225061289 1.6
-1.2195209829149 -0.505142130721918 1.6
-1.09753988823936 -0.733352707585875 1.6
-0.933380951166243 -0.933380951166243 1.6
-0.733352707585875 -1.09753988823936 1.6
-0.505142130721919 -1.2195209829149 1.6
-0.25751922506129 -1.29463657013226 1.6
-2.42480066231176e-16 -1.32 1.6
0.257519225061289 -1.29463657013226 1.6
0.505142130721919 -1.2195209829149 1.6
0.733352707585874 -1.09753988823936 1.6
0.933380951166243 -0.933380951166243 1.6
1.09753988823936 -0.733352707585875 1.6
1.2195209829149 -0.505142130721919 1.6
1.29463657013226 -0.25751922506129 1.6
1.58 0 1.6
1.5496407430371 0.308242708785483 1.6
1.45972966136783 0.604639823136842 1.6
1.31372198743802 0.877800968170972 1.6
1.11722871427475 1.11722871427475 1.6
0.877800968170972 1.31372198743802 1.6
0.604639823136842 1.45972966136783 1.6
0.308242708785483 1.5496407430371 1.6
9.67470971326409e-17 1.58 1.6
-0.308242708785483 1.5496407430371 1.6
-0.604639823136842 1.45972966136783 1.6
-0.877800968170971 1.31372198743802 1.6
-1.11722871427475 1.11722871427475 1.6
-1.31372198743802 0.877800968170972 1.6
-1.45972966136783 0.604639823136842 1.6
-1.5496407430371 0.308242708785483 1.6
-1.58 1.93494194265282e-16 1.6
-1.5496407430371 -0.308242708785483 1.6
-1.45972966136783 -0.604639823136842 1.6
-1.31372198743802 -0.877800968170971 1.6
-1.11722871427475 -1.11722871427475 1.6
-0.877800968170972 -1.31372198743802 1.6
-0.604639823136843 -1.45972966136783 1.6
-0.308242708785483 -1.5496407430371 1.6
-2.90241291397923e-16 -1.58 1.6
0.308242708785483 -1.5496407430371 1.6
0.604639823136842 -1.45972966136783 1.6
0.877800968170971 -1.31372198743802 1.6
1.11722871427474 -1.11722871427475 1.6
1.31372198743802 -0.877800968170972 1.6
1.45972966136783 -0.604639823136843 1.6
1.5496407430371 -0.308242708785483 1.6
1.84 0 1.6
1.80464491594194 0.358966192509676 1.6
1.69993833982077 0.704137515551765 1.6
1.52990408663668 1.02224922875607 1.6
1.30107647738325 1.30107647738325 1.6
1.02224922875607 1.52990408663668 1.6
0.704137515551765 1.69993833982077 1.6
0.358966192509676 1.80464491594194 1.6
1.12667505521556e-16 1.84 1.6
-0.358966192509676 1.80464491594194 1.6
-0.704137515551765 1.69993833982077 1.6
-1.02224922875607 1.52990408663668 1.6
-1.30107647738325 1.30107647738325 1.6
-1.52990408663668 1.02224922875607 1.6
-1.69993833982077 0.704137515551765 1.6
-1.80464491594194 0.358966192509677 1.6
-1.84 2.25335011043113e-16 1.6
-1.80464491594194 -0.358966192509676 1.6
-1.69993833982077 -0.704137515551765 1.6
-1.52990408663668 -1.02224922875607 1.6
-1.30107647738325 -1.30107647738325 1.6
-1.02224922875607 -1.52990408663668 1.6
-0.704137515551766 -1.69993833982077 1.6
-0.358966192509677 -1.80464491594194 1.6
-3.38002516564669e-16 -1.84 1.6
0.358966192509676 -1.80464491594194 1.6
0.704137515551766 -1.69993833982077 1.6
1.02224922875607 -1.52990408663668 1.6
1.30107647738325 -1.30107647738325 1.6
1.52990408663668 -1.02224922875607 1.6
1.69993833982077 -0.704137515551766 1.6
1.80464491594194 -0.358966192509677 1.6
2.1 0 1.6
2.05964908884678 0.409689676233869 1.6
1.9401470182737 0.803635207966689 1.6
1.74608618583535 1.16669748934116 1.6
1.48492424049175 1.48492424049175 1.6
1.16669748934116 1.74608618583535 1.6
0.803635207966689 1.9401470182737 1.6
0.40968967623387 2.05964908884678 1.6
1.28587913910472e-16 2.1 1.6
-0.409689676233869 2.05964908884678 1.6
-0.803635207966688 1.9401470182737 1.6
-1.16669748934116 1.74608618583535 1.6
-1.48492424049175 1.48492424049175 1.6
-1.74608618583535 1.16669748934116 1.6
-1.9401470182737 0.803635207966689 1.6
-2.05964908884678 0.40968967623387 1.6
-2.1 2.57175827820944e-16 1.6
-2.05964908884678 -0.40968967623387 1.6
-1.9401470182737 -0.803635207966688 1.6
-1.74608618583535 -1.16669748934116 1.6
-1.48492424049175 -1.48492424049175 1.6
-1.16669748934116 -1.74608618583535 1.6
-0.80363520796669 -1.9401470182737 1.6
-0.40968967623387 -2.05964908884678 1.6
-3.85763741731416e-16 -2.1 1.6
0.409689676233869 -2.05964908884678 1.6
0.803635207966689 -1.9401470182737 1.6
1.16669748934116 -1.74608618583535 1.6
1.48492424049175 -1.48492424049175 1.6
1.74608618583535 -1.16669748934116 1.6
1.9401470182737 -0.80363520796669 1.6
2.05964908884678 -0.40968967623387 1.6
CELLS 2560 23040
8 0 32 33 1 192 224 225 193
8 1 33 34 2 193 225 226 194
8 2 34 35 3 194 226 227 195
8 3 35 36 4 195 227 228 196
8 4 36 37 5 196 228 229 197
8 5 37 38 6 197 229 230 198
8 6 38 39 7 198 230 231 199
8 7 39 40 8 199 231 232 200
8 8 40 41 9 200 232 233 201
8 9 41 42 10 201 233 234 202
8 10 42 43 11 202 234 235 203
8 11 43 44 12 203 235 236 204
8 12 44 45 13 204 236 237 205
8 13 45 46 14 205 237 238 206
8 14 46 47 15 206 238 239 207
8 15 47 48 16 207 239 240 208
8 16 48 49 17 208 240 241 209
8 17 49 50 18 209 241 242 210
8 18 50 51 19 210 242 243 211
8 19 51 52 20 211 243 244 212
8 20 52 53 21 212 244 245 213
8 21 53 54 22 213 245 246 214
8 22 54 55 23 214 246 247 215
8 23 55 56 24 215 247 248 216
8 24 56 57 25 216 248 249 217
8 25 57 58 26 217 249 250 218
8 26 58 59 27 218 250 251 219
8 27 59 60 28 219 251 252 220
8 28 60 61 29 220 252 253 221
8 29 61 62 30 221 253 254 222
8 30 62 63 31 222 254 255 223
8 31 63 32 0 223 255 224 192
8 32 64 65 33 224 256 257 225
8 33 65 66 34 225 257 258 226
8 34 66 67 35 226 258 259 227
8 35 67 68 36 227 259 260 228
8 36 68 69 37 228 260 261 229
8 37 69 70 38 229 261 262 230
8 38 70 71 39 230 262 263 231
8 39 71 72 40 231 263 264 232
8 40 72 73 41 232 264 265 233
8 41 73 74 42 233 265 266 234
8 42 74 75 43 234 266 267 235
8 43 75 76 44 235 267 268 236
8 44 76 77 45 236 268 269 237
8 45 77 78 46 237 269 270 238
8 46 78 79 47 238 270 271 239
8 47 79 80 48 239 271 272 240
8 48 80 81 49 240 272 273 241
8 49 81 82 50 241 273 274 242
8 50 82 83 51 242 274 275 243
8 51 83 84 52 243 275 276 244
8 52 84 85 53 244 276 277 245
8 53 85 86 54 245 277 278 246
8 54 86 87 55 246 278 279 247
8 55 87 88 56 247 279 280 248
8 56 88 89 57 248 280 281 249
8 57 89 90 58 249 281 282 250
8 58 90 91 59 250 282 283 251
8 59 91 92 60 251 283 284 252
8 60 92 93 61 252 284 285 253
8 61 93 94 62 253 285 286 254
8 62 94 95 63 254 286 287 255
8 63 95 64 32 255 287 256 224
8 64 96 97 65 256 288 289 257
8 65 97 98 66 257 289 290 258
8 66 98 99 67 258 290 291 259
8 67 99 100 68 259 291 292 260
8 68 100 101 69 260 292 293 261
8 69 101 102 70 261 293 294 262
8 70 102 103 71 262 294 295 263
8 71 103 104 72 263 295 296 264
8 72 104 105 73 264 296 297 265
8 73 105 106 74 265 297 298 266
8 74 106 107 75 266 298 299 267
8 75 107 108 76 267 299 300 268
8 76 108 109 77 268 300 301 269
8 77 109 110 78 269 301 302 270
8 78 110 111 79 270 302 303 271
8 79 111 112 80 271 303 304 272
8 80 112 113 81 272 304 305 273
8 81 113 114 82 273 305 306 274
8 82 114 115 83 274 306 307 275
8 83 115 116 84 275 307 308 276
8 84 116 117 85 276 308 309 277
8 85 117 118 86 277 309 310 278
8 86 118 119 87 278 310 311 279
8 87 119 120 88 279 311 312 280
8 88 120 121 89 280 312 313 281
8 89 121 122 90 281 313 314 282
8 90 122 123 91 282 314 315 283
8 91 123 124 92 283 315 316 284
8 92 124 125 93 284 316 317 285
8 93 125 126 94 285 317 318 286
8 94 126 127 95 286 318 319 287
8 95 127 96 64 287 319 288 256
8 96 128 129 97 288 320 321 289
8 97 129 130 98 289 321 322 290
8 98 130 131 99 290 322 323 291
8 99 131 132 100 291 323 324 292
8 100 132 133 101 292 324 325 293
8 101 133 134 102 293 325 326 294
8 102 134 135 103 294 326 327 295
8 103 135 136 104 295 327 328 296
8 104 136 137 105 296 328 329 297
8 105 137 138 106 297 329 330 298
8 106 138 139 107 298 330 331 299
8 107 139 140 108 299 331 332 300
8 108 140 141 109 300 332 333 301
8 109 141 142 110 301 333 334 302
8 110 142 143 111 302 334 335 303
8 111 143 144 112 303 335 336 304
8 112 144 145 113 304 336 337 305
8 113 145 146 114 305 337 338 306
8 114 146 147 115 306 338 339 307
8 115 147 148 116 307 339 340 308
8 116 148 149 117 308 340 341 309
8 117 149 150 118 309 341 342 310
8 118 150 151 119 310 342 343 311
8 119 151 152 120 311 343 344 312
8 120 152 153 121 312 344 345 313
8 121 153 154 122 313 345 346 314
8 122 154 155 123 314 346 347 315
8 123 155 156 124 315 347 348 316
8 124 156 157 125 316 348 349 317
8 125 157 158 126 317 349 350 318
8 126 158 159 127 318 350 351 319
8 127 159 128 96 319 351 320 288
8 128 160 161 129 320 352 353 321
8 129 161 162 130 321 353 354 322
8 130 162 163 131 322 354 355 323
8 131 163 164 132 323 355 356 324
8 132 164 165 133 324 356 357 325
8 133 165 166 134 325 357 358 326
8 134 166 167 135 326 358 359 327
8 135 167 168 136 327 359 360 328
8 136 168 169 137 328 360 361 329
8 137 169 170 138 329 361 362 330
8 138 170 171 139 330 362 363 331
8 139 171 172 140 331 363 364 332
8 140 172 173 141 332 364 365 333
8 141 173 174 142 333 365 366 334
8 142 174 175 143 334 366 367 335
8 143 175 176 144 335 367 368 336
8 144 176 177 145 336 368 369 337
8 145 177 178 146 337 369 370 338
8 146 178 179 147 338 370 371 339
8 147 179 180 148 339 371 372 340
8 148 180 181 149 340 372 373 341
8 149 181 182 150 341 373 374 342
8 150 182 183 151 342 374 375 343
8 151 183 184 152 343 375 376 344
8 152 184 185 153 344 376 377 345
8 153 185 186 154 345 377 378 346
8 154 186 187 155 346 378 379 347
8 155 187 188 156 347 379 380 348
8 156 188 189 157 348 380 381 349
8 157 189 190 158 349 381 382 350
8 158 190 191 159 350 382 383 351
8 159 191 160 128 351 383 352 320
8 192 224 225 193 384 416 417 385
8 193 225 226 194 385 417 418 386
8 194 226 227 195 386 418 419 387
8 195 227 228 196 387 419 420 388
8 196 228 229 197 388 420 421 389
8 197 229 230 198 389 421 422 390
8 198 230 231 199 390 422 423 391
8 199 231 232 200 391 423 424 392
8 200 232 233 201 392 424 425 393
8 201 233 234 202 393 425 426 394
8 202 234 235 203 394 426 427 395
8 203 235 236 204 395 427 428 396
8 204 236 237 205 396 428 429 397
8 205 237 238 206 397 429 430 398
8 206 238 239 207 398 430 431 399
8 207 239 240 208 399 431 432 400
8 208 240 241 209 400 432 433 401
8 209 241 242 210 401 433 434 402
8 210 242 243 211 402 434 435 403
8 211 243 244 212 403 435 436 404
8 212 244 245 213 404 436 437 405
8 213 245 246 214 405 437 438 406
8 214 246 247 215 406 438 439 407
8 215 247 248 216 407 439 440 408
8 216 248 249 217 408 440 441 409
8 217 249 250 218 409 441 442 410
8 218 250 251 219 410 442 443 411
8 219 251 252 220 411 443 444 412
8 220 252 253 221 412 444 445 413
8 221 253 254 222 413 445 446 414
8 222 254 255 223 414 446 447 415
8 223 255 224 192 415 447 416 384
8 224 256 257 225 416 448 449 417
8 225 257 258 226 417 449 450 418
8 226 258 259 227 418 450 451 419
8 227 259 260 228 419 451 452 420
8 228 260 261 229 420 452 453 421
8 229 261 262 230 421 453 454 422
8 230 262 263 231 422 454 455 423
8 231 263 264 232 423 455 456 424
8 232 264 265 233 424 456 457 425
8 233 265 266 234 425 457 458 426
8 234 266 267 235 426 458 459 427
8 235 267 268 236 427 459 460 428
8 236 268 269 237 428 460 461 429
8 237 269 270 238 429 461 462 430
8 238 270 271 239 430 462 463 431
8 239 271 272 240 431 463 464 432
8 240 272 273 241 432 464 465 433
8 241 273 274 242 433 465 466 434
8 242 274 275 243 434 466 467 435
8 243 275 276 244 435 467 468 436
8 244 276 277 245 436 468 469 437
8 245 277 278 246 437 469 470 438
8 246 278 279 247 438 470 471 439
8 247 279 280 248 439 471 472 440
8 248 280 281 249 440 472 473 441
8 249 281 282 250 441 473 474 442
8 250 282 283 251 442 474 475 443
8 251 283 284 252 443 475 476 444
8 252 284 285 253 444 476 477 445
8 253 285 286 254 445 477 478 446
8 254 286 287 255 446 478 479 447
8 255 287 256 224 447 479 448 416
8 256 288 289 257 448 480 481 449
8 257 289 290 258 449 481 482 450
8 258 290 291 259 450 482 483 451
8 259 291 292 260 451 483 484 452
8 260 292 293 261 452 484 485 453
8 261 293 294 262 453 485 486 454
8 262 294 295 263 454 486 487 455
8 263 295 296 264 455 487 488 456
8 264 296 297 265 456 488 489 457
8 265 297 298 266 457 489 490 458
8 266 298 299 267 458 490 491 459
8 267 299 300 268 459 491 492 460
8 268 300 301 269 460 492 493 461
8 269 301 302 270 461 493 494 462
8 270 302 303 271 462 494 495 463
8 271 303 304 272 463 495 496 464
8 272 304 305 273 464 496 497 465
8 273 305 306 274 465 497 498 466
8 274 306 307 275 466 498 499 467
8 275 307 308 276 467 499 500 468
8 276 308 309 277 468 500 501 469
8 277 309 310 278 469 501 502 470
8 278 310 311 279 470 502 503 471
8 279 311 312 280 471 503 504 472
8 280 312 313 281 472 504 505 473
8 281 313 314 282 473 505 506 474
8 282 314 315 283 474 506 507 475
8 283 315 316 284 475 507 508 476
8 284 316 317 285 476 508 509 477
8 285 317 318 286 477 509 510 478
8 286 318 319 287 478 510 511 479
8 287 319 288 256 479 511 480 448
8 288 320 321 289 480 512 513 481
8 289 321 322 290 481 513 514 482
8 290 322 323 291 482 514 515 483
8 291 323 324 292 483 515 516 484
8 292 324 325 293 484 516 517 485
8 293 325 326 294 485 517 518 486
8 294 326 327 295 486 518 519 487
8 295 327 328 296 487 519 520 488
8 296 328 329 297 488 520 521 489
8 297 329 330 298 489 521 522 490
8 298 330 331 299 490 522 523 491
8 299 331 332 300 491 523 524 492
8 300 332 333 301 492 524 525 493
8 301 333 334 302 493 525 526 494
8 302 334 335 303 494 526 527 495
8 303 335 336 304 495 527 528 496
8 304 336 337 305 496 528 529 497
8 305 337 338 306 497 529 530 498
8 306 338 339 307 498 530 531 499
8 307 339 340 308 499 531 532 500
8 308 340 341 309 500 532 533 501
8 309 341 342 310 501 533 534 502
8 310 342 343 311 502 534 535 503
8 311 343 344 312 503 535 536 504
8 312 344 345 313 504 536 537 505
8 313 345 346 314 505 537 538 506
8 314 346 347 315 506 538 539 507
8 315 347 348 316 507 539 540 508
8 316 348 349 317 508 540 541 509
8 317 349 350 318 509 541 542 510
8 318 350 351 319 510 542 543 511
8 319 351 320 288 511 543 512 480
8 320 352 353 321 512 544 545 513
8 321 353 354 322 513 545 546 514
8 322 354 355 323 514 546 547 515
8 323 355 356 324 515 547 548 516
8 324 356 357 325 516 548 549 517
8 325 357 358 326 517 549 550 518
8 326 358 359 327 518 550 551 519
8 327 359 360 328 519 551 552 520
8 328 360 361 329 520 552 553 521
8 329 361 362 330 521 553 554 522
8 330 362 363 331 522 554 555 523
8 331 363 364 332 523 555 556 524
8 332 364 365 333 524 556 557 525
8 333 365 366 334 525 557 558 526
8 334 366 367 335 526 558 559 527
8 335 367 368 336 527 559 560 528
8 336 368 369 337 528 560 561 529
8 337 369 370 338 529 561 562 530
8 338 370 371 339 530 562 563 531
8 339 371 372 340 531 563 564 532
8 340 372 373 341 532 564 565 533
8 341 373 374 342 533 565 566 534
8 342 374 375 343 534 566 567 535
8 343 375 376 344 535 567 568 536
8 344 376 377 345 536 568 569 537
8 345 377 378 346 537 569 570 538
8 346 378 379 347 538 570 571 539
8 347 379 380 348 539 571 572 540
8 348 380 381 349 540 572 573 541
8 349 381 382 350 541 573 574 542
8 350 382 383 351 542 574 575 543
8 351 383 352 320 543 575 544 512
8 384 416 417 385 576 608 609 577
8 385 417 418 386 577 609 610 578
8 386 418 419 387 578 610 611 579
8 387 419 420 388 579 611 612 580
8 388 420 421 389 580 612 613 581
8 389 421 422 390 581 613 614 582
8 390 422 423 391 582 614 615 583
8 391 423 424 392 583 615 616 584
8 392 424 425 393 584 616 617 585
8 393 425 426 394 585 617 618 586
8 394 426 427 395 586 618 619 587
8 395 427 428 396 587 619 620 588
8 396 428 429 397 588 620 621 589
8 397 429 430 398 589 621 622 590
8 398 430 431 399 590 622 623 591
8 399 431 432 400 591 623 624 592
8 400 432 433 401 592 624 625 593
8 401 433 434 402 593 625 626 594
8 402 434 435 403 594 626 627 595
8 403 435 436 404 595 627 628 596
8 404 436 437 405 596 628 629 597
8 405 437 438 406 597 629 630 598
8 406 438 439 407 598 630 631 599
8 407 439 440 408 599 631 632 600
8 408 440 441 409 600 632 633 601
8 409 441 442 410 601 633 634 602
8 410 442 443 411 602 634 635 603
8 411 443 444 412 603 635 636 604
8 412 444 445 413 604 636 637 605
8 413 445 446 414 605 637 638 606
8 414 446 447 415 606 638 639 607
8 415 447 416 384 607 639 608 576
8 416 448 449 417 608 640 641 609
8 417 449 450 418 609 641 642 610
8 418 450 451 419 610 642 643 611
8 419 451 452 420 611 643 644 612
8 420 452 453 421 612 644 645 613
8 421 453 454 422 613 645 646 614
8 422 454 455 423 614 646 647 615
8 423 455 456 424 615 647 648 616
8 424 456 457 425 616 648 649 617
8 425 457 458 426 617 649 650 618
8 426 458 459 427 618 650 651 619
8 427 459 460 428 619 651 652 620
8 428 460 461 429 620 652 653 621
8 429 461 462 430 621 653 654 622
8 430 462 463 431 622 654 655 623
8 431 463 464 432 623 655 656 624
8 432 464 465 433 624 656 657 625
8 433 465 466 434 625 657 658 626
8 434 466 467 435 626 658 659 627
8 435 467 468 436 627 659 660 628
8 436 468 469 437 628 660 661 629
8 437 469 470 438 629 661 662 630
8 438 470 471 439 630 662 663 631
8 439 471 472 440 631 663 664 632
8 440 472 473 441 632 664 665 633
8 441 473 474 442 633 665 666 634
8 442 474 475 443 634 666 667 635
8 443 475 476 444 635 667 668 636
8 444 476 477 445 636 668 669 637
8 445 477 478 446 637 669 670 638
8 446 478 479 447 638 670 671 639
8 447 479 448 416 639 671 640 608
8 448 480 481 449 640 672 673 641
8 449 481 482 450 641 673 674 642
8 450 482 483 451 642 674 675 643
8 451 483 484 452 643 675 676 644
8 452 484 485 453 644 676 677 645
8 453 485 486 454 645 677 678 646
8 454 486 487 455 646 678 679 647
8 455 487 488 456 647 679 680 648
8 456 488 489 457 648 680 681 649
8 457 489 490 458 649 681 682 650
8 458 490 491 459 650 682 683 651
8 459 491 492 460 651 683 684 652
8 460 492 493 461 652 684 685 653
8 461 493 494 462 653 685 686 654
8 462 494 495 463 654 686 687 655
8 463 495 496 464 655 687 688 656
8 464 496 497 465 656 688 689 657
8 465 497 498 466 657 689 690 658
8 466 498 499 467 658 690 691 659
8 467 499 500 468 659 691 692 660
8 468 500 501 469 660 692 693 661
8 469 501 502 470 661 693 694 662
8 470 502 503 471 662 694 695 663
8 471 503 504 472 663 695 696 664
8 472 504 505 473 664 696 697 665
8 473 505 506 474 665 697 698 666
8 474 506 507 475 666 698 699 667
8 475 507 508 476 667 699 700 668
8 476 508 509 477 668 700 701 669
8 477 509 510 478 669 701 702 670
8 478 510 511 479 670 702 703 671
8 479 511 480 448 671 703 672 640
8 480 512 513 481 672 704 705 673
8 481 513 514 482 673 705 706 674
8 482 514 515 483 674 706 707 675
8 483 515 516 484 675 707 708 676
8 484 516 517 485 676 708 709 677
8 485 517 518 486 677 709 710 678
8 486 518 519 487 678 710 711 679
8 487 519 520 488 679 711 712 680
8 488 520 521 489 680 712 713 681
8 489 521 522 490 681 713 714 682
8 490 522 523 491 682 714 715 683
8 491 523 524 492 683 715 716 684
8 492 524 525 493 684 716 717 685
8 493 525 526 494 685 717 718 686
8 494 526 527 495 686 718 719 687
8 495 527 528 496 687 719 720 688
8 496 528 529 497 688 720 721 689
8 497 529 530 498 689 721 722 690
8 498 530 531 499 690 722 723 691
8 499 531 532 500 691 723 724 692
8 500 532 533 501 692 724 725 693
8 501 533 534 502 693 725 726 694
8 502 534 535 503 694 726 727 695
8 503 535 536 504 695 727 728 696
8 504 536 537 505 696 728 729 697
8 505 537 538 506 697 729 730 698
8 506 538 539 507 698 730 731 699
8 507 539 540 508 699 731 732 700
8 508 540 541 509 700 732 733 701
8 509 541 542 510 701 733 734 702
8 510 542 543 511 702 734 735 703
8 511 543 512 480 703 735 704 672
8 512 544 545 513 704 736 737 705
8 513 545 546 514 705 737 738 706
8 514 546 547 515 706 738 739 707
8 515 547 548 516 707 739 740 708
8 516 548 549 517 708 740 741 709
8 517 549 550 518 709 741 742 710
8 518 550 551 519 710 742 743 711
8 519 551 552 520 711 743 744 712
8 520 552 553 521 712 744 745 713
8 521 553 554 522 713 745 746 714
8 522 554 555 523 714 746 747 715
8 523 555 556 524 715 747 748 716
8 524 556 557 525 716 748 749 717
8 525 557 558 526 717 749 750 718
8 526 558 559 527 718 750 751 719
8 527 559 560 528 719 751 752 720
8 528 560 561 529 720 752 753 721
8 529 561 562 530 721 753 754 722
8 530 562 563 531 722 754 755 723
8 531 563 564 532 723 755 756 724
8 532 564 565 533 724 756 757 725
8 533 565 566 534 725 757 758 726
8 534 566 567 535 726 758 759 727
8 535 567 568 536 727 759 760 728
8 536 568 569 537 728 760 761 729
8 537 569 570 538 729 761 762 730
8 538 570 571 539 730 762 763 731
8 539 571 572 540 731 763 764 732
8 540 572 573 541 732 764 765 733
8 541 573 574 542 733 765 766 734
8 542 574 575 543 734 766 767 735
8 543 575 544 512 735 767 736 704
8 576 608 609 577 768 800 801 769
8 577 609 610 578 769 801 802 770
8 578 610 611 579 770 802 803 771
8 579 611 612 580 771 803 804 772
8 580 612 613 581 772 804 805 773
8 581 613 614 582 773 805 806 774
8 582 614 615 583 774 806 807 775
8 583 615 616 584 775 807 808 776
8 584 616 617 585 776 808 809 777
8 585 617 618 586 777 809 810 778
8 586 618 619 587 778 810 811 779
8 587 619 620 588 779 811 812 780
8 588 620 621 589 780 812 813 781
8 589 621 622 590 781 813 814 782
8 590 622 623 591 782 814 815 783
8 591 623 624 592 783 815 816 784
8 592 624 625 593 784 816 817 785
8 593 625 626 594 785 817 818 786
8 594 626 627 595 786 818 819 787
8 595 627 628 596 787 819 820 788
8 596 628 629 597 788 820 821 789
8 597 629 630 598 789 821 822 790
8 598 630 631 599 790 822 823 791
8 599 631 632 600 791 823 824 792
8 600 632 633 601 792 824 825 793
8 601 633 634 602 793 825 826 794
8 602 634 635 603 794 826 827 795
8 603 635 636 604 795 827 828 796
8 604 636 637 605 796 828 829 797
8 605 637 638 606 797 829 830 798
8 606 638 639 607 798 830 831 799
8 607 639 608 576 799 831 800 768
8 608 640 641 609 800 832 833 801
8 609 641 642 610 801 833 834 802
8 610 642 643 611 802 834 835 803
8 611 643 644 612 803 835 836 804
8 612 644 645 613 804 836 837 805
8 613 645 646 614 805 837 838 806
8 614 646 647 615 806 838 839 807
8 615 647 648 616 807 839 840 808
8 616 648 649 617 808 840 841 809
8 617 649 650 618 809 841 842 810
8 618 650 651 619 810 842 843 811
8 619 651 652 620 811 843 844 812
8 620 652 653 621 812 844 845 813
8 621 653 654 622 813 845 846 814
8 622 654 655 623 814 846 847 815
8 623 655 656 624 815 847 848 816
8 624 656 657 625 816 848 849 817
8 625 657 658 626 817 849 850 818
8 626 658 659 627 818 850 851 819
8 627 659 660 628 819 851 852 820
8 628 660 661 629 820 852 853 821
8 629 661 662 630 821 853 854 822
8 630 662 663 631 822 854 855 823
8 631 663 664 632 823 855 856 824
8 632 664 665 633 824 856 857 825
8 633 665 666 634 825 857 858 826
8 634 666 667 635 826 858 859 827
8 635 667 668 636 827 859 860 828
8 636 668 669 637 828 860 861 829
8 637 669 670 638 829 861 862 830
8 638 670 671 639 830 862 863 831
8 639 671 640 608 831 863 832 800
8 640 672 673 641 832 864 865 833
8 641 673 674 642 833 865 866 834
8 642 674 675 643 834 866 867 835
8 643 675 676 644 835 867 868 836
8 644 676 677 645 836 868 869 837
8 645 677 678 646 837 869 870 838
8 646 678 679 647 838 870 871 839
8 647 679 680 648 839 871 872 840
8 648 680 681 649 840 872 873 841
8 649 681 682 650 841 873 874 842
8 650 682 683 651 842 874 875 843
8 651 683 684 652 843 875 876 844
8 652 684 685 653 844 876 877 845
8 653 685 686 654 845 877 878 846
8 654 686 687 655 846 878 879 847
8 655 687 688 656 847 879 880 848
8 656 688 689 657 848 880 881 849
8 657 689 690 658 849 881 882 850
8 658 690 691 659 850 882 883 851
8 659 691 692 660 851 883 884 852
8 660 692 693 661 852 884 885 853
8 661 693 694 662 853 885 886 854
8 662 694 695 663 854 886 887 855
8 663 695 696 664 855 887 888 856
8 664 696 697 665 856 888 889 857
8 665 697 698 666 857 889 890 858
8 666 698 699 667 858 890 891 859
8 667 699 700 668 859 891 892 860
8 668 700 701 669 860 892 893 861
8 669 701 702 670 861 893 894 862
8 670 702 703 671 862 894 895 863
8 671 703 672 640 863 895 864 832
8 672 704 705 673 864 896 897 865
8 673 705 706 674 865 897 898 866
8 674 706 707 675 866 898 899 867
8 675 707 708 676 867 899 900 868
8 676 708 709 677 868 900 901 869
8 677 709 710 678 869 901 902 870
8 678 710 711 679 870 902 903 871
8 679 711 712 680 871 903 904 872
8 680 712 713 681 872 904 905 873
8 681 713 714 682 873 905 906 874
8 682 714 715 683 874 906 907 875
8 683 715 716 684 875 907 908 876
8 684 716 717 685 876 908 909 877
8 685 717 718 686 877 909 910 878
8 686 718 719 687 878 910 911 879
8 687 719 720 688 879 911 912 880
8 688 720 721 689 880 912 913 881
8 689 721 722 690 881 913 914 882
8 690 722 723 691 882 914 915 883
8 691 723 724 692 883 915 916 884
8 692 724 725 693 884 916 917 885
8 693 725 726 694 885 917 918 886
8 694 726 727 695 886 918 919 887
8 695 727 728 696 887 919 920 888
8 696 728 729 697 888 920 921 889
8 697 729 730 698 889 921 922 890
8 698 730 731 699 890 922 923 891
8 699 731 732 700 891 923 924 892
8 700 732 733 701 892 924 925 893
8 701 733 734 702 893 925 926 894
8 702 734 735 703 894 926 927 895
8 703 735 704 672 895 927 896 864
8 704 736 737 705 896 928 929 897
8 705 737 738 706 897 929 930 898
8 706 738 739 707 898 930 931 899
8 707 739 740 708 899 931 932 900
8 708 740 741 709 900 932 933 901
8 709 741 742 710 901 933 934 902
8 710 742 743 711 902 934 935 903
8 711 743 744 712 903 935 936 904
8 712 744 745 713 904 936 937 905
8 713 745 746 714 905 937 938 906
8 714 746 747 715 906 938 939 907
8 715 747 748 716 907 939 940 908
8 716 748 749 717 908 940 941 909
8 717 749 750 718 909 941 942 910
8 718 750 751 719 910 942 943 911
8 719 751 752 720 911 943 944 912
8 720 752 753 721 912 944 945 913
8 721 753 754 722 913 945 946 914
8 722 754 755 723 914 946 947 915
8 723 755 756 724 915 947 948 916
8 724 756 757 725 916 948 949 917
8 725 757 758 726 917 949 950 918
8 726 758 759 727 918 950 951 919
8 727 759 760 728 919 951 952 920
8 728 760 761 729 920 952 953 921
8 729 761 762 730 921 953 954 922
8 730 762 763 731 922 954 955 923
8 731 763 764 732 923 955 956 924
8 732 764 765 733 924 956 957 925
8 733 765 766 734 925 957 958 926
8 734 766 767 735 926 958 959 927
8 735 767 736 704 927 959 928 896
8 768 800 801 769 960 992 993 961
8 769 801 802 770 961 993 994 962
8 770 802 803 771 962 994 995 963
8 771 803 804 772 963 995 996 964
8 772 804 805 773 964 996 997 965
8 773 805 806 774 965 997 998 966
8 774 806 807 775 966 998 999 967
8 775 807 808 776 967 999 1000 968
8 776 808 809 777 968 1000 1001 969
8 777 809 810 778 969 1001 1002 970
8 778 810 811 779 970 1002 1003 971
8 779 811 812 780 971 1003 1004 972
8 780 812 813 781 972 1004 1005 973
8 781 813 814 782 973 1005 1006 974
8 782 814 815 783 974 1006 1007 975
8 783 815 816 784 975 1007 1008 976
8 784 816 817 785 976 1008 1009 977
8 785 817 818 786 977 1009 1010 978
8 786 818 819 787 978 1010 1011 979
8 787 819 820 788 979 1011 1012 980
8 788 820 821 789 980 1012 1013 981
8 789 821 822 790 981 1013 1014 982
8 790 822 823 791 982 1014 1015 983
8 791 823 824 792 983 1015 1016 984
8 792 824 825 793 984 1016 1017 985
8 793 825 826 794 985 1017 1018 986
8 794 826 827 795 986 1018 1019 987
8 795 827 828 796 987 1019 1020 988
8 796 828 829 797 988 1020 1021 989
8 797 829 830 798 989 1021 1022 990
8 798 830 831 799 990 1022 1023 991
8 799 831 800 768 991 1023 992 960
8 800 832 833 801 992 1024 1025 993
8 801 833 834 802 993 1025 1026 994
8 802 834 835 803 994 1026 1027 995
8 803 835 836 804 995 1027 1028 996
8 804 836 837 805 996 1028 1029 997
8 805 837 838 806 997 1029 1030 998
8 806 838 839 807 998 1030 1031 999
8 807 839 840 808 999 1031 1032 1000
8 808 840 841 809 1000 1032 1033 1001
8 809 841 842 810 1001 1033 1034 1002
8 810 842 843 811 1002 1034 1035 1003
8 811 843 844 812 1003 1035 1036 1004
8 812 844 845 813 1004 1036 1037 1005
8 813 845 846 814 1005 1037 1038 1006
8 814 846 847 815 1006 1038 1039 1007
8 815 847 848 816 1007 1039 1040 1008
8 816 848 849 817 1008 1040 1041 1009
8 817 849 850 818 1009 1041 1042 1010
8 818 850 851 819 1010 1042 1043 1011
8 819 851 852 820 1011 1043 1044 1012
8 820 852 853 821 1012 1044 1045 1013
8 821 853 854 822 1013 1045 1046 1014
8 822 854 855 823 1014 1046 1047 1015
8 823 855 856 824 1015 1047 1048 1016
8 824 856 857 825 1016 1048 1049 1017
8 825 857 858 826 1017 1049 1050 1018
8 826 858 859 827 1018 1050 1051 1019
8 827 859 860 828 1019 1051 1052 1020
8 828 860 861 829 1020 1052 1053 1021
8 829 861 862 830 1021 1053 1054 1022
8 830 862 863 831 1022 1054 1055 1023
8 831 863 832 800 1023 1055 1024 992
8 832 864 865 833 1024 1056 1057 1025
8 833 865 866 834 1025 1057 1058 1026
8 834 866 867 835 1026 1058 1059 1027
8 835 867 868 836 1027 1059 1060 1028
8 836 868 869 837 1028 1060 1061 1029
8 837 869 870 838 1029 1061 1062 1030
8 838 870 871 839 1030 1062 1063 1031
8 839 871 872 840 1031 1063 1064 1032
8 840 872 873 841 1032 1064 1065 1033
8 841 873 874 842 1033 1065 1066 1034
8 842 874 875 843 1034 1066 1067 1035
8 843 875 876 844 1035 1067 1068 1036
8 844 876 877 845 1036 1068 1069 1037
8 845 877 878 846 1037 1069 1070 1038
8 846 878 879 847 1038 1070 1071 1039
8 847 879 880 848 1039 1071 1072 1040
8 848 880 881 849 1040 1072 1073 1041
8 849 881 882 850 1041 1073 1074 1042
8 850 882 883 851 1042 1074 1075 1043
8 851 883 884 852 1043 1075 1076 1044
8 852 884 885 853 1044 1076 1077 1045
8 853 885 886 854 1045 1077 1078 1046
8 854 886 887 855 1046 1078 1079 1047
8 855 887 888 856 1047 1079 1080 1048
8 856 888 889 857 1048 1080 1081 1049
8 857 889 890 858 1049 1081 1082 1050
8 858 890 891 859 1050 1082 1083 1051
8 859 891 892 860 1051 1083 1084 1052
8 860 892 893 861 1052 1084 1085 1053
8 861 893 894 862 1053 1085 1086 1054
8 862 894 895 863 1054 1086 1087 1055
8 863 895 864 832 1055 1087 1056 1024
8 864 896 897 865 1056 1088 1089 1057
8 865 897 898 866 1057 1089 1090 1058
8 866 898 899 867 1058 1090 1091 1059
8 867 899 900 868 1059 1091 1092 1060
8 868 900 901 869 1060 1092 1093 1061
8 869 901 902 870 1061 1093 1094 1062
8 870 902 903 871 1062 1094 1095 1063
8 871 903 904 872 1063 1095 1096 1064
8 872 904 905 873 1064 1096 1097 1065
8 873 905 906 874 1065 1097 1098 1066
8 874 906 907 875 1066 1098 1099 1067
8 875 907 908 876 1067 1099 1100 1068
8 876 908 909 877 1068 1100 1101 1069
8 877 909 910 878 1069 1101 1102 1070
8 878 910 911 879 1070 1102 1103 1071
8 879 911 912 880 1071 1103 1104 1072
8 880 912 913 881 1072 1104 1105 1073
8 881 913 914 882 1073 1105 1106 1074
8 882 914 915 883 1074 1106 1107 1075
8 883 915 916 884 1075 1107 1108 1076
8 884 916 917 885 1076 1108 1109 1077
8 885 917 918 886 1077 1109 1110 1078
8 886 918 919 887 1078 1110 1111 1079
8 887 919 920 888 1079 1111 1112 1080
8 888 920 921 889 1080 1112 1113 1081
8 889 921 922 890 1081 1113 1114 1082
8 890 922 923 891 1082 1114 1115 1083
8 891 923 924 892 1083 1115 1116 1084
8 892 924 925 893 1084 1116 1117 1085
8 893 925 926 894 1085 1117 1118 1086
8 894 926 927 895 1086 1118 1119 1087
8 895 927 896 864 1087 1119 1088 1056
8 896 928 929 897 1088 1120 1121 1089
8 897 929 930 898 1089 1121 1122 1090
8 898 930 931 899 1090 1122 1123 1091
8 899 931 932 900 1091 1123 1124 1092
8 900 932 933 901 1092 1124 1125 1093
8 901 933 934 902 1093 1125 1126 1094
8 902 934 935 903 1094 1126 1127 1095
8 903 935 936 904 1095 1127 1128 1096
8 904 936 937 905 1096 1128 1129 1097
8 905 937 938 906 1097 1129 1130 1098
8 906 938 939 907 1098 1130 1131 1099
8 907 939 940 908 1099 1131 1132 1100
8 908 940 941 909 1100 1132 1133 1101
8 909 941 942 910 1101 1133 1134 1102
8 910 942 943 911 1102 1134 1135 1103
8 911 943 944 912 1103 1135 1136 1104
8 912 944 945 913 1104 1136 1137 1105
8 913 945 946 914 1105 1137 1138 1106
8 914 946 947 915 1106 1138 1139 1107
8 915 947 948 916 1107 1139 1140 1108
8 916 948 949 917 1108 1140 1141 1109
8 917 949 950 918 1109 1141 1142 1110
8 918 950 951 919 1110 1142 1143 1111
8 919 951 952 920 1111 1143 1144 1112
8 920 952 953 921 1112 1144 1145 1113
8 921 953 954 922 1113 1145 1146 1114
8 922 954 955 923 1114 1146 1147 1115
8 923 955 956 924 1115 1147 1148 1116
8 924 956 957 925 1116 1148 1149 1117
8 925 957 958 926 1117 1149 1150 1118
8 926 958 959 927 1118 1150 1151 1119
8 927 959 928 896 1119 1151 1120 1088
8 960 992 993 961 1152 1184 1185 1153
8 961 993 994 962 1153 1185 1186 1154
8 962 994 995 963 1154 1186 1187 1155
8 963 995 996 964 1155 1187 1188 1156
8 964 996 997 965 1156 1188 1189 1157
8 965 997 998 966 1157 1189 1190 1158
8 966 998 999 967 1158 1190 1191 1159
8 967 999 1000 968 1159 1191 1192 1160
8 968 1000 1001 969 1160 1192 1193 1161
8 969 1001 1002 970 1161 1193 1194 1162
8 970 1002 1003 971 1162 1194 1195 1163
8 971 1003 1004 972 1163 1195 1196 1164
8 972 1004 1005 973 1164 1196 1197 1165
8 973 1005 1006 974 1165 1197 1198 1166
8 974 1006 1007 975 1166 1198 1199 1167
8 975 1007 1008 976 1167 1199 1200 1168
8 976 1008 1009 977 1168 1200 1201 1169
8 977 1009 1010 978 1169 1201 1202 1170
8 978 1010 1011 979 1170 1202 1203 1171
8 979 1011 1012 980 1171 1203 1204 1172
8 980 1012 1013 981 1172 1204 1205 1173
8 981 1013 1014 982 1173 1205 1206 1174
8 982 1014 1015 983 1174 1206 1207 1175
8 983 1015 1016 984 1175 1207 1208 1176
8 984 1016 1017 985 1176 1208 1209 1177
8 985 1017 1018 986 1177 1209 1210 1178
8 986 1018 1019 987 1178 1210 1211 1179
8 987 1019 1020 988 1179 1211 1212 1180
8 988 1020 1021 989 1180 1212 1213 1181
8 989 1021 1022 990 1181 1213 1214 1182
8 990 1022 1023 991 1182 1214 1215 1183
8 991 1023 992 960 1183 1215 1184 1152
8 992 1024 1025 993 1184 1216 1217 1185
8 993 1025 1026 994 1185 1217 1218 1186
8 994 1026 1027 995 1186 1218 1219 1187
8 995 1027 1028 996 1187 1219 1220 1188
8 996 1028 1029 997 1188 1220 1221 1189
8 997 1029 1030 998 1189 1221 1222 1190
8 998 1030 1031 999 1190 1222 1223 1191
8 999 1031 1032 1000 1191 1223 1224 1192
8 1000 1032 1033 1001 1192 1224 1225 1193
8 1001 1033 1034 1002 1193 1225 1226 1194
8 1002 1034 1035 1003 1194 1226 1227 1195
8 1003 1035 1036 1004 1195 1227 1228 1196
8 1004 1036 1037 1005 1196 1228 1229 1197
8 1005 1037 1038 1006 1197 1229 1230 1198
8 1006 1038 1039 1007 1198 1230 1231 1199
8 1007 1039 1040 1008 1199 1231 1232 1200
8 1008 1040 1041 1009 1200 1232 1233 1201
8 1009 1041 1042 1010 1201 1233 1234 1202
8 1010 1042 1043 1011 1202 1234 1235 1203
8 1011 1043 1044 1012 1203 1235 1236 1204
8 1012 1044 1045 1013 1204 1236 1237 1205
8 1013 1045 1046 1014 1205 1237 1238 1206
8 1014 1046 1047 1015 1206 1238 1239 1207
8 1015 1047 1048 1016 1207 1239 1240 1208
8 1016 1048 1049 1017 1208 1240 1241 1209
8 1017 1049 1050 1018 1209 1241 1242 1210
8 1018 1050 1051 1019 1210 1242 1243 1211
8 1019 1051 1052 1020 1211 1243 1244 1212
8 1020 1052 1053 1021 1212 1244 1245 1213
8 1021 1053 1054 1022 1213 1245 1246 1214
8 1022 1054 1055 1023 1214 1246 1247 1215
8 1023 1055 1024 992 1215 1247 1216 1184
8 1024 1056 1057 1025 1216 1248 1249 1217
8 1025 1057 1058 1026 1217 1249 1250 1218
8 1026 1058 1059 1027 1218 1250 1251 1219
8 1027 1059 1060 1028 1219 1251 1252 1220
8 1028 1060 1061 1029 1220 1252 1253 1221
8 1029 1061 1062 1030 1221 1253 1254 1222
8 1030 1062 1063 1031 1222 1254 1255 1223
8 1031 1063 1064 1032 1223 1255 1256 1224
8 1032 1064 1065 1033 1224 1256 1257 1225
8 1033 1065 1066 1034 1225 1257 1258 1226
8 1034 1066 1067 1035 1226 1258 1259 1227
8 1035 1067 1068 1036 1227 1259 1260 1228
8 1036 1068 1069 1037 1228 1260 1261 1229
8 1037 1069 1070 1038 1229 1261 1262 1230
8 1038 1070 1071 1039 1230 1262 1263 1231
8 1039 1071 1072 1040 1231 1263 1264 1232
8 1040 1072 1073 1041 1232 1264 1265 1233
8 1041 1073 1074 1042 1233 1265 1266 1234
8 1042 1074 1075 1043 1234 1266 1267 1235
8 1043 1075 1076 1044 1235 1267 1268 1236
8 1044 1076 1077 1045 1236 1268 1269 1237
8 1045 1077 1078 1046 1237 1269 1270 1238
8 1046 1078 1079 1047 1238 1270 1271 1239
8 1047 1079 1080 1048 1239 1271 1272 1240
8 1048 1080 1081 1049 1240 1272 1273 1241
8 1049 1081 1082 1050 1241 1273 1274 1242
8 1050 1082 1083 1051 1242 1274 1275 1243
8 1051 1083 1084 1052 1243 1275 1276 1244
8 1052 1084 1085 1053 1244 1276 1277 1245
8 1053 1085 1086 1054 1245 1277 1278 1246
8 1054 1086 1087 1055 1246 1278 1279 1247
8 1055 1087 1056 1024 1247 1279 1248 1216
8 1056 1088 1089 1057 1248 1280 1281 1249
8 1057 1089 1090 1058 1249 1281 1282 1250
8 1058 1090 1091 1059 1250 1282 1283 1251
8 1059 1091 1092 1060 1251 1283 1284 1252
8 1060 1092 1093 1061 1252 1284 1285 1253
8 1061 1093 1094 1062 1253 1285 1286 1254
8 1062 1094 1095 1063 1254 1286 1287 1255
8 1063 1095 1096 1064 1255 1287 1288 1256
8 1064 1096 1097 1065 1256 1288 1289 1257
8 1065 1097 1098 1066 1257 1289 1290 1258
8 1066 1098 1099 1067 1258 1290 1291 1259
8 1067 1099 1100 1068 1259 1291 1292 1260
8 1068 1100 1101 1069 1260 1292 1293 1261
8 1069 1101 1102 1070 1261 1293 1294 1262
8 1070 1102 1103 1071 1262 1294 1295 1263
8 1071 1103 1104 1072 1263 1295 1296 1264
8 1072 1104 1105 1073 1264 1296 1297 1265
8 1073 1105 1106 1074 1265 1297 1298 1266
8 1074 1106 1107 1075 1266 1298 1299 1267
8 1075 1107 1108 1076 1267 1299 1300 1268
8 1076 1108 1109 1077 1268 1300 1301 1269
8 1077 1109 1110 1078 1269 1301 1302 1270
8 1078 1110 1111 1079 1270 1302 1303 1271
8 1079 1111 1112 1080 1271 1303 1304 1272
8 1080 1112 1113 1081 1272 1304 1305 1273
8 1081 1113 1114 1082 1273 1305 1306 1274
8 1082 1114 1115 1083 1274 1306 1307 1275
8 1083 1115 1116 1084 1275 1307 1308 1276
8 1084 1116 1117 1085 1276 1308 1309 1277
8 1085 1117 1118 1086 1277 1309 1310 1278
8 1086 1118 1119 1087 1278 1310 1311 1279
8 1087 1119 1088 1056 1279 1311 1280 1248
8 1088 1120 1121 1089 1280 1312 1313 1281
8 1089 1121 1122 1090 1281 1313 1314 1282
8 1090 1122 1123 1091 1282 1314 1315 1283
8 1091 1123 1124 1092 1283 1315 1316 1284
8 1092 1124 1125 1093 1284 1316 1317 1285
8 1093 1125 1126 1094 1285 1317 1318 1286
8 1094 1126 1127 1095 1286 1318 1319 1287
8 1095 1127 1128 1096 1287 1319 1320 1288
8 1096 1128 1129 1097 1288 1320 1321 1289
8 1097 1129 1130 1098 1289 1321 1322 1290
8 1098 1130 1131 1099 1290 1322 1323 1291
8 1099 1131 1132 1100 1291 1323 1324 1292
8 1100 1132 1133 1101 1292 1324 1325 1293
8 1101 1133 1134 1102 1293 1325 1326 1294
8 1102 1134 1135 1103 1294 1326 1327 1295
8 1103 1135 1136 1104 1295 1327 1328 1296
8 1104 1136 1137 1105 1296 1328 1329 1297
8 1105 1137 1138 1106 1297 1329 1330 1298
8 1106 1138 1139 1107 1298 1330 1331 1299
8 1107 1139 1140 1108 1299 1331 1332 1300
8 1108 1140 1141 1109 1300 1332 1333 1301
8 1109 1141 1142 1110 1301 1333 1334 1302
8 1110 1142 1143 1111 1302 1334 1335 1303
8 1111 1143 1144 1112 1303 1335 1336 1304
8 1112 1144 1145 1113 1304 1336 1337 1305
8 1113 1145 1146 1114 1305 1337 1338 1306
8 1114 1146 1147 1115 1306 1338 1339 1307
8 1115 1147 1148 1116 1307 1339 1340 1308
8 1116 1148 1149 1117 1308 1340 1341 1309
8 1117 1149 1150 1118 1309 1341 1342 1310
8 1118 1150 1151 1119 1310 1342 1343 1311
8 1119 1151 1120 1088 1311 1343 1312 1280
8 1152 1184 1185 1153 1344 1376 1377 1345
8 1153 1185 1186 1154 1345 1377 1378 1346
8 1154 1186 1187 1155 1346 1378 1379 1347
8 1155 1187 1188 1156 1347 1379 1380 1348
8 1156 1188 1189 1157 1348 1380 1381 1349
8 1157 1189 1190 1158 1349 1381 1382 1350
8 1158 1190 1191 1159 1350 1382 1383 1351
8 1159 1191 1192 1160 1351 1383 1384 1352
8 1160 1192 1193 1161 1352 1384 1385 1353
8 1161 1193 1194 1162 1353 1385 1386 1354
8 1162 1194 1195 1163 1354 1386 1387 1355
8 1163 1195 1196 1164 1355 1387 1388 1356
8 1164 1196 1197 1165 1356 1388 1389 1357
8 1165 1197 1198 1166 1357 1389 1390 1358
8 1166 1198 1199 1167 1358 1390 1391 1359
8 1167 1199 1200 1168 1359 1391 1392 1360
8 1168 1200 1201 1169 1360 1392 1393 1361
8 1169 1201 1202 1170 1361 1393 1394 1362
8 1170 1202 1203 1171 1362 1394 1395 1363
8 1171 1203 1204 1172 1363 1395 1396 1364
8 1172 1204 1205 1173 1364 1396 1397 1365
8 1173 1205 1206 1174 1365 1397 1398 1366
8 1174 1206 1207 1175 1366 1398 1399 1367
8 1175 1207 1208 1176 1367 1399 1400 1368
8 1176 1208 1209 1177 1368 1400 1401 1369
8 1177 1209 1210 1178 1369 1401 1402 1370
8 1178 1210 1211 1179 1370 1402 1403 1371
8 1179 1211 1212 1180 1371 1403 1404 1372
8 1180 1212 1213 1181 1372 1404 1405 1373
8 1181 1213 1214 1182 1373 1405 1406 1374
8 1182 1214 1215 1183 1374 1406 1407 1375
8 1183 1215 1184 1152 1375 1407 1376 1344
8 1184 1216 1217 1185 1376 1408 1409 1377
8 1185 1217 1218 1186 1377 1409 1410 1378
8 1186 1218 1219 1187 1378 1410 1411 1379
8 1187 1219 1220 1188 1379 1411 1412 1380
8 1188 1220 1221 1189 1380 1412 1413 1381
8 1189 1221 1222 1190 1381 1413 1414 1382
8 1190 1222 1223 1191 1382 1414 1415 1383
8 1191 1223 1224 1192 1383 1415 1416 1384
8 1192 1224 1225 1193 1384 1416 1417 1385
8 1193 1225 1226 1194 1385 1417 1418 1386
8 1194 1226 1227 1195 1386 1418 1419 1387
8 1195 1227 1228 1196 1387 1419 1420 1388
8 1196 1228 1229 1197 1388 1420 1421 1389
8 1197 1229 1230 1198 1389 1421 1422 1390
8 1198 1230 1231 1199 1390 1422 1423 1391
8 1199 1231 1232 1200 1391 1423 1424 1392
8 1200 1232 1233 1201 1392 1424 1425 1393
8 1201 1233 1234 1202 1393 1425 1426 1394
8 1202 1234 1235 1203 1394 1426 1427 1395
8 1203 1235 1236 1204 1395 1427 1428 1396
8 1204 1236 1237 1205 1396 1428 1429 1397
8 1205 1237 1238 1206 1397 1429 1430 1398
8 1206 1238 1239 1207 1398 1430 1431 1399
8 1207 1239 1240 1208 1399 1431 1432 1400
8 1208 1240 1241 1209 1400 1432 1433 1401
8 1209 1241 1242 1210 1401 1433 1434 1402
8 1210 1242 1243 1211 1402 1434 1435 1403
8 1211 1243 1244 1212 1403 1435 1436 1404
8 1212 1244 1245 1213 1404 1436 1437 1405
8 1213 1245 1246 1214 1405 1437 1438 1406
8 1214 1246 1247 1215 1406 1438 1439 1407
8 1215 1247 1216 1184 1407 1439 1408 1376
8 1216 1248 1249 1217 1408 1440 1441 1409
8 1217 1249 1250 1218 1409 1441 1442 1410
8 1218 1250 1251 1219 1410 1442 1443 1411
8 1219 1251 1252 1220 1411 1443 1444 1412
8 1220 1252 1253 1221 1412 1444 1445 1413
8 1221 1253 1254 1222 1413 1445 1446 1414
8 1222 1254 1255 1223 1414 1446 1447 1415
8 1223 1255 1256 1224 1415 1447 1448 1416
8 1224 1256 1257 1225 1416 1448 1449 1417
8 1225 1257 1258 1226 1417 1449 1450 1418
8 1226 1258 1259 1227 1418 1450 1451 1419
8 1227 1259 1260 1228 1419 1451 1452 1420
8 1228 1260 1261 1229 1420 1452 1453 1421
8 1229 1261 1262 1230 1421 1453 1454 1422
8 1230 1262 1263 1231 1422 1454 1455 1423
8 1231 1263 1264 1232 1423 1455 1456 1424
8 1232 1264 1265 1233 1424 1456 1457 1425
8 1233 1265 1266 1234 1425 1457 1458 1426
8 1234 1266 1267 1235 1426 1458 1459 1427
8 1235 1267 1268 1236 1427 1459 1460 1428
8 1236 1268 1269 1237 1428 1460 1461 1429
8 1237 1269 1270 1238 1429 1461 1462 1430
8 1238 1270 1271 1239 1430 1462 1463 1431
8 1239 1271 1272 1240 1431 1463 1464 1432
8 1240 1272 1273 1241 1432 1464 1465 1433
8 1241 1273 1274 1242 1433 1465 1466 1434
8 1242 1274 1275 1243 1434 1466 1467 1435
8 1243 1275 1276 1244 1435 1467 1468 1436
8 1244 1276 1277 1245 1436 1468 1469 1437
8 1245 1277 1278 1246 1437 1469 1470 1438
8 1246 1278 1279 1247 1438 1470 1471 1439
8 1247 1279 1248 1216 1439 1471 1440 1408
8 1248 1280 1281 1249 1440 1472 1473 1441
8 1249 1281 1282 1250 1441 1473 1474 1442
8 1250 1282 1283 1251 1442 1474 1475 1443
8 1251 1283 1284 1252 1443 1475 1476 1444
8 1252 1284 1285 1253 1444 1476 1477 1445
8 1253 1285 1286 1254 1445 1477 1478 1446
8 1254 1286 1287 1255 1446 1478 1479 1447
8 1255 1287 1288 1256 1447 1479 1480 1448
8 1256 1288 1289 1257 1448 1480 1481 1449
8 1257 1289 1290 1258 1449 1481 1482 1450
8 1258 1290 1291 1259 1450 1482 1483 1451
8 1259 1291 1292 1260 1451 1483 1484 1452
8 1260 1292 1293 1261 1452 1484 1485 1453
8 1261 1293 1294 1262 1453 1485 1486 1454
8 1262 1294 1295 1263 1454 1486 1487 1455
8 1263 1295 1296 1264 1455 1487 1488 1456
8 1264 1296 1297 1265 1456 1488 1489 1457
8 1265 1297 1298 1266 1457 1489 1490 1458
8 1266 1298 1299 1267 1458 1490 1491 1459
8 1267 1299 1300 1268 1459 1491 1492 1460
8 1268 1300 1301 1269 1460 1492 1493 1461
8 1269 1301 1302 1270 1461 1493 1494 1462
8 1270 1302 1303 1271 1462 1494 1495 1463
8 1271 1303 1304 1272 1463 1495 1496 1464
8 1272 1304 1305 1273 1464 1496 1497 1465
8 1273 1305 1306 1274 1465 1497 1498 1466
8 1274 1306 1307 1275 1466 1498 1499 1467
8 1275 1307 1308 1276 1467 1499 1500 1468
8 1276 1308 1309 1277 1468 1500 1501 1469
8 1277 1309 1310 1278 1469 1501 1502 1470
8 1278 1310 1311 1279 1470 1502 1503 1471
8 1279 1311 1280 1248 1471 1503 1472 1440
8 1280 1312 1313 1281 1472 1504 1505 1473
8 1281 1313 1314 1282 1473 1505 1506 1474
8 1282 1314 1315 1283 1474 1506 1507 1475
8 1283 1315 1316 1284 1475 1507 1508 1476
8 1284 1316 1317 1285 1476 1508 1509 1477
8 1285 1317 1318 1286 1477 1509 1510 1478
8 1286 1318 1319 1287 1478 1510 1511 1479
8 1287 1319 1320 1288 1479 1511 1512 1480
8 1288 1320 1321 1289 1480 1512 1513 1481
8 1289 1321 1322 1290 1481 1513 1514 1482
8 1290 1322 1323 1291 1482 1514 1515 1483
8 1291 1323 1324 1292 1483 1515 1516 1484
8 1292 1324 1325 1293 1484 1516 1517 1485
8 1293 1325 1326 1294 1485 1517 1518 1486
8 1294 1326 1327 1295 1486 1518 1519 1487
8 1295 1327 1328 1296 1487 1519 1520 1488
8 1296 1328 1329 1297 1488 1520 1521 1489
8 1297 1329 1330 1298 1489 1521 1522 1490
8 1298 1330 1331 1299 1490 1522 1523 1491
8 1299 1331 1332 1300 1491 1523 1524 1492
8 1300 1332 1333 1301 1492 1524 1525 1493
8 1301 1333 1334 1302 1493 1525 1526 1494
8 1302 1334 1335 1303 1494 1526 1527 1495
8 1303 1335 1336 1304 1495 1527 1528 1496
8 1304 1336 1337 1305 1496 1528 1529 1497
8 1305 1337 1338 1306 1497 1529 1530 1498
8 1306 1338 1339 1307 1498 1530 1531 1499
8 1307 1339 1340 1308 1499 1531 1532 1500
8 1308 1340 1341 1309 1500 1532 1533 1501
8 1309 1341 1342 1310 1501 1533 1534 1502
8 1310 1342 1343 1311 1502 1534 1535 1503
8 1311 1343 1312 1280 1503 1535 1504 1472
8 1344 1376 1377 1345 1536 1568 1569 1537
8 1345 1377 1378 1346 1537 1569 1570 1538
8 1346 1378 1379 1347 1538 1570 1571 1539
8 1347 1379 1380 1348 1539 1571 1572 1540
8 1348 1380 1381 1349 1540 1572 1573 1541
8 1349 1381 1382 1350 1541 1573 1574 1542
8 1350 1382 1383 1351 1542 1574 1575 1543
8 1351 1383 1384 1352 1543 1575 1576 1544
8 1352 1384 1385 1353 1544 1576 1577 1545
8 1353 1385 1386 1354 1545 1577 1578 1546
8 1354 1386 1387 1355 1546 1578 1579 1547
8 1355 1387 1388 1356 1547 1579 1580 1548
8 1356 1388 1389 1357 1548 1580 1581 1549
8 1357 1389 1390 1358 1549 1581 1582 1550
8 1358 1390 1391 1359 1550 1582 1583 1551
8 1359 1391 1392 1360 1551 1583 1584 1552
8 1360 1392 1393 1361 1552 1584 1585 1553
8 1361 1393 1394 1362 1553 1585 1586 1554
8 1362 1394 1395 1363 1554 1586 1587 1555
8 1363 1395 1396 1364 1555 1587 1588 1556
8 1364 1396 1397 1365 1556 1588 1589 1557
8 1365 1397 1398 1366 1557 1589 1590 1558
8 1366 1398 1399 1367 1558 1590 1591 1559
8 1367 1399 1400 1368 1559 1591 1592 1560
8 1368 1400 1401 1369 1560 1592 1593 1561
8 1369 1401 1402 1370 1561 1593 1594 1562
8 1370 1402 1403 1371 1562 1594 1595 1563
8 1371 1403 1404 1372 1563 1595 1596 1564
8 1372 1404 1405 1373 1564 1596 1597 1565
8 1373 1405 1406 1374 1565 1597 1598 1566
8 1374 1406 1407 1375 1566 1598 1599 1567
8 1375 1407 1376 1344 1567 1599 1568 1536
8 1376 1408 1409 1377 1568 1600 1601 1569
8 1377 1409 1410 1378 1569 1601 1602 1570
8 1378 1410 1411 1379 1570 1602 1603 1571
8 1379 1411 1412 1380 1571 1603 1604 1572
8 1380 1412 1413 1381 1572 1604 1605 1573
8 1381 1413 1414 1382 1573 1605 1606 1574
8 1382 1414 1415 1383 1574 1606 1607 1575
8 1383 1415 1416 1384 1575 1607 1608 1576
8 1384 1416 1417 1385 1576 1608 1609 1577
8 1385 1417 1418 1386 1577 1609 1610 1578
8 1386 1418 1419 1387 1578 1610 1611 1579
8 1387 1419 1420 1388 1579 1611 1612 1580
8 1388 1420 1421 1389 1580 1612 1613 1581
8 1389 1421 1422 1390 1581 1613 1614 1582
8 1390 1422 1423 1391 1582 1614 1615 1583
8 1391 1423 1424 1392 1583 1615 1616 1584
8 1392 1424 1425 1393 1584 1616 1617 1585
8 1393 1425 1426 1394 1585 1617 1618 1586
8 1394 1426 1427 1395 1586 1618 1619 1587
8 1395 1427 1428 1396 1587 1619 1620 1588
8 1396 1428 1429 1397 1588 1620 1621 1589
8 1397 1429 1430 1398 1589 1621 1622 1590
8 1398 1430 1431 1399 1590 1622 1623 1591
8 1399 1431 1432 1400 1591 1623 1624 1592
8 1400 1432 1433 1401 1592 1624 1625 1593
8 1401 1433 1434 1402 1593 1625 1626 1594
8 1402 1434 1435 1403 1594 1626 1627 1595
8 1403 1435 1436 1404 1595 1627 1628 1596
8 1404 1436 1437 1405 1596 1628 1629 1597
8 1405 1437 1438 1406 1597 1629 1630 1598
8 1406 1438 1439 1407 1598 1630 1631 1599
8 1407 1439 1408 1376 1599 1631 1600 1568
8 1408 1440 1441 1409 1600 1632 1633 1601
8 1409 1441 1442 1410 1601 1633 1634 1602
8 1410 1442 1443 1411 1602 1634 1635 1603
8 1411 1443 1444 1412 1603 1635 1636 1604
8 1412 1444 1445 1413 1604 1636 1637 1605
8 1413 1445 1446 1414 1605 1637 1638 1606
8 1414 1446 1447 1415 1606 1638 1639 1607
8 1415 1447 1448 1416 1607 1639 1640 1608
8 1416 1448 1449 1417 1608 1640 1641 1609
8 1417 1449 1450 1418 1609 1641 1642 1610
8 1418 1450 1451 1419 1610 1642 1643 1611
8 1419 1451 1452 1420 1611 1643 1644 1612
8 1420 1452 1453 1421 1612 1644 1645 1613
8 1421 1453 1454 1422 1613 1645 1646 1614
8 1422 1454 1455 1423 1614 1646 1647 1615
8 1423 1455 1456 1424 1615 1647 1648 1616
8 1424 1456 1457 1425 1616 1648 1649 1617
8 1425 1457 1458 1426 1617 1649 1650 1618
8 1426 1458 1459 1427 1618 1650 1651 1619
8 1427 1459 1460 1428 1619 1651 1652 1620
8 1428 1460 1461 1429 1620 1652 1653 1621
8 1429 1461 1462 1430 1621 1653 1654 1622
8 1430 1462 1463 1431 1622 1654 1655 1623
8 1431 1463 1464 1432 1623 1655 1656 1624
8 1432 1464 1465 1433 1624 1656 1657 1625
8 1433 1465 1466 1434 1625 1657 1658 1626
8 1434 1466 1467 1435 1626 1658 1659 1627
8 1435 1467 1468 1436 1627 1659 1660 1628
8 1436 1468 1469 1437 1628 1660 1661 1629
8 1437 1469 1470 1438 1629 1661 1662 1630
8 1438 1470 1471 1439 1630 1662 1663 1631
8 1439 1471 1440 1408 1631 1663 1632 1600
8 1440 1472 1473 1441 1632 1664 1665 1633
8 1441 1473 1474 1442 1633 1665 1666 1634
8 1442 1474 1475 1443 1634 1666 1667 1635
8 1443 1475 1476 1444 1635 1667 1668 1636
8 1444 1476 1477 1445 1636 1668 1669 1637
8 1445 1477 1478 1446 1637 1669 1670 1638
8 1446 1478 1479 1447 1638 1670 1671 1639
8 1447 1479 1480 1448 1639 1671 1672 1640
8 1448 1480 1481 1449 1640 1672 1673 1641
8 1449 1481 1482 1450 1641 1673 1674 1642
8 1450 1482 1483 1451 1642 1674 1675 1643
8 1451 1483 1484 1452 1643 1675 1676 1644
8 1452 1484 1485 1453 1644 1676 1677 1645
8 1453 1485 1486 1454 1645 1677 1678 1646
8 1454 1486 1487 1455 1646 1678 1679 1647
8 1455 1487 1488 1456 1647 1679 1680 1648
8 1456 1488 1489 1457 1648 1680 1681 1649
8 1457 1489 1490 1458 1649 1681 1682 1650
8 1458 1490 1491 1459 1650 1682 1683 1651
8 1459 1491 1492 1460 1651 1683 1684 1652
8 1460 1492 1493 1461 1652 1684 1685 1653
8 1461 1493 1494 1462 1653 1685 1686 1654
8 1462 1494 1495 1463 1654 1686 1687 1655
8 1463 1495 1496 1464 1655 1687 1688 1656
8 1464 1496 1497 1465 1656 1688 1689 1657
8 1465 1497 1498 1466 1657 1689 1690 1658
8 1466 1498 1499 1467 1658 1690 1691 1659
8 1467 1499 1500 1468 1659 1691 1692 1660
8 1468 1500 1501 1469 1660 1692 1693 1661
8 1469 1501 1502 1470 1661 1693 1694 1662
8 1470 1502 1503 1471 1662 1694 1695 1663
8 1471 1503 1472 1440 1663 1695 1664 1632
8 1472 1504 1505 1473 1664 1696 1697 1665
8 1473 1505 1506 1474 1665 1697 1698 1666
8 1474 1506 1507 1475 1666 1698 1699 1667
8 1475 1507 1508 1476 1667 1699 1700 1668
8 1476 1508 1509 1477 1668 1700 1701 1669
8 1477 1509 1510 1478 1669 1701 1702 1670
8 1478 1510 1511 1479 1670 1702 1703 1671
8 1479 1511 1512 1480 1671 1703 1704 1672
8 1480 1512 1513 1481 1672 1704 1705 1673
8 1481 1513 1514 1482 1673 1705 1706 1674
8 1482 1514 1515 1483 1674 1706 1707 1675
8 1483 1515 1516 1484 1675 1707 1708 1676
8 1484 1516 1517 1485 1676 1708 1709 1677
8 1485 1517 1518 1486 1677 1709 1710 1678
8 1486 1518 1519 1487 1678 1710 1711 1679
8 1487 1519 1520 1488 1679 1711 1712 1680
8 1488 1520 1521 1489 1680 1712 1713 1681
8 1489 1521 1522 1490 1681 1713 1714 1682
8 1490 1522 1523 1491 1682 1714 1715 1683
8 1491 1523 1524 1492 1683 1715 1716 1684
8 1492 1524 1525 1493 1684 1716 1717 1685
8 1493 1525 1526 1494 1685 1717 1718 1686
8 1494 1526 1527 1495 1686 1718 1719 1687
8 1495 1527 1528 1496 1687 1719 1720 1688
8 1496 1528 1529 1497 1688 1720 1721 1689
8 1497 1529 1530 1498 1689 1721 1722 1690
8 1498 1530 1531 1499 1690 1722 1723 1691
8 1499 1531 1532 1500 1691 1723 1724 1692
8 1500 1532 1533 1501 1692 1724 1725 1693
8 1501 1533 1534 1502 1693 1725 1726 1694
8 1502 1534 1535 1503 1694 1726 1727 1695
8 1503 1535 1504 1472 1695 1727 1696 1664
8 1536 1568 1569 1537 1728 1760 1761 1729
8 1537 1569 1570 1538 1729 1761 1762 1730
8 1538 1570 1571 1539 1730 1762 1763 1731
8 1539 1571 1572 1540 1731 1763 1764 1732
8 1540 1572 1573 1541 1732 1764 1765 1733
8 1541 1573 1574 1542 1733 1765 1766 1734
8 1542 1574 1575 1543 1734 1766 1767 1735
8 1543 1575 1576 1544 1735 1767 1768 1736
8 1544 1576 1577 1545 1736 1768 1769 1737
8 1545 1577 1578 1546 1737 1769 1770 1738
8 1546 1578 1579 1547 1738 1770 1771 1739
8 1547 1579 1580 1548 1739 1771 1772 1740
8 1548 1580 1581 1549 1740 1772 1773 1741
8 1549 1581 1582 1550 1741 1773 1774 1742
8 1550 1582 1583 1551 1742 1774 1775 1743
8 1551 1583 1584 1552 1743 1775 1776 1744
8 1552 1584 1585 1553 1744 1776 1777 1745
8 1553 1585 1586 1554 1745 1777 1778 1746
8 1554 1586 1587 1555 1746 1778 1779 1747
8 1555 1587 1588 1556 1747 1779 1780 1748
8 1556 1588 1589 1557 1748 1780 1781 1749
8 1557 1589 1590 1558 1749 1781 1782 1750
8 1558 1590 1591 1559 1750 1782 1783 1751
8 1559 1591 1592 1560 1751 1783 1784 1752
8 1560 1592 1593 1561 1752 1784 1785 1753
8 1561 1593 1594 1562 1753 1785 1786 1754
8 1562 1594 1595 1563 1754 1786 1787 1755
8 1563 1595 1596 1564 1755 1787 1788 1756
8 1564 1596 1597 1565 1756 1788 1789 1757
8 1565 1597 1598 1566 1757 1789 1790 1758
8 1566 1598 1599 1567 1758 1790 1791 1759
8 1567 1599 1568 1536 1759 1791 1760 1728
8 1568 1600 1601 1569 1760 1792 1793 1761
8 1569 1601 1602 1570 1761 1793 1794 1762
8 1570 1602 1603 1571 1762 1794 1795 1763
8 1571 1603 1604 1572 1763 1795 1796 1764
8 1572 1604 1605 1573 1764 1796 1797 1765
8 1573 1605 1606 1574 1765 1797 1798 1766
8 1574 1606 1607 1575 1766 1798 1799 1767
8 1575 1607 1608 1576 1767 1799 1800 1768
8 1576 1608 1609 1577 1768 1800 1801 1769
8 1577 1609 1610 1578 1769 1801 1802 1770
8 1578 1610 1611 1579 1770 1802 1803 1771
8 1579 1611 1612 1580 1771 1803 1804 1772
8 1580 1612 1613 1581 1772 1804 1805 1773
8 1581 1613 1614 1582 1773 1805 1806 1774
8 1582 1614 1615 1583 1774 1806 1807 1775
8 1583 1615 1616 1584 1775 1807 1808 1776
8 1584 1616 1617 1585 1776 1808 1809 1777
8 1585 1617 1618 1586 1777 1809 1810 1778
8 1586 1618 1619 1587 1778 1810 1811 1779
8 1587 1619 1620 1588 1779 1811 1812 1780
8 1588 1620 1621 1589 1780 1812 1813 1781
8 1589 1621 1622 1590 1781 1813 1814 1782
8 1590 1622 1623 1591 1782 1814 1815 1783
8 1591 1623 1624 1592 1783 1815 1816 1784
8 1592 1624 1625 1593 1784 1816 1817 1785
8 1593 1625 1626 1594 1785 1817 1818 1786
8 1594 1626 1627 1595 1786 1818 1819 1787
8 1595 1627 1628 1596 1787 1819 1820 1788
8 1596 1628 1629 1597 1788 1820 1821 1789
8 1597 1629 1630 1598 1789 1821 1822 1790
8 1598 1630 1631 1599 1790 1822 1823 1791
8 1599 1631 1600 1568 1791 1823 1792 1760
8 1600 1632 1633 1601 1792 1824 1825 1793
8 1601 1633 1634 1602 1793 1825 1826 1794
8 1602 1634 1635 1603 1794 1826 1827 1795
8 1603 1635 1636 1604 1795 1827 1828 1796
8 1604 1636 1637 1605 1796 1828 1829 1797
8 1605 1637 1638 1606 1797 1829 1830 1798
8 1606 1638 1639 1607 1798 1830 1831 1799
8 1607 1639 1640 1608 1799 1831 1832 1800
8 1608 1640 1641 1609 1800 1832 1833 1801
8 1609 1641 1642 1610 1801 1833 1834 1802
8 1610 1642 1643 1611 1802 1834 1835 1803
8 1611 1643 1644 1612 1803 1835 1836 1804
8 1612 1644 1645 1613 1804 1836 1837 1805
8 1613 1645 1646 1614 1805 1837 1838 1806
8 1614 1646 1647 1615 1806 1838 1839 1807
8 1615 1647 1648 1616 1807 1839 1840 1808
8 1616 1648 1649 1617 1808 1840 1841 1809
8 1617 1649 1650 1618 1809 1841 1842 1810
8 1618 1650 1651 1619 1810 1842 1843 1811
8 1619 1651 1652 1620 1811 1843 1844 1812
8 1620 1652 1653 1621 1812 1844 1845 1813
8 1621 1653 1654 1622 1813 1845 1846 1814
8 1622 1654 1655 1623 1814 1846 1847 1815
8 1623 1655 1656 1624 1815 1847 1848 1816
8 1624 1656 1657 1625 1816 1848 1849 1817
8 1625 1657 1658 1626 1817 1849 1850 1818
8 1626 1658 1659 1627 1818 1850 1851 1819
8 1627 1659 1660 1628 1819 1851 1852 1820
8 1628 1660 1661 1629 1820 1852 1853 1821
8 1629 1661 1662 1630 1821 1853 1854 1822
8 1630 1662 1663 1631 1822 1854 1855 1823
8 1631 1663 1632 1600 1823 1855 1824 1792
8 1632 1664 1665 1633 1824 1856 1857 1825
8 1633 1665 1666 1634 1825 1857 1858 1826
8 1634 1666 1667 1635 1826 1858 1859 1827
8 1635 1667 1668 1636 1827 1859 1860 1828
8 1636 1668 1669 1637 1828 1860 1861 1829
8 1637 1669 1670 1638 1829 1861 1862 1830
8 1638 1670 1671 1639 1830 1862 1863 1831
8 1639 1671 1672 1640 1831 1863 1864 1832
8 1640 1672 1673 1641 1832 1864 1865 1833
8 1641 1673 1674 1642 1833 1865 1866 1834
8 1642 1674 1675 1643 1834 1866 1867 1835
8 1643 1675 1676 1644 1835 1867 1868 1836
8 1644 1676 1677 1645 1836 1868 1869 1837
8 1645 1677 1678 1646 1837 1869 1870 1838
8 1646 1678 1679 1647 1838 1870 1871 1839
8 1647 1679 1680 1648 1839 1871 1872 1840
8 1648 1680 1681 1649 1840 1872 1873 1841
8 1649 1681 1682 1650 1841 1873 1874 1842
8 1650 1682 1683 1651 1842 1874 1875 1843
8 1651 1683 1684 1652 1843 1875 1876 1844
8 1652 1684 1685 1653 1844 1876 1877 1845
8 1653 1685 1686 1654 1845 1877 1878 1846
8 1654 1686 1687 1655 1846 1878 1879 1847
8 1655 1687 1688 1656 1847 1879 1880 1848
8 1656 1688 1689 1657 1848 1880 1881 1849
8 1657 1689 1690 1658 1849 1881 1882 1850
8 1658 1690 1691 1659 1850 1882 1883 1851
8 1659 1691 1692 1660 1851 1883 1884 1852
8 1660 1692 1693 1661 1852 1884 1885 1853
8 1661 1693 1694 1662 1853 1885 1886 1854
8 1662 1694 1695 1663 1854 1886 1887 1855
8 1663 1695 1664 1632 1855 1887 1856 1824
8 1664 1696 1697 1665 1856 1888 1889 1857
8 1665 1697 1698 1666 1857 1889 1890 1858
8 1666 1698 1699 1667 1858 1890 1891 1859
8 1667 1699 1700 1668 1859 1891 1892 1860
8 1668 1700 1701 1669 1860 1892 1893 1861
8 1669 1701 1702 1670 1861 1893 1894 1862
8 1670 1702 1703 1671 1862 1894 1895 1863
8 1671 1703 1704 1672 1863 1895 1896 1864
8 1672 1704 1705 1673 1864 1896 1897 1865
8 1673 1705 1706 1674 1865 1897 1898 1866
8 1674 1706 1707 1675 1866 1898 1899 1867
8 1675 1707 1708 1676 1867 1899 1900 1868
8 1676 1708 1709 1677 1868 1900 1901 1869
8 1677 1709 1710 1678 1869 1901 1902 1870
8 1678 1710 1711 1679 1870 1902 1903 1871
8 1679 1711 1712 1680 1871 1903 1904 1872
8 1680 1712 1713 1681 1872 1904 1905 1873
8 1681 1713 1714 1682 1873 1905 1906 1874
8 1682 1714 1715 1683 1874 1906 1907 1875
8 1683 1715 1716 1684 1875 1907 1908 1876
8 1684 1716 1717 1685 1876 1908 1909 1877
8 1685 1717 1718 1686 1877 1909 1910 1878
8 1686 1718 1719 1687 1878 1910 1911 1879
8 1687 1719 1720 1688 1879 1911 1912 1880
8 1688 1720 1721 1689 1880 1912 1913 1881
8 1689 1721 1722 1690 1881 1913 1914 1882
8 1690 1722 1723 1691 1882 1914 1915 1883
8 1691 1723 1724 1692 1883 1915 1916 1884
8 1692 1724 1725 1693 1884 1916 1917 1885
8 1693 1725 1726 1694 1885 1917 1918 1886
8 1694 1726 1727 1695 1886 1918 1919 1887
8 1695 1727 1696 1664 1887 1919 1888 1856
8 1728 1760 1761 1729 1920 1952 1953 1921
8 1729 1761 1762 1730 1921 1953 1954 1922
8 1730 1762 1763 1731 1922 1954 1955 1923
8 1731 1763 1764 1732 1923 1955 1956 1924
8 1732 1764 1765 1733 1924 1956 1957 1925
8 1733 1765 1766 1734 1925 1957 1958 1926
8 1734 1766 1767 1735 1926 1958 1959 1927
8 1735 1767 1768 1736 1927 1959 1960 1928
8 1736 1768 1769 1737 1928 1960 1961 1929
8 1737 1769 1770 1738 1929 1961 1962 1930
8 1738 1770 1771 1739 1930 1962 1963 1931
8 1739 1771 1772 1740 1931 1963 1964 1932
8 1740 1772 1773 1741 1932 1964 1965 1933
8 1741 1773 1774 1742 1933 1965 1966 1934
8 1742 1774 1775 1743 1934 1966 1967 1935
8 1743 1775 1776 1744 1935 1967 1968 1936
8 1744 1776 1777 1745 1936 1968 1969 1937
8 1745 1777 1778 1746 1937 1969 1970 1938
8 1746 1778 1779 1747 1938 1970 1971 1939
8 1747 1779 1780 1748 1939 1971 1972 1940
8 1748 1780 1781 1749 1940 1972 1973 1941
8 1749 1781 1782 1750 1941 1973 1974 1942
8 1750 1782 1783 1751 1942 1974 1975 1943
8 1751 1783 1784 1752 1943 1975 1976 1944
8 1752 1784 1785 1753 1944 1976 1977 1945
8 1753 1785 1786 1754 1945 1977 1978 1946
8 1754 1786 1787 1755 1946 1978 1979 1947
8 1755 1787 1788 1756 1947 1979 1980 1948
8 1756 1788 1789 1757 1948 1980 1981 1949
8 1757 1789 1790 1758 1949 1981 1982 1950
8 1758 1790 1791 1759 1950 1982 1983 1951
8 1759 1791 1760 1728 1951 1983 1952 1920
8 1760 1792 1793 1761 1952 1984 1985 1953
8 1761 1793 1794 1762 1953 1985 1986 1954
8 1762 1794 1795 1763 1954 1986 1987 1955
8 1763 1795 1796 1764 1955 1987 1988 1956
8 1764 1796 1797 1765 1956 1988 1989 1957
8 1765 1797 1798 1766 1957 1989 1990 1958
8 1766 1798 1799 1767 1958 1990 1991 1959
8 1767 1799 1800 1768 1959 1991 1992 1960
8 1768 1800 1801 1769 1960 1992 1993 1961
8 1769 1801 1802 1770 1961 1993 1994 1962
8 1770 1802 1803 1771 1962 1994 1995 1963
8 1771 1803 1804 1772 1963 1995 1996 1964
8 1772 1804 1805 1773 1964 1996 1997 1965
8 1773 1805 1806 1774 1965 1997 1998 1966
8 1774 1806 1807 1775 1966 1998 1999 1967
8 1775 1807 1808 1776 1967 1999 2000 1968
8 1776 1808 1809 1777 1968 2000 2001 1969
8 1777 1809 1810 1778 1969 2001 2002 1970
8 1778 1810 1811 1779 1970 2002 2003 1971
8 1779 1811 1812 1780 1971 2003 2004 1972
8 1780 1812 1813 1781 1972 2004 2005 1973
8 1781 1813 1814 1782 1973 2005 2006 1974
8 1782 1814 1815 1783 1974 2006 2007 1975
8 1783 1815 1816 1784 1975 2007 2008 1976
8 1784 1816 1817 1785 1976 2008 2009 1977
8 1785 1817 1818 1786 1977 2009 2010 1978
8 1786 1818 1819 1787 1978 2010 2011 1979
8 1787 1819 1820 1788 1979 2011 2012 1980
8 1788 1820 1821 1789 1980 2012 2013 1981
8 1789 1821 1822 1790 1981 2013 2014 1982
8 1790 1822 1823 1791 1982 2014 2015 1983
8 1791 1823 1792 1760 1983 2015 1984 1952
8 1792 1824 1825 1793 1984 2016 2017 1985
8 1793 1825 1826 1794 1985 2017 2018 1986
8 1794 1826 1827 1795 1986 2018 2019 1987
8 1795 1827 1828 1796 1987 2019 2020 1988
8 1796 1828 1829 1797 1988 2020 2021 1989
8 1797 1829 1830 1798 1989 2021 2022 1990
8 1798 1830 1831 1799 1990 2022 2023 1991
8 1799 1831 1832 1800 1991 2023 2024 1992
8 1800 1832 1833 1801 1992 2024 2025 1993
8 1801 1833 1834 1802 1993 2025 2026 1994
8 1802 1834 1835 1803 1994 2026 2027 1995
8 1803 1835 1836 1804 1995 2027 2028 1996
8 1804 1836 1837 1805 1996 2028 2029 1997
8 1805 1837 1838 1806 1997 2029 2030 1998
8 1806 1838 1839 1807 1998 2030 2031 1999
8 1807 1839 1840 1808 1999 2031 2032 2000
8 1808 1840 1841 1809 2000 2032 2033 2001
8 1809 1841 1842 1810 2001 2033 2034 2002
8 1810 1842 1843 1811 2002 2034 2035 2003
8 1811 1843 1844 1812 2003 2035 2036 2004
8 1812 1844 1845 1813 2004 2036 2037 2005
8 1813 1845 1846 1814 2005 2037 2038 2006
8 1814 1846 1847 1815 2006 2038 2039 2007
8 1815 1847 1848 1816 2007 2039 2040 2008
8 1816 1848 1849 1817 2008 2040 2041 2009
8 1817 1849 1850 1818 2009 2041 2042 2010
8 1818 1850 1851 1819 2010 2042 2043 2011
8 1819 1851 1852 1820 2011 2043 2044 2012
8 1820 1852 1853 1821 2012 2044 2045 2013
8 1821 1853 1854 1822 2013 2045 2046 2014
8 1822 1854 1855 1823 2014 2046 2047 2015
8 1823 1855 1824 1792 2015 2047 2016 1984
8 1824 1856 1857 1825 2016 2048 2049 2017
8 1825 1857 1858 1826 2017 2049 2050 2018
8 1826 1858 1859 1827 2018 2050 2051 2019
8 1827 1859 1860 1828 2019 2051 2052 2020
8 1828 1860 1861 1829 2020 2052 2053 2021
8 1829 1861 1862 1830 2021 2053 2054 2022
8 1830 1862 1863 1831 2022 2054 2055 2023
8 1831 1863 1864 1832 2023 2055 2056 2024
8 1832 1864 1865 1833 2024 2056 2057 2025
8 1833 1865 1866 1834 2025 2057 2058 2026
8 1834 1866 1867 1835 2026 2058 2059 2027
8 1835 1867 1868 1836 2027 2059 2060 2028
8 1836 1868 1869 1837 2028 2060 2061 2029
8 1837 1869 1870 1838 2029 2061 2062 2030
8 1838 1870 1871 1839 2030 2062 2063 2031
8 1839 1871 1872 1840 2031 2063 2064 2032
8 1840 1872 1873 1841 2032 2064 2065 2033
8 1841 1873 1874 1842 2033 2065 2066 2034
8 1842 1874 1875 1843 2034 2066 2067 2035
8 1843 1875 1876 1844 2035 2067 2068 2036
8 1844 1876 1877 1845 2036 2068 2069 2037
8 1845 1877 1878 1846 2037 2069 2070 2038
8 1846 1878 1879 1847 2038 2070 2071 2039
8 1847 1879 1880 1848 2039 2071 2072 2040
8 1848 1880 1881 1849 2040 2072 2073 2041
8 1849 1881 1882 1850 2041 2073 2074 2042
8 1850 1882 1883 1851 2042 2074 2075 2043
8 1851 1883 1884 1852 2043 2075 2076 2044
8 1852 1884 1885 1853 2044 2076 2077 2045
8 1853 1885 1886 1854 2045 2077 2078 2046
8 1854 1886 1887 1855 2046 2078 2079 2047
8 1855 1887 1856 1824 2047 2079 2048 2016
8 1856 1888 1889 1857 2048 2080 2081 2049
8 1857 1889 1890 1858 2049 2081 2082 2050
8 1858 1890 1891 1859 2050 2082 2083 2051
8 1859 1891 1892 1860 2051 2083 2084 2052
8 1860 1892 1893 1861 2052 2084 2085 2053
8 1861 1893 1894 1862 2053 2085 2086 2054
8 1862 1894 1895 1863 2054 2086 2087 2055
8 1863 1895 1896 1864 2055 2087 2088 2056
8 1864 1896 1897 1865 2056 2088 2089 2057
8 1865 1897 1898 1866 2057 2089 2090 2058
8 1866 1898 1899 1867 2058 2090 2091 2059
8 1867 1899 1900 1868 2059 2091 2092 2060
8 1868 1900 1901 1869 2060 2092 2093 2061
8 1869 1901 1902 1870 2061 2093 2094 2062
8 1870 1902 1903 1871 2062 2094 2095 2063
8 1871 1903 1904 1872 2063 2095 2096 2064
8 1872 1904 1905 1873 2064 2096 2097 2065
8 1873 1905 1906 1874 2065 2097 2098 2066
8 1874 1906 1907 1875 2066 2098 2099 2067
8 1875 1907 1908 1876 2067 2099 2100 2068
8 1876 1908 1909 1877 2068 2100 2101 2069
8 1877 1909 1910 1878 2069 2101 2102 2070
8 1878 1910 1911 1879 2070 2102 2103 2071
8 1879 1911 1912 1880 2071 2103 2104 2072
8 1880 1912 1913 1881 2072 2104 2105 2073
8 1881 1913 1914 1882 2073 2105 2106 2074
8 1882 1914 1915 1883 2074 2106 2107 2075
8 1883 1915 1916 1884 2075 2107 2108 2076
8 1884 1916 1917 1885 2076 2108 2109 2077
8 1885 1917 1918 1886 2077 2109 2110 2078
8 1886 1918 1919 1887 2078 2110 2111 2079
8 1887 1919 1888 1856 2079 2111 2080 2048
8 1920 1952 1953 1921 2112 2144 2145 2113
8 1921 1953 1954 1922 2113 2145 2146 2114
8 1922 1954 1955 1923 2114 2146 2147 2115
8 1923 1955 1956 1924 2115 2147 2148 2116
8 1924 1956 1957 1925 2116 2148 2149 2117
8 1925 1957 1958 1926 2117 2149 2150 2118
8 1926 1958 1959 1927 2118 2150 2151 2119
8 1927 1959 1960 1928 2119 2151 2152 2120
8 1928 1960 1961 1929 2120 2152 2153 2121
8 1929 1961 1962 1930 2121 2153 2154 2122
8 1930 1962 1963 1931 2122 2154 2155 2123
8 1931 1963 1964 1932 2123 2155 2156 2124
8 1932 1964 1965 1933 2124 2156 2157 2125
8 1933 1965 1966 1934 2125 2157 2158 2126
8 1934 1966 1967 1935 2126 2158 2159 2127
8 1935 1967 1968 1936 2127 2159 2160 2128
8 1936 1968 1969 1937 2128 2160 2161 2129
8 1937 1969 1970 1938 2129 2161 2162 2130
8 1938 1970 1971 1939 2130 2162 2163 2131
8 1939 1971 1972 1940 2131 2163 2164 2132
8 1940 1972 1973 1941 2132 2164 2165 2133
8 1941 1973 1974 1942 2133 2165 2166 2134
8 1942 1974 1975 1943 2134 2166 2167 2135
8 1943 1975 1976 1944 2135 2167 2168 2136
8 1944 1976 1977 1945 2136 2168 2169 2137
8 1945 1977 1978 1946 2137 2169 2170 2138
8 1946 1978 1979 1947 2138 2170 2171 2139
8 1947 1979 1980 1948 2139 2171 2172 2140
8 1948 1980 1981 1949 2140 2172 2173 2141
8 1949 1981 1982 1950 2141 2173 2174 2142
8 1950 1982 1983 1951 2142 2174 2175 2143
8 1951 1983 1952 1920 2143 2175 2144 2112
8 1952 1984 1985 1953 2144 2176 2177 2145
8 1953 1985 1986 1954 2145 2177 2178 2146
8 1954 1986 1987 1955 2146 2178 2179 2147
8 1955 1987 1988 1956 2147 2179 2180 2148
8 1956 1988 1989 1957 2148 2180 2181 2149
8 1957 1989 1990 1958 2149 2181 2182 2150
8 1958 1990 1991 1959 2150 2182 2183 2151
8 1959 1991 1992 1960 2151 2183 2184 2152
8 1960 1992 1993 1961 2152 2184 2185 2153
8 1961 1993 1994 1962 2153 2185 2186 2154
8 1962 1994 1995 1963 2154 2186 2187 2155
8 1963 1995 1996 1964 2155 2187 2188 2156
8 1964 1996 1997 1965 2156 2188 2189 2157
8 1965 1997 1998 1966 2157 2189 2190 2158
8 1966 1998 1999 1967 2158 2190 2191 2159
8 1967 1999 2000 1968 2159 2191 2192 2160
8 1968 2000 2001 1969 2160 2192 2193 2161
8 1969 2001 2002 1970 2161 2193 2194 2162
8 1970 2002 2003 1971 2162 2194 2195 2163
8 1971 2003 2004 1972 2163 2195 2196 2164
8 1972 2004 2005 1973 2164 2196 2197 2165
8 1973 2005 2006 1974 2165 2197 2198 2166
8 1974 2006 2007 1975 2166 2198 2199 2167
8 1975 2007 2008 1976 2167 2199 2200 2168
8 1976 2008 2009 1977 2168 2200 2201 2169
8 1977 2009 2010 1978 2169 2201 2202 2170
8 1978 2010 2011 1979 2170 2202 2203 2171
8 1979 2011 2012 1980 2171 2203 2204 2172
8 1980 2012 2013 1981 2172 2204 2205 2173
8 1981 2013 2014 1982 2173 2205 2206 2174
8 1982 2014 2015 1983 2174 2206 2207 2175
8 1983 2015 1984 1952 2175 2207 2176 2144
8 1984 2016 2017 1985 2176 2208 2209 2177
8 1985 2017 2018 1986 2177 2209 2210 2178
8 1986 2018 2019 1987 2178 2210 2211 2179
8 1987 2019 2020 1988 2179 2211 2212 2180
8 1988 2020 2021 1989 2180 2212 2213 2181
8 1989 2021 2022 1990 2181 2213 2214 2182
8 1990 2022 2023 1991 2182 2214 2215 2183
8 1991 2023 2024 1992 2183 2215 2216 2184
8 1992 2024 2025 1993 2184 2216 2217 2185
8 1993 2025 2026 1994 2185 2217 2218 2186
8 1994 2026 2027 1995 2186 2218 2219 2187
8 1995 2027 2028 1996 2187 2219 2220 2188
8 1996 2028 2029 1997 2188 2220 2221 2189
8 1997 2029 2030 1998 2189 2221 2222 2190
8 1998 2030 2031 1999 2190 2222 2223 2191
8 1999 2031 2032 2000 2191 2223 2224 2192
8 2000 2032 2033 2001 2192 2224 2225 2193
8 2001 2033 2034 2002 2193 2225 2226 2194
8 2002 2034 2035 2003 2194 2226 2227 2195
8 2003 2035 2036 2004 2195 2227 2228 2196
8 2004 2036 2037 2005 2196 2228 2229 2197
8 2005 2037 2038 2006 2197 2229 2230 2198
8 2006 2038 2039 2007 2198 2230 2231 2199
8 2007 2039 2040 2008 2199 2231 2232 2200
8 2008 2040 2041 2009 2200 2232 2233 2201
8 2009 2041 2042 2010 2201 2233 2234 2202
8 2010 2042 2043 2011 2202 2234 2235 2203
8 2011 2043 2044 2012 2203 2235 2236 2204
8 2012 2044 2045 2013 2204 2236 2237 2205
8 2013 2045 2046 2014 2205 2237 2238 2206
8 2014 2046 2047 2015 2206 2238 2239 2207
8 2015 2047 2016 1984 2207 2239 2208 2176
8 2016 2048 2049 2017 2208 2240 2241 2209
8 2017 2049 2050 2018 2209 2241 2242 2210
8 2018 2050 2051 2019 2210 2242 2243 2211
8 2019 2051 2052 2020 2211 2243 2244 2212
8 2020 2052 2053 2021 2212 2244 2245 2213
8 2021 2053 2054 2022 2213 2245 2246 2214
8 2022 2054 2055 2023 2214 2246 2247 2215
8 2023 2055 2056 2024 2215 2247 2248 2216
8 2024 2056 2057 2025 2216 2248 2249 2217
8 2025 2057 2058 2026 2217 2249 2250 2218
8 2026 2058 2059 2027 2218 2250 2251 2219
8 2027 2059 2060 2028 2219 2251 2252 2220
8 2028 2060 2061 2029 2220 2252 2253 2221
8 2029 2061 2062 2030 2221 2253 2254 2222
8 2030 2062 2063 2031 2222 2254 2255 2223
8 2031 2063 2064 2032 2223 2255 2256 2224
8 2032 2064 2065 2033 2224 2256 2257 2225
8 2033 2065 2066 2034 2225 2257 2258 2226
8 2034 2066 2067 2035 2226 2258 2259 2227
8 2035 2067 2068 2036 2227 2259 2260 2228
8 2036 2068 2069 2037 2228 2260 2261 2229
8 2037 2069 2070 2038 2229 2261 2262 2230
8 2038 2070 2071 2039 2230 2262 2263 2231
8 2039 2071 2072 2040 2231 2263 2264 2232
8 2040 2072 2073 2041 2232 2264 2265 2233
8 2041 2073 2074 2042 2233 2265 2266 2234
8 2042 2074 2075 2043 2234 2266 2267 2235
8 2043 2075 2076 2044 2235 2267 2268 2236
8 2044 2076 2077 2045 2236 2268 2269 2237
8 2045 2077 2078 2046 2237 2269 2270 2238
8 2046 2078 2079 2047 2238 2270 2271 2239
8 2047 2079 2048 2016 2239 2271 2240 2208
8 2048 2080 2081 2049 2240 2272 2273 2241
8 2049 2081 2082 2050 2241 2273 2274 2242
8 2050 2082 2083 2051 2242 2274 2275 2243
8 2051 2083 2084 2052 2243 2275 2276 2244
8 2052 2084 2085 2053 2244 2276 2277 2245
8 2053 2085 2086 2054 2245 2277 2278 2246
8 2054 2086 2087 2055 2246 2278 2279 2247
8 2055 2087 2088 2056 2247 2279 2280 2248
8 2056 2088 2089 2057 2248 2280 2281 2249
8 2057 2089 2090 2058 2249 2281 2282 2250
8 2058 2090 2091 2059 2250 2282 2283 2251
8 2059 2091 2092 2060 2251 2283 2284 2252
8 2060 2092 2093 2061 2252 2284 2285 2253
8 2061 2093 2094 2062 2253 2285 2286 2254
8 2062 2094 2095 2063 2254 2286 2287 2255
8 2063 2095 2096 2064 2255 2287 2288 2256
8 2064 2096 2097 2065 2256 2288 2289 2257
8 2065 2097 2098 2066 2257 2289 2290 2258
8 2066 2098 2099 2067 2258 2290 2291 2259
8 2067 2099 2100 2068 2259 2291 2292 2260
8 2068 2100 2101 2069 2260 2292 2293 2261
8 2069 2101 2102 2070 2261 2293 2294 2262
8 2070 2102 2103 2071 2262 2294 2295 2263
8 2071 2103 2104 2072 2263 2295 2296 2264
8 2072 2104 2105 2073 2264 2296 2297 2265
8 2073 2105 2106 2074 2265 2297 2298 2266
8 2074 2106 2107 2075 2266 2298 2299 2267
8 2075 2107 2108 2076 2267 2299 2300 2268
8 2076 2108 2109 2077 2268 2300 2301 2269
8 2077 2109 2110 2078 2269 2301 2302 2270
8 2078 2110 2111 2079 2270 2302 2303 2271
8 2079 2111 2080 2048 2271 2303 2272 2240
8 2112 2144 2145 2113 2304 2336 2337 2305
8 2113 2145 2146 2114 2305 2337 2338 2306
8 2114 2146 2147 2115 2306 2338 2339 2307
8 2115 2147 2148 2116 2307 2339 2340 2308
8 2116 2148 2149 2117 2308 2340 2341 2309
8 2117 2149 2150 2118 2309 2341 2342 2310
8 2118 2150 2151 2119 2310 2342 2343 2311
8 2119 2151 2152 2120 2311 2343 2344 2312
8 2120 2152 2153 2121 2312 2344 2345 2313
8 2121 2153 2154 2122 2313 2345 2346 2314
8 2122 2154 2155 2123 2314 2346 2347 2315
8 2123 2155 2156 2124 2315 2347 2348 2316
8 2124 2156 2157 2125 2316 2348 2349 2317
8 2125 2157 2158 2126 2317 2349 2350 2318
8 2126 2158 2159 2127 2318 2350 2351 2319
8 2127 2159 2160 2128 2319 2351 2352 2320
8 2128 2160 2161 2129 2320 2352 2353 2321
8 2129 2161 2162 2130 2321 2353 2354 2322
8 2130 2162 2163 2131 2322 2354 2355 2323
8 2131 2163 2164 2132 2323 2355 2356 2324
8 2132 2164 2165 2133 2324 2356 2357 2325
8 2133 2165 2166 2134 2325 2357 2358 2326
8 2134 2166 2167 2135 2326 2358 2359 2327
8 2135 2167 2168 2136 2327 2359 2360 2328
8 2136 2168 2169 2137 2328 2360 2361 2329
8 2137 2169 2170 2138 2329 2361 2362 2330
8 2138 2170 2171 2139 2330 2362 2363 2331
8 2139 2171 2172 2140 2331 2363 2364 2332
8 2140 2172 2173 2141 2332 2364 2365 2333
8 2141 2173 2174 2142 2333 2365 2366 2334
8 2142 2174 2175 2143 2334 2366 2367 2335
8 2143 2175 2144 2112 2335 2367 2336 2304
8 2144 2176 2177 2145 2336 2368 2369 2337
8 2145 2177 2178 2146 2337 2369 2370 2338
8 2146 2178 2179 2147 2338 2370 2371 2339
8 2147 2179 2180 2148 2339 2371 2372 2340
8 2148 2180 2181 2149 2340 2372 2373 2341
8 2149 2181 2182 2150 2341 2373 2374 2342
8 2150 2182 2183 2151 2342 2374 2375 2343
8 2151 2183 2184 2152 2343 2375 2376 2344
8 2152 2184 2185 2153 2344 2376 2377 2345
8 2153 2185 2186 2154 2345 2377 2378 2346
8 2154 2186 2187 2155 2346 2378 2379 2347
8 2155 2187 2188 2156 2347 2379 2380 2348
8 2156 2188 2189 2157 2348 2380 2381 2349
8 2157 2189 2190 2158 2349 2381 2382 2350
8 2158 2190 2191 2159 2350 2382 2383 2351
8 2159 2191 2192 2160 2351 2383 2384 2352
8 2160 2192 2193 2161 2352 2384 2385 2353
8 2161 2193 2194 2162 2353 2385 2386 2354
8 2162 2194 2195 2163 2354 2386 2387 2355
8 2163 2195 2196 2164 2355 2387 2388 2356
8 2164 2196 2197 2165 2356 2388 2389 2357
8 2165 2197 2198 2166 2357 2389 2390 2358
8 2166 2198 2199 2167 2358 2390 2391 2359
8 2167 2199 2200 2168 2359 2391 2392 2360
8 2168 2200 2201 2169 2360 2392 2393 2361
8 2169 2201 2202 2170 2361 2393 2394 2362
8 2170 2202 2203 2171 2362 2394 2395 2363
8 2171 2203 2204 2172 2363 2395 2396 2364
8 2172 2204 2205 2173 2364 2396 2397 2365
8 2173 2205 2206 2174 2365 2397 2398 2366
8 2174 2206 2207 2175 2366 2398 2399 2367
8 2175 2207 2176 2144 2367 2399 2368 2336
8 2176 2208 2209 2177 2368 2400 2401 2369
8 2177 2209 2210 2178 2369 2401 2402 2370
8 2178 2210 2211 2179 2370 2402 2403 2371
8 2179 2211 2212 2180 2371 2403 2404 2372
8 2180 2212 2213 2181 2372 2404 2405 2373
8 2181 2213 2214 2182 2373 2405 2406 2374
8 2182 2214 2215 2183 2374 2406 2407 2375
8 2183 2215 2216 2184 2375 2407 2408 2376
8 2184 2216 2217 2185 2376 2408 2409 2377
8 2185 2217 2218 2186 2377 2409 2410 2378
8 2186 2218 2219 2187 2378 2410 2411 2379
8 2187 2219 2220 2188 2379 2411 2412 2380
8 2188 2220 2221 2189 2380 2412 2413 2381
8 2189 2221 2222 2190 2381 2413 2414 2382
8 2190 2222 2223 2191 2382 2414 2415 2383
8 2191 2223 2224 2192 2383 2415 2416 2384
8 2192 2224 2225 2193 2384 2416 2417 2385
8 2193 2225 2226 2194 2385 2417 2418 2386
8 2194 2226 2227 2195 2386 2418 2419 2387
8 2195 2227 2228 2196 2387 2419 2420 2388
8 2196 2228 2229 2197 2388 2420 2421 2389
8 2197 2229 2230 2198 2389 2421 2422 2390
8 2198 2230 2231 2199 2390 2422 2423 2391
8 2199 2231 2232 2200 2391 2423 2424 2392
8 2200 2232 2233 2201 2392 2424 2425 2393
8 2201 2233 2234 2202 2393 2425 2426 2394
8 2202 2234 2235 2203 2394 2426 2427 2395
8 2203 2235 2236 2204 2395 2427 2428 2396
8 2204 2236 2237 2205 2396 2428 2429 2397
8 2205 2237 2238 2206 2397 2429 2430 2398
8 2206 2238 2239 2207 2398 2430 2431 2399
8 2207 2239 2208 2176 2399 2431 2400 2368
8 2208 2240 2241 2209 2400 2432 2433 2401
8 2209 2241 2242 2210 2401 2433 2434 2402
8 2210 2242 2243 2211 2402 2434 2435 2403
8 2211 2243 2244 2212 2403 2435 2436 2404
8 2212 2244 2245 2213 2404 2436 2437 2405
8 2213 2245 2246 2214 2405 2437 2438 2406
8 2214 2246 2247 2215 2406 2438 2439 2407
8 2215 2247 2248 2216 2407 2439 2440 2408
8 2216 2248 2249 2217 2408 2440 2441 2409
8 2217 2249 2250 2218 2409 2441 2442 2410
8 2218 2250 2251 2219 2410 2442 2443 2411
8 2219 2251 2252 2220 2411 2443 2444 2412
8 2220 2252 2253 2221 2412 2444 2445 2413
8 2221 2253 2254 2222 2413 2445 2446 2414
8 2222 2254 2255 2223 2414 2446 2447 2415
8 2223 2255 2256 2224 2415 2447 2448 2416
8 2224 2256 2257 2225 2416 2448 2449 2417
8 2225 2257 2258 2226 2417 2449 2450 2418
8 2226 2258 2259 2227 2418 2450 2451 2419
8 2227 2259 2260 2228 2419 2451 2452 2420
8 2228 2260 2261 2229 2420 2452 2453 2421
8 2229 2261 2262 2230 2421 2453 2454 2422
8 2230 2262 2263 2231 2422 2454 2455 2423
8 2231 2263 2264 2232 2423 2455 2456 2424
8 2232 2264 2265 2233 2424 2456 2457 2425
8 2233 2265 2266 2234 2425 2457 2458 2426
8 2234 2266 2267 2235 2426 2458 2459 2427
8 2235 2267 2268 2236 2427 2459 2460 2428
8 2236 2268 2269 2237 2428 2460 2461 2429
8 2237 2269 2270 2238 2429 2461 2462 2430
8 2238 2270 2271 2239 2430 2462 2463 2431
8 2239 2271 2240 2208 2431 2463 2432 2400
8 2240 2272 2273 2241 2432 2464 2465 2433
8 2241 2273 2274 2242 2433 2465 2466 2434
8 2242 2274 2275 2243 2434 2466 2467 2435
8 2243 2275 2276 2244 2435 2467 2468 2436
8 2244 2276 2277 2245 2436 2468 2469 2437
8 2245 2277 2278 2246 2437 2469 2470 2438
8 2246 2278 2279 2247 2438 2470 2471 2439
8 2247 2279 2280 2248 2439 2471 2472 2440
8 2248 2280 2281 2249 2440 2472 2473 2441
8 2249 2281 2282 2250 2441 2473 2474 2442
8 2250 2282 2283 2251 2442 2474 2475 2443
8 2251 2283 2284 2252 2443 2475 2476 2444
8 2252 2284 2285 2253 2444 2476 2477 2445
8 2253 2285 2286 2254 2445 2477 2478 2446
8 2254 2286 2287 2255 2446 2478 2479 2447
8 2255 2287 2288 2256 2447 2479 2480 2448
8 2256 2288 2289 2257 2448 2480 2481 2449
8 2257 2289 2290 2258 2449 2481 2482 2450
8 2258 2290 2291 2259 2450 2482 2483 2451
8 2259 2291 2292 2260 2451 2483 2484 2452
8 2260 2292 2293 2261 2452 2484 2485 2453
8 2261 2293 2294 2262 2453 2485 2486 2454
8 2262 2294 2295 2263 2454 2486 2487 2455
8 2263 2295 2296 2264 2455 2487 2488 2456
8 2264 2296 2297 2265 2456 2488 2489 2457
8 2265 2297 2298 2266 2457 2489 2490 2458
8 2266 2298 2299 2267 2458 2490 2491 2459
8 2267 2299 2300 2268 2459 2491 2492 2460
8 2268 2300 2301 2269 2460 2492 2493 2461
8 2269 2301 2302 2270 2461 2493 2494 2462
8 2270 2302 2303 2271 2462 2494 2495 2463
8 2271 2303 2272 2240 2463 2495 2464 2432
8 2304 2336 2337 2305 2496 2528 2529 2497
8 2305 2337 2338 2306 2497 2529 2530 2498
8 2306 2338 2339 2307 2498 2530 2531 2499
8 2307 2339 2340 2308 2499 2531 2532 2500
8 2308 2340 2341 2309 2500 2532 2533 2501
8 2309 2341 2342 2310 2501 2533 2534 2502
8 2310 2342 2343 2311 2502 2534 2535 2503
8 2311 2343 2344 2312 2503 2535 2536 2504
8 2312 2344 2345 2313 2504 2536 2537 2505
8 2313 2345 2346 2314 2505 2537 2538 2506
8 2314 2346 2347 2315 2506 2538 2539 2507
8 2315 2347 2348 2316 2507 2539 2540 2508
8 2316 2348 2349 2317 2508 2540 2541 2509
8 2317 2349 2350 2318 2509 2541 2542 2510
8 2318 2350 2351 2319 2510 2542 2543 2511
8 2319 2351 2352 2320 2511 2543 2544 2512
8 2320 2352 2353 2321 2512 2544 2545 2513
8 2321 2353 2354 2322 2513 2545 2546 2514
8 2322 2354 2355 2323 2514 2546 2547 2515
8 2323 2355 2356 2324 2515 2547 2548 2516
8 2324 2356 2357 2325 2516 2548 2549 2517
8 2325 2357 2358 2326 2517 2549 2550 2518
8 2326 2358 2359 2327 2518 2550 2551 2519
8 2327 2359 2360 2328 2519 2551 2552 2520
8 2328 2360 2361 2329 2520 2552 2553 2521
8 2329 2361 2362 2330 2521 2553 2554 2522
8 2330 2362 2363 2331 2522 2554 2555 2523
8 2331 2363 2364 2332 2523 2555 2556 2524
8 2332 2364 2365 2333 2524 2556 2557 2525
8 2333 2365 2366 2334 2525 2557 2558 2526
8 2334 2366 2367 2335 2526 2558 2559 2527
8 2335 2367 2336 2304 2527 2559 2528 2496
8 2336 2368 2369 2337 2528 2560 2561 2529
8 2337 2369 2370 2338 2529 2561 2562 2530
8 2338 2370 2371 2339 2530 2562 2563 2531
8 2339 2371 2372 2340 2531 2563 2564 2532
8 2340 2372 2373 2341 2532 2564 2565 2533
8 2341 2373 2374 2342 2533 2565 2566 2534
8 2342 2374 2375 2343 2534 2566 2567 2535
8 2343 2375 2376 2344 2535 2567 2568 2536
8 2344 2376 2377 2345 2536 2568 2569 2537
8 2345 2377 2378 2346 2537 2569 2570 2538
8 2346 2378 2379 2347 2538 2570 2571 2539
8 2347 2379 2380 2348 2539 2571 2572 2540
8 2348 2380 2381 2349 2540 2572 2573 2541
8 2349 2381 2382 2350 2541 2573 2574 2542
8 2350 2382 2383 2351 2542 2574 2575 2543
8 2351 2383 2384 2352 2543 2575 2576 2544
8 2352 2384 2385 2353 2544 2576 2577 2545
8 2353 2385 2386 2354 2545 2577 2578 2546
8 2354 2386 2387 2355 2546 2578 2579 2547
8 2355 2387 2388 2356 2547 2579 2580 2548
8 2356 2388 2389 2357 2548 2580 2581 2549
8 2357 2389 2390 2358 2549 2581 2582 2550
8 2358 2390 2391 2359 2550 2582 2583 2551
8 2359 2391 2392 2360 2551 2583 2584 2552
8 2360 2392 2393 2361 2552 2584 2585 2553
8 2361 2393 2394 2362 2553 2585 2586 2554
8 2362 2394 2395 2363 2554 2586 2587 2555
8 2363 2395 2396 2364 2555 2587 2588 2556
8 2364 2396 2397 2365 2556 2588 2589 2557
8 2365 2397 2398 2366 2557 2589 2590 2558
8 2366 2398 2399 2367 2558 2590 2591 2559
8 2367 2399 2368 2336 2559 2591 2560 2528
8 2368 2400 2401 2369 2560 2592 2593 2561
8 2369 2401 2402 2370 2561 2593 2594 2562
8 2370 2402 2403 2371 2562 2594 2595 2563
8 2371 2403 2404 2372 2563 2595 2596 2564
8 2372 2404 2405 2373 2564 2596 2597 2565
8 2373 2405 2406 2374 2565 2597 2598 2566
8 2374 2406 2407 2375 2566 2598 2599 2567
8 2375 2407 2408 2376 2567 2599 2600 2568
8 2376 2408 2409 2377 2568 2600 2601 2569
8 2377 2409 2410 2378 2569 2601 2602 2570
8 2378 2410 2411 2379 2570 2602 2603 2571
8 2379 2411 2412 2380 2571 2603 2604 2572
8 2380 2412 2413 2381 2572 2604 2605 2573
8 2381 2413 2414 2382 2573 2605 2606 2574
8 2382 2414 2415 2383 2574 2606 2607 2575
8 2383 2415 2416 2384 2575 2607 2608 2576
8 2384 2416 2417 2385 2576 2608 2609 2577
8 2385 2417 2418 2386 2577 2609 2610 2578
8 2386 2418 2419 2387 2578 2610 2611 2579
8 2387 2419 2420 2388 2579 2611 2612 2580
8 2388 2420 2421 2389 2580 2612 2613 2581
8 2389 2421 2422 2390 2581 2613 2614 2582
8 2390 2422 2423 2391 2582 2614 2615 2583
8 2391 2423 2424 2392 2583 2615 2616 2584
8 2392 2424 2425 2393 2584 2616 2617 2585
8 2393 2425 2426 2394 2585 2617 2618 2586
8 2394 2426 2427 2395 2586 2618 2619 2587
8 2395 2427 2428 2396 2587 2619 2620 2588
8 2396 2428 2429 2397 2588 2620 2621 2589
8 2397 2429 2430 2398 2589 2621 2622 2590
8 2398 2430 2431 2399 2590 2622 2623 2591
8 2399 2431 2400 2368 2591 2623 2592 2560
8 2400 2432 2433 2401 2592 2624 2625 2593
8 2401 2433 2434 2402 2593 2625 2626 2594
8 2402 2434 2435 2403 2594 2626 2627 2595
8 2403 2435 2436 2404 2595 2627 2628 2596
8 2404 2436 2437 2405 2596 2628 2629 2597
8 2405 2437 2438 2406 2597 2629 2630 2598
8 2406 2438 2439 2407 2598 2630 2631 2599
8 2407 2439 2440 2408 2599 2631 2632 2600
8 2408 2440 2441 2409 2600 2632 2633 2601
8 2409 2441 2442 2410 2601 2633 2634 2602
8 2410 2442 2443 2411 2602 2634 2635 2603
8 2411 2443 2444 2412 2603 2635 2636 2604
8 2412 2444 2445 2413 2604 2636 2637 2605
8 2413 2445 2446 2414 2605 2637 2638 2606
8 2414 2446 2447 2415 2606 2638 2639 2607
8 2415 2447 2448 2416 2607 2639 2640 2608
8 2416 2448 2449 2417 2608 2640 2641 2609
8 2417 2449 2450 2418 2609 2641 2642 2610
8 2418 2450 2451 2419 2610 2642 2643 2611
8 2419 2451 2452 2420 2611 2643 2644 2612
8 2420 2452 2453 2421 2612 2644 2645 2613
8 2421 2453 2454 2422 2613 2645 2646 2614
8 2422 2454 2455 2423 2614 2646 2647 2615
8 2423 2455 2456 2424 2615 2647 2648 2616
8 2424 2456 2457 2425 2616 2648 2649 2617
8 2425 2457 2458 2426 2617 2649 2650 2618
8 2426 2458 2459 2427 2618 2650 2651 2619
8 2427 2459 2460 2428 2619 2651 2652 2620
8 2428 2460 2461 2429 2620 2652 2653 2621
8 2429 2461 2462 2430 2621 2653 2654 2622
8 2430 2462 2463 2431 2622 2654 2655 2623
8 2431 2463 2432 2400 2623 2655 2624 2592
8 2432 2464 2465 2433 2624 2656 2657 2625
8 2433 2465 2466 2434 2625 2657 2658 2626
8 2434 2466 2467 2435 2626 2658 2659 2627
8 2435 2467 2468 2436 2627 2659 2660 2628
8 2436 2468 2469 2437 2628 2660 2661 2629
8 2437 2469 2470 2438 2629 2661 2662 2630
8 2438 2470 2471 2439 2630 2662 2663 2631
8 2439 2471 2472 2440 2631 2663 2664 2632
8 2440 2472 2473 2441 2632 2664 2665 2633
8 2441 2473 2474 2442 2633 2665 2666 2634
8 2442 2474 2475 2443 2634 2666 2667 2635
8 2443 2475 2476 2444 2635 2667 2668 2636
8 2444 2476 2477 2445 2636 2668 2669 2637
8 2445 2477 2478 2446 2637 2669 2670 2638
8 2446 2478 2479 2447 2638 2670 2671 2639
8 2447 2479 2480 2448 2639 2671 2672 2640
8 2448 2480 2481 2449 2640 2672 2673 2641
8 2449 2481 2482 2450 2641 2673 2674 2642
8 2450 2482 2483 2451 2642 2674 2675 2643
8 2451 2483 2484 2452 2643 2675 2676 2644
8 2452 2484 2485 2453 2644 2676 2677 2645
8 2453 2485 2486 2454 2645 2677 2678 2646
8 2454 2486 2487 2455 2646 2678 2679 2647
8 2455 2487 2488 2456 2647 2679 2680 2648
8 2456 2488 2489 2457 2648 2680 2681 2649
8 2457 2489 2490 2458 2649 2681 2682 2650
8 2458 2490 2491 2459 2650 2682 2683 2651
8 2459 2491 2492 2460 2651 2683 2684 2652
8 2460 2492 2493 2461 2652 2684 2685 2653
8 2461 2493 2494 2462 2653 2685 2686 2654
8 2462 2494 2495 2463 2654 2686 2687 2655
8 2463 2495 2464 2432 2655 2687 2656 2624
8 2496 2528 2529 2497 2688 2720 2721 2689
8 2497 2529 2530 2498 2689 2721 2722 2690
8 2498 2530 2531 2499 2690 2722 2723 2691
8 2499 2531 2532 2500 2691 2723 2724 2692
8 2500 2532 2533 2501 2692 2724 2725 2693
8 2501 2533 2534 2502 2693 2725 2726 2694
8 2502 2534 2535 2503 2694 2726 2727 2695
8 2503 2535 2536 2504 2695 2727 2728 2696
8 2504 2536 2537 2505 2696 2728 2729 2697
8 2505 2537 2538 2506 2697 2729 2730 2698
8 2506 2538 2539 2507 2698 2730 2731 2699
8 2507 2539 2540 2508 2699 2731 2732 2700
8 2508 2540 2541 2509 2700 2732 2733 2701
8 2509 2541 2542 2510 2701 2733 2734 2702
8 2510 2542 2543 2511 2702 2734 2735 2703
8 2511 2543 2544 2512 2703 2735 2736 2704
8 2512 2544 2545 2513 2704 2736 2737 2705
8 2513 2545 2546 2514 2705 2737 2738 2706
8 2514 2546 2547 2515 2706 2738 2739 2707
8 2515 2547 2548 2516 2707 2739 2740 2708
8 2516 2548 2549 2517 2708 2740 2741 2709
8 2517 2549 2550 2518 2709 2741 2742 2710
8 2518 2550 2551 2519 2710 2742 2743 2711
8 2519 2551 2552 2520 2711 2743 2744 2712
8 2520 2552 2553 2521 2712 2744 2745 2713
8 2521 2553 2554 2522 2713 2745 2746 2714
8 2522 2554 2555 2523 2714 2746 2747 2715
8 2523 2555 2556 2524 2715 2747 2748 2716
8 2524 2556 2557 2525 2716 2748 2749 2717
8 2525 2557 2558 2526 2717 2749 2750 2718
8 2526 2558 2559 2527 2718 2750 2751 2719
8 2527 2559 2528 2496 2719 2751 2720 2688
8 2528 2560 2561 2529 2720 2752 2753 2721
8 2529 2561 2562 2530 2721 2753 2754 2722
8 2530 2562 2563 2531 2722 2754 2755 2723
8 2531 2563 2564 2532 2723 2755 2756 2724
8 2532 2564 2565 2533 2724 2756 2757 2725
8 2533 2565 2566 2534 2725 2757 2758 2726
8 2534 2566 2567 2535 2726 2758 2759 2727
8 2535 2567 2568 2536 2727 2759 2760 2728
8 2536 2568 2569 2537 2728 2760 2761 2729
8 2537 2569 2570 2538 2729 2761 2762 2730
8 2538 2570 2571 2539 2730 2762 2763 2731
8 2539 2571 2572 2540 2731 2763 2764 2732
8 2540 2572 2573 2541 2732 2764 2765 2733
8 2541 2573 2574 2542 2733 2765 2766 2734
8 2542 2574 2575 2543 2734 2766 2767 2735
8 2543 2575 2576 2544 2735 2767 2768 2736
8 2544 2576 2577 2545 2736 2768 2769 2737
8 2545 2577 2578 2546 2737 2769 2770 2738
8 2546 2578 2579 2547 2738 2770 2771 2739
8 2547 2579 2580 2548 2739 2771 2772 2740
8 2548 2580 2581 2549 2740 2772 2773 2741
8 2549 2581 2582 2550 2741 2773 2774 2742
8 2550 2582 2583 2551 2742 2774 2775 2743
8 2551 2583 2584 2552 2743 2775 2776 2744
8 2552 2584 2585 2553 2744 2776 2777 2745
8 2553 2585 2586 2554 2745 2777 2778 2746
8 2554 2586 2587 2555 2746 2778 2779 2747
8 2555 2587 2588 2556 2747 2779 2780 2748
8 2556 2588 2589 2557 2748 2780 2781 2749
8 2557 2589 2590 2558 2749 2781 2782 2750
8 2558 2590 2591 2559 2750 2782 2783 2751
8 2559 2591 2560 2528 2751 2783 2752 2720
8 2560 2592 2593 2561 2752 2784 2785 2753
8 2561 2593 2594 2562 2753 2785 2786 2754
8 2562 2594 2595 2563 2754 2786 2787 2755
8 2563 2595 2596 2564 2755 2787 2788 2756
8 2564 2596 2597 2565 2756 2788 2789 2757
8 2565 2597 2598 2566 2757 2789 2790 2758
8 2566 2598 2599 2567 2758 2790 2791 2759
8 2567 2599 2600 2568 2759 2791 2792 2760
8 2568 2600 2601 2569 2760 2792 2793 2761
8 2569 2601 2602 2570 2761 2793 2794 2762
8 2570 2602 2603 2571 2762 2794 2795 2763
8 2571 2603 2604 2572 2763 2795 2796 2764
8 2572 2604 2605 2573 2764 2796 2797 2765
8 2573 2605 2606 2574 2765 2797 2798 2766
8 2574 2606 2607 2575 2766 2798 2799 2767
8 2575 2607 2608 2576 2767 2799 2800 2768
8 2576 2608 2609 2577 2768 2800 2801 2769
8 2577 2609 2610 2578 2769 2801 2802 2770
8 2578 2610 2611 2579 2770 2802 2803 2771
8 2579 2611 2612 2580 2771 2803 2804 2772
8 2580 2612 2613 2581 2772 2804 2805 2773
8 2581 2613 2614 2582 2773 2805 2806 2774
8 2582 2614 2615 2583 2774 2806 2807 2775
8 2583 2615 2616 2584 2775 2807 2808 2776
8 2584 2616 2617 2585 2776 2808 2809 2777
8 2585 2617 2618 2586 2777 2809 2810 2778
8 2586 2618 2619 2587 2778 2810 2811 2779
8 2587 2619 2620 2588 2779 2811 2812 2780
8 2588 2620 2621 2589 2780 2812 2813 2781
8 2589 2621 2622 2590 2781 2813 2814 2782
8 2590 2622 2623 2591 2782 2814 2815 2783
8 2591 2623 2592 2560 2783 2815 2784 2752
8 2592 2624 2625 2593 2784 2816 2817 2785
8 2593 2625 2626 2594 2785 2817 2818 2786
8 2594 2626 2627 2595 2786 2818 2819 2787
8 2595 2627 2628 2596 2787 2819 2820 2788
8 2596 2628 2629 2597 2788 2820 2821 2789
8 2597 2629 2630 2598 2789 2821 2822 2790
8 2598 2630 2631 2599 2790 2822 2823 2791
8 2599 2631 2632 2600 2791 2823 2824 2792
8 2600 2632 2633 2601 2792 2824 2825 2793
8 2601 2633 2634 2602 2793 2825 2826 2794
8 2602 2634 2635 2603 2794 2826 2827 2795
8 2603 2635 2636 2604 2795 2827 2828 2796
8 2604 2636 2637 2605 2796 2828 2829 2797
8 2605 2637 2638 2606 2797 2829 2830 2798
8 2606 2638 2639 2607 2798 2830 2831 2799
8 2607 2639 2640 2608 2799 2831 2832 2800
8 2608 2640 2641 2609 2800 2832 2833 2801
8 2609 2641 2642 2610 2801 2833 2834 2802
8 2610 2642 2643 2611 2802 2834 2835 2803
8 2611 2643 2644 2612 2803 2835 2836 2804
8 2612 2644 2645 2613 2804 2836 2837 2805
8 2613 2645 2646 2614 2805 2837 2838 2806
8 2614 2646 2647 2615 2806 2838 2839 2807
8 2615 2647 2648 2616 2807 2839 2840 2808
8 2616 2648 2649 2617 2808 2840 2841 2809
8 2617 2649 2650 2618 2809 2841 2842 2810
8 2618 2650 2651 2619 2810 2842 2843 2811
8 2619 2651 2652 2620 2811 2843 2844 2812
8 2620 2652 2653 2621 2812 2844 2845 2813
8 2621 2653 2654 2622 2813 2845 2846 2814
8 2622 2654 2655 2623 2814 2846 2847 2815
8 2623 2655 2624 2592 2815 2847 2816 2784
8 2624 2656 2657 2625 2816 2848 2849 2817
8 2625 2657 2658 2626 2817 2849 2850 2818
8 2626 2658 2659 2627 2818 2850 2851 2819
8 2627 2659 2660 2628 2819 2851 2852 2820
8 2628 2660 2661 2629 2820 2852 2853 2821
8 2629 2661 2662 2630 2821 2853 2854 2822
8 2630 2662 2663 2631 2822 2854 2855 2823
8 2631 2663 2664 2632 2823 2855 2856 2824
8 2632 2664 2665 2633 2824 2856 2857 2825
8 2633 2665 2666 2634 2825 2857 2858 2826
8 2634 2666 2667 2635 2826 2858 2859 2827
8 2635 2667 2668 2636 2827 2859 2860 2828
8 2636 2668 2669 2637 2828 2860 2861 2829
8 2637 2669 2670 2638 2829 2861 2862 2830
8 2638 2670 2671 2639 2830 2862 2863 2831
8 2639 2671 2672 2640 2831 2863 2864 2832
8 2640 2672 2673 2641 2832 2864 2865 2833
8 2641 2673 2674 2642 2833 2865 2866 2834
8 2642 2674 2675 2643 2834 2866 2867 2835
8 2643 2675 2676 2644 2835 2867 2868 2836
8 2644 2676 2677 2645 2836 2868 2869 2837
8 2645 2677 2678 2646 2837 2869 2870 2838
8 2646 2678 2679 2647 2838 2870 2871 2839
8 2647 2679 2680 2648 2839 2871 2872 2840
8 2648 2680 2681 2649 2840 2872 2873 2841
8 2649 2681 2682 2650 2841 2873 2874 2842
8 2650 2682 2683 2651 2842 2874 2875 2843
8 2651 2683 2684 2652 2843 2875 2876 2844
8 2652 2684 2685 2653 2844 2876 2877 2845
8 2653 2685 2686 2654 2845 2877 2878 2846
8 2654 2686 2687 2655 2846 2878 2879 2847
8 2655 2687 2656 2624 2847 2879 2848 2816
8 2688 2720 2721 2689 2880 2912 2913 2881
8 2689 2721 2722 2690 2881 2913 2914 2882
8 2690 2722 2723 2691 2882 2914 2915 2883
8 2691 2723 2724 2692 2883 2915 2916 2884
8 2692 2724 2725 2693 2884 2916 2917 2885
8 2693 2725 2726 2694 2885 2917 2918 2886
8 2694 2726 2727 2695 2886 2918 2919 2887
8 2695 2727 2728 2696 2887 2919 2920 2888
8 2696 2728 2729 2697 2888 2920 2921 2889
8 2697 2729 2730 2698 2889 2921 2922 2890
8 2698 2730 2731 2699 2890 2922 2923 2891
8 2699 2731 2732 2700 2891 2923 2924 2892
8 2700 2732 2733 2701 2892 2924 2925 2893
8 2701 2733 2734 2702 2893 2925 2926 2894
8 2702 2734 2735 2703 2894 2926 2927 2895
8 2703 2735 2736 2704 2895 2927 2928 2896
8 2704 2736 2737 2705 2896 2928 2929 2897
8 2705 2737 2738 2706 2897 2929 2930 2898
8 2706 2738 2739 2707 2898 2930 2931 2899
8 2707 2739 2740 2708 2899 2931 2932 2900
8 2708 2740 2741 2709 2900 2932 2933 2901
8 2709 2741 2742 2710 2901 2933 2934 2902
8 2710 2742 2743 2711 2902 2934 2935 2903
8 2711 2743 2744 2712 2903 2935 2936 2904
8 2712 2744 2745 2713 2904 2936 2937 2905
8 2713 2745 2746 2714 2905 2937 2938 2906
8 2714 2746 2747 2715 2906 2938 2939 2907
8 2715 2747 2748 2716 2907 2939 2940 2908
8 2716 2748 2749 2717 2908 2940 2941 2909
8 2717 2749 2750 2718 2909 2941 2942 2910
8 2718 2750 2751 2719 2910 2942 2943 2911
8 2719 2751 2720 2688 2911 2943 2912 2880
8 2720 2752 2753 2721 2912 2944 2945 2913
8 2721 2753 2754 2722 2913 2945 2946 2914
8 2722 2754 2755 2723 2914 2946 2947 2915
8 2723 2755 2756 2724 2915 2947 2948 2916
8 2724 2756 2757 2725 2916 2948 2949 2917
8 2725 2757 2758 2726 2917 2949 2950 2918
8 2726 2758 2759 2727 2918 2950 2951 2919
8 2727 2759 2760 2728 2919 2951 2952 2920
8 2728 2760 2761 2729 2920 2952 2953 2921
8 2729 2761 2762 2730 2921 2953 2954 2922
8 2730 2762 2763 2731 2922 2954 2955 2923
8 2731 2763 2764 2732 2923 2955 2956 2924
8 2732 2764 2765 2733 2924 2956 2957 2925
8 2733 2765 2766 2734 2925 2957 2958 2926
8 2734 2766 2767 2735 2926 2958 2959 2927
8 2735 2767 2768 2736 2927 2959 2960 2928
8 2736 2768 2769 2737 2928 2960 2961 2929
8 2737 2769 2770 2738 2929 2961 2962 2930
8 2738 2770 2771 2739 2930 2962 2963 2931
8 2739 2771 2772 2740 2931 2963 2964 2932
8 2740 2772 2773 2741 2932 2964 2965 2933
8 2741 2773 2774 2742 2933 2965 2966 2934
8 2742 2774 2775 2743 2934 2966 2967 2935
8 2743 2775 2776 2744 2935 2967 2968 2936
8 2744 2776 2777 2745 2936 2968 2969 2937
8 2745 2777 2778 2746 2937 2969 2970 2938
8 2746 2778 2779 2747 2938 2970 2971 2939
8 2747 2779 2780 2748 2939 2971 2972 2940
8 2748 2780 2781 2749 2940 2972 2973 2941
8 2749 2781 2782 2750 2941 2973 2974 2942
8 2750 2782 2783 2751 2942 2974 2975 2943
8 2751 2783 2752 2720 2943 2975 2944 2912
8 2752 2784 2785 2753 2944 2976 2977 2945
8 2753 2785 2786 2754 2945 2977 2978 2946
8 2754 2786 2787 2755 2946 2978 2979 2947
8 2755 2787 2788 2756 2947 2979 2980 2948
8 2756 2788 2789 2757 2948 2980 2981 2949
8 2757 2789 2790 2758 2949 2981 2982 2950
8 2758 2790 2791 2759 2950 2982 2983 2951
8 2759 2791 2792 2760 2951 2983 2984 2952
8 2760 2792 2793 2761 2952 2984 2985 2953
8 2761 2793 2794 2762 2953 2985 2986 2954
8 2762 2794 2795 2763 2954 2986 2987 2955
8 2763 2795 2796 2764 2955 2987 2988 2956
8 2764 2796 2797 2765 2956 2988 2989 2957
8 2765 2797 2798 2766 2957 2989 2990 2958
8 2766 2798 2799 2767 2958 2990 2991 2959
8 2767 2799 2800 2768 2959 2991 2992 2960
8 2768 2800 2801 2769 2960 2992 2993 2961
8 2769 2801 2802 2770 2961 2993 2994 2962
8 2770 2802 2803 2771 2962 2994 2995 2963
8 2771 2803 2804 2772 2963 2995 2996 2964
8 2772 2804 2805 2773 2964 2996 2997 2965
8 2773 2805 2806 2774 2965 2997 2998 2966
8 2774 2806 2807 2775 2966 2998 2999 2967
8 2775 2807 2808 2776 2967 2999 3000 2968
8 2776 2808 2809 2777 2968 3000 3001 2969
8 2777 2809 2810 2778 2969 3001 3002 2970
8 2778 2810 2811 2779 2970 3002 3003 2971
8 2779 2811 2812 2780 2971 3003 3004 2972
8 2780 2812 2813 2781 2972 3004 3005 2973
8 2781 2813 2814 2782 2973 3005 3006 2974
8 2782 2814 2815 2783 2974 3006 3007 2975
8 2783 2815 2784 2752 2975 3007 2976 2944
8 2784 2816 2817 2785 2976 3008 3009 2977
8 2785 2817 2818 2786 2977 3009 3010 2978
8 2786 2818 2819 2787 2978 3010 3011 2979
8 2787 2819 2820 2788 2979 3011 3012 2980
8 2788 2820 2821 2789 2980 3012 3013 2981
8 2789 2821 2822 2790 2981 3013 3014 2982
8 2790 2822 2823 2791 2982 3014 3015 2983
8 2791 2823 2824 2792 2983 3015 3016 2984
8 2792 2824 2825 2793 2984 3016 3017 2985
8 2793 2825 2826 2794 2985 3017 3018 2986
8 2794 2826 2827 2795 2986 3018 3019 2987
8 2795 2827 2828 2796 2987 3019 3020 2988
8 2796 2828 2829 2797 2988 3020 3021 2989
8 2797 2829 2830 2798 2989 3021 3022 2990
8 2798 2830 2831 2799 2990 3022 3023 2991
8 2799 2831 2832 2800 2991 3023 3024 2992
8 2800 2832 2833 2801 2992 3024 3025 2993
8 2801 2833 2834 2802 2993 3025 3026 2994
8 2802 2834 2835 2803 2994 3026 3027 2995
8 2803 2835 2836 2804 2995 3027 3028 2996
8 2804 2836 2837 2805 2996 3028 3029 2997
8 2805 2837 2838 2806 2997 3029 3030 2998
8 2806 2838 2839 2807 2998 3030 3031 2999
8 2807 2839 2840 2808 2999 3031 3032 3000
8 2808 2840 2841 2809 3000 3032 3033 3001
8 2809 2841 2842 2810 3001 3033 3034 3002
8 2810 2842 2843 2811 3002 3034 3035 3003
8 2811 2843 2844 2812 3003 3035 3036 3004
8 2812 2844 2845 2813 3004 3036 3037 3005
8 2813 2845 2846 2814 3005 3037 3038 3006
8 2814 2846 2847 2815 3006 3038 3039 3007
8 2815 2847 2816 2784 3007 3039 3008 2976
8 2816 2848 2849 2817 3008 3040 3041 3009
8 2817 2849 2850 2818 3009 3041 3042 3010
8 2818 2850 2851 2819 3010 3042 3043 3011
8 2819 2851 2852 2820 3011 3043 3044 3012
8 2820 2852 2853 2821 3012 3044 3045 3013
8 2821 2853 2854 2822 3013 3045 3046 3014
8 2822 2854 2855 2823 3014 3046 3047 3015
8 2823 2855 2856 2824 3015 3047 3048 3016
8 2824 2856 2857 2825 3016 3048 3049 3017
8 2825 2857 2858 2826 3017 3049 3050 3018
8 2826 2858 2859 2827 3018 3050 3051 3019
8 2827 2859 2860 2828 3019 3051 3052 3020
8 2828 2860 2861 2829 3020 3052 3053 3021
8 2829 2861 2862 2830 3021 3053 3054 3022
8 2830 2862 2863 2831 3022 3054 3055 3023
8 2831 2863 2864 2832 3023 3055 3056 3024
8 2832 2864 2865 2833 3024 3056 3057 3025
8 2833 2865 2866 2834 3025 3057 3058 3026
8 2834 2866 2867 2835 3026 3058 3059 3027
8 2835 2867 2868 2836 3027 3059 3060 3028
8 2836 2868 2869 2837 3028 3060 3061 3029
8 2837 2869 2870 2838 3029 3061 3062 3030
8 2838 2870 2871 2839 3030 3062 3063 3031
8 2839 2871 2872 2840 3031 3063 3064 3032
8 2840 2872 2873 2841 3032 3064 3065 3033
8 2841 2873 2874 2842 3033 3065 3066 3034
8 2842 2874 2875 2843 3034 3066 3067 3035
8 2843 2875 2876 2844 3035 3067 3068 3036
8 2844 2876 2877 2845 3036 3068 3069 3037
8 2845 2877 2878 2846 3037 3069 3070 3038
8 2846 2878 2879 2847 3038 3070 3071 3039
8 2847 2879 2848 2816 3039 3071 3040 3008
8 2880 2912 2913 2881 3072 3104 3105 3073
8 2881 2913 2914 2882 3073 3105 3106 3074
8 2882 2914 2915 2883 3074 3106 3107 3075
8 2883 2915 2916 2884 3075 3107 3108 3076
8 2884 2916 2917 2885 3076 3108 3109 3077
8 2885 2917 2918 2886 3077 3109 3110 3078
8 2886 2918 2919 2887 3078 3110 3111 3079
8 2887 2919 2920 2888 3079 3111 3112 3080
8 2888 2920 2921 2889 3080 3112 3113 3081
8 2889 2921 2922 2890 3081 3113 3114 3082
8 2890 2922 2923 2891 3082 3114 3115 3083
8 2891 2923 2924 2892 3083 3115 3116 3084
8 2892 2924 2925 2893 3084 3116 3117 3085
8 2893 2925 2926 2894 3085 3117 3118 3086
8 2894 2926 2927 2895 3086 3118 3119 3087
8 2895 2927 2928 2896 3087 3119 3120 3088
8 2896 2928 2929 2897 3088 3120 3121 3089
8 2897 2929 2930 2898 3089 3121 3122 3090
8 2898 2930 2931 2899 3090 3122 3123 3091
8 2899 2931 2932 2900 3091 3123 3124 3092
8 2900 2932 2933 2901 3092 3124 3125 3093
8 2901 2933 2934 2902 3093 3125 3126 3094
8 2902 2934 2935 2903 3094 3126 3127 3095
8 2903 2935 2936 2904 3095 3127 3128 3096
8 2904 2936 2937 2905 3096 3128 3129 3097
8 2905 2937 2938 2906 3097 3129 3130 3098
8 2906 2938 2939 2907 3098 3130 3131 3099
8 2907 2939 2940 2908 3099 3131 3132 3100
8 2908 2940 2941 2909 3100 3132 3133 3101
8 2909 2941 2942 2910 3101 3133 3134 3102
8 2910 2942 2943 2911 3102 3134 3135 3103
8 2911 2943 2912 2880 3103 3135 3104 3072
8 2912 2944 2945 2913 3104 3136 3137 3105
8 2913 2945 2946 2914 3105 3137 3138 3106
8 2914 2946 2947 2915 3106 3138 3139 3107
8 2915 2947 2948 2916 3107 3139 3140 3108
8 2916 2948 2949 2917 3108 3140 3141 3109
8 2917 2949 2950 2918 3109 3141 3142 3110
8 2918 2950 2951 2919 3110 3142 3143 3111
8 2919 2951 2952 2920 3111 3143 3144 3112
8 2920 2952 2953 2921 3112 3144 3145 3113
8 2921 2953 2954 2922 3113 3145 3146 3114
8 2922 2954 2955 2923 3114 3146 3147 3115
8 2923 2955 2956 2924 3115 3147 3148 3116
8 2924 2956 2957 2925 3116 3148 3149 3117
8 2925 2957 2958 2926 3117 3149 3150 3118
8 2926 2958 2959 2927 3118 3150 3151 3119
8 2927 2959 2960 2928 3119 3151 3152 3120
8 2928 2960 2961 2929 3120 3152 3153 3121
8 2929 2961 2962 2930 3121 3153 3154 3122
8 2930 2962 2963 2931 3122 3154 3155 3123
8 2931 2963 2964 2932 3123 3155 3156 3124
8 2932 2964 2965 2933 3124 3156 3157 3125
8 2933 2965 2966 2934 3125 3157 3158 3126
8 2934 2966 2967 2935 3126 3158 3159 3127
8 2935 2967 2968 2936 3127 3159 3160 3128
8 2936 2968 2969 2937 3128 3160 3161 3129
8 2937 2969 2970 2938 3129 3161 3162 3130
8 2938 2970 2971 2939 3130 3162 3163 3131
8 2939 2971 2972 2940 3131 3163 3164 3132
8 2940 2972 2973 2941 3132 3164 3165 3133
8 2941 2973 2974 2942 3133 3165 3166 3134
8 2942 2974 2975 2943 3134 3166 3167 3135
8 2943 2975 2944 2912 3135 3167 3136 3104
8 2944 2976 2977 2945 3136 3168 3169 3137
8 2945 2977 2978 2946 3137 3169 3170 3138
8 2946 2978 2979 2947 3138 3170 3171 3139
8 2947 2979 2980 2948 3139 3171 3172 3140
8 2948 2980 2981 2949 3140 3172 3173 3141
8 2949 2981 2982 2950 3141 3173 3174 3142
8 2950 2982 2983 2951 3142 3174 3175 3143
8 2951 2983 2984 2952 3143 3175 3176 3144
8 2952 2984 2985 2953 3144 3176 3177 3145
8 2953 2985 2986 2954 3145 3177 3178 3146
8 2954 2986 2987 2955 3146 3178 3179 3147
8 2955 2987 2988 2956 3147 3179 3180 3148
8 2956 2988 2989 2957 3148 3180 3181 3149
8 2957 2989 2990 2958 3149 3181 3182 3150
8 2958 2990 2991 2959 3150 3182 3183 3151
8 2959 2991 2992 2960 3151 3183 3184 3152
8 2960 2992 2993 2961 3152 3184 3185 3153
8 2961 2993 2994 2962 3153 3185 3186 3154
8 2962 2994 2995 2963 3154 3186 3187 3155
8 2963 2995 2996 2964 3155 3187 3188 3156
8 2964 2996 2997 2965 3156 3188 3189 3157
8 2965 2997 2998 2966 3157 3189 3190 3158
8 2966 2998 2999 2967 3158 3190 3191 3159
8 2967 2999 3000 2968 3159 3191 3192 3160
8 2968 3000 3001 2969 3160 3192 3193 3161
8 2969 3001 3002 2970 3161 3193 3194 3162
8 2970 3002 3003 2971 3162 3194 3195 3163
8 2971 3003 3004 2972 3163 3195 3196 3164
8 2972 3004 3005 2973 3164 3196 3197 3165
8 2973 3005 3006 2974 3165 3197 3198 3166
8 2974 3006 3007 2975 3166 3198 3199 3167
8 2975 3007 2976 2944 3167 3199 3168 3136
8 2976 3008 3009 2977 3168 3200 3201 3169
8 2977 3009 3010 2978 3169 3201 3202 3170
8 2978 3010 3011 2979 3170 3202 3203 3171
8 2979 3011 3012 2980 3171 3203 3204 3172
8 2980 3012 3013 2981 3172 3204 3205 3173
8 2981 3013 3014 2982 3173 3205 3206 3174
8 2982 3014 3015 2983 3174 3206 3207 3175
8 2983 3015 3016 2984 3175 3207 3208 3176
8 2984 3016 3017 2985 3176 3208 3209 3177
8 2985 3017 3018 2986 3177 3209 3210 3178
8 2986 3018 3019 2987 3178 3210 3211 3179
8 2987 3019 3020 2988 3179 3211 3212 3180
8 2988 3020 3021 2989 3180 3212 3213 3181
8 2989 3021 3022 2990 3181 3213 3214 3182
8 2990 3022 3023 2991 3182 3214 3215 3183
8 2991 3023 3024 2992 3183 3215 3216 3184
8 2992 3024 3025 2993 3184 3216 3217 3185
8 2993 3025 3026 2994 3185 3217 3218 3186
8 2994 3026 3027 2995 3186 3218 3219 3187
8 2995 3027 3028 2996 3187 3219 3220 3188
8 2996 3028 3029 2997 3188 3220 3221 3189
8 2997 3029 3030 2998 3189 3221 3222 3190
8 2998 3030 3031 2999 3190 3222 3223 3191
8 2999 3031 3032 3000 3191 3223 3224 3192
8 3000 3032 3033 3001 3192 3224 3225 3193
8 3001 3033 3034 3002 3193 3225 3226 3194
8 3002 3034 3035 3003 3194 3226 3227 3195
8 3003 3035 3036 3004 3195 3227 3228 3196
8 3004 3036 3037 3005 3196 3228 3229 3197
8 3005 3037 3038 3006 3197 3229 3230 3198
8 3006 3038 3039 3007 3198 3230 3231 3199
8 3007 3039 3008 2976 3199 3231 3200 3168
8 3008 3040 3041 3009 3200 3232 3233 3201
8 3009 3041 3042 3010 3201 3233 3234 3202
8 3010 3042 3043 3011 3202 3234 3235 3203
8 3011 3043 3044 3012 3203 3235 3236 3204
8 3012 3044 3045 3013 3204 3236 3237 3205
8 3013 3045 3046 3014 3205 3237 3238 3206
8 3014 3046 3047 3015 3206 3238 3239 3207
8 3015 3047 3048 3016 3207 3239 3240 3208
8 3016 3048 3049 3017 3208 3240 3241 3209
8 3017 3049 3050 3018 3209 3241 3242 3210
8 3018 3050 3051 3019 3210 3242 3243 3211
8 3019 3051 3052 3020 3211 3243 3244 3212
8 3020 3052 3053 3021 3212 3244 3245 3213
8 3021 3053 3054 3022 3213 3245 3246 3214
8 3022 3054 3055 3023 3214 3246 3247 3215
8 3023 3055 3056 3024 3215 3247 3248 3216
8 3024 3056 3057 3025 3216 3248 3249 3217
8 3025 3057 3058 3026 3217 3249 3250 3218
8 3026 3058 3059 3027 3218 3250 3251 3219
8 3027 3059 3060 3028 3219 3251 3252 3220
8 3028 3060 3061 3029 3220 3252 3253 3221
8 3029 3061 3062 3030 3221 3253 3254 3222
8 3030 3062 3063 3031 3222 3254 3255 3223
8 3031 3063 3064 3032 3223 3255 3256 3224
8 3032 3064 3065 3033 3224 3256 3257 3225
8 3033 3065 3066 3034 3225 3257 3258 3226
8 3034 3066 3067 3035 3226 3258 3259 3227
8 3035 3067 3068 3036 3227 3259 3260 3228
8 3036 3068 3069 3037 3228 3260 3261 3229
8 3037 3069 3070 3038 3229 3261 3262 3230
8 3038 3070 3071 3039 3230 3262 3263 3231
8 3039 3071 3040 3008 3231 3263 3232 3200
CELL_TYPES 2560
12
12
12
12
12
12
12
12
12
12
12
12
12
12
12
12
12
12
12
12
12
12
12
12
12
12
12
12
12
12
12
12
12
12
12
12
12
12
12
12
12
12
12
12
12
12
12
12
12
12
12
12
12
12
12
12
12
12
12
12
12
12
12
12
12
12
12
12
12
12
12
12
12
12
12
12
12
12
12
12
12
12
12
12
12
12
12
12
12
12
12
12
12
12
12
12
12
12
12
12
12
12
12
12
12
12
12
12
12
12
12
12
12
12
12
12
12
12
12
12
12
12
12
12
12
12
12
12
12
12
12
12
12
12
12
12
12
12
12
12
12
12
12
12
12
12
12
12
12
12
12
12
12
12
12
12
12
12
12
12
12
12
12
12
12
12
12
12
12
12
12
12
12
12
12
12
12
12
12
12
12
12
12
12
12
12
12
12
12
12
12
12
12
12
12
12
12
12
12
12
12
12
12
12
12
12
12
12
12
12
12
12
12
12
12
12
12
12
12
12
12
12
12
12
12
12
12
12
12
12
12
12
12
12
12
12
12
12
12
12
12
12
12
12
12
12
12
12
12
12
12
12
12
12
12
12
12
12
12
12
12
12
12
12
12
12
12
12
12
12
12
12
12
12
12
12
12
12
12
12
12
12
12
12
12
12
12
12
12
12
12
12
12
12
12
12
12
12
12
12
12
12
12
12
12
12
12
12
12
12
12
12
12
12
12
12
12
12
12
12
12
12
12
12
12
12
12
12
12
12
12
12
12
12
12
12
12
12
12
12
12
12
12
12
12
12
12
12
12
12
12
12
12
12
12
12
12
12
12
12
12
12
12
12
12
12
12
12
12
12
12
12
12
12
12
12
12
12
12
12
12
12
12
12
12
12
12
12
12
12
12
12
12
12
12
12
12
12
12
12
12
12
12
12
12
12
12
12
12
12
12
12
12
12
12
12
12
12
12
12
12
12
12
12
12
12
12
12
12
12
12
12
12
12
12
12
12
12
12
12
12
12
12
12
12
12
12
12
12
12
12
12
12
12
12
12
12
12
12
12
12
12
12
12
12
12
12
12
12
12
12
12
12
12
12
12
12
12
12
12
12
12
12
12
12
12
12
12
12
12
12
12
12
12
12
12
12
12
12
12
12
12
12
12
12
12
12
12
12
12
12
12
12
12
12
12
12
12
12
12
12
12
12
12
12
12
12
12
12
12
12
12
12
12
12
12
12
12
12
12
12
12
12
12
12
12
12
12
12
12
12
12
12
12
12
12
12
12
12
12
12
12
12
12
12
12
12
12
12
12
12
12
12
12
12
12
12
12
12
12
12
12
12
12
12
12
12
12
12
12
12
12
12
12
12
12
12
12
12
12
12
12
12
12
12
12
12
12
12
12
12
12
12
12
12
12
12
12
12
12
12
12
12
12
12
12
12
12
12
12
12
12
12
12
12
12
12
12
12
12
12
12
12
12
12
12
12
12
12
12
12
12
12
12
12
12
12
12
12
12
12
12
12
12
12
12
12
12
12
12
12
12
12
12
12
12
12
12
12
12
12
12
12
12
12
12
12
12
12
12
12
12
12
12
12
12
12
12
12
12
12
12
12
12
12
12
12
12
12
12
12
12
12
12
12
12
12
12
12
12
12
12
12
12
12
12
12
12
12
12
12
12
12
12
12
12
12
12
12
12
12
12
12
12
12
12
12
12
12
12
12
12
12
12
12
12
12
12
12
12
12
12
12
12
12
12
12
12
12
12
12
12
12
12
12
12
12
12
12
12
12
12
12
12
12
12
12
12
12
12
12
12
12
12
12
12
12
12
12
12
12
12
12
12
12
12
12
12
12
12
12
12
12
12
12
12
12
12
12
12
12
12
12
12
12
12
12
12
12
12
12
12
12
12
12
12
12
12
12
12
12
12
12
12
12
12
12
12
12
12
12
12
12
12
12
12
12
12
12
12
12
12
12
12
12
12
12
12
12
12
12
12
12
12
12
12
12
12
12
12
12
12
12
12
12
12
12
12
12
12
12
12
12
12
12
12
12
12
12
12
12
12
12
12
12
12
12
12
12
12
12
12
12
12
12
12
12
12
12
12
12
12
12
12
12
12
12
12
12
12
12
12
12
12
12
12
12
12
12
12
12
12
12
12
12
12
12
12
12
12
12
12
12
12
12
12
12
12
12
12
12
12
12
12
12
12
12
12
12
12
12
12
12
12
12
12
12
12
12
12
12
12
12
12
12
12
12
12
12
12
12
12
12
12
12
12
12
12
12
12
12
12
12
12
12
12
12
12
12
12
12
12
12
12
12
12
12
12
12
12
12
12
12
12
12
12
12
12
12
12
12
12
12
12
12
12
12
12
12
12
12
12
12
12
12
12
12
12
12
12
12
12
12
12
12
12
12
12
12
12
12
12
12
12
12
12
12
12
12
12
12
12
12
12
12
12
12
12
12
12
12
12
12
12
12
12
12
12
12
12
12
12
12
12
12
12
12
12
12
12
12
12
12
12
12
12
12
12
12
12
12
12
12
12
12
12
12
12
12
12
12
12
12
12
12
12
12
12
12
12
12
12
12
12
12
12
12
12
12
12
12
12
12
12
12
12
12
12
12
12
12
12
12
12
12
12
12
12
12
12
12
12
12
12
12
12
12
12
12
12
12
12
12
12
12
12
12
12
12
12
12
12
12
12
12
12
12
12
12
12
12
12
12
12
12
12
12
12
12
12
12
12
12
12
12
12
12
12
12
12
12
12
12
12
12
12
12
12
12
12
12
12
12
12
12
12
12
12
12
12
12
12
12
12
12
12
12
12
12
12
12
12
12
12
12
12
12
12
12
12
12
12
12
12
12
12
12
12
12
12
12
12
12
12
12
12
12
12
12
12
12
12
12
12
12
12
12
12
12
12
12
12
12
12
12
12
12
12
12
12
12
12
12
12
12
12
12
12
12
12
12
12
12
12
12
12
12
12
12
12
12
12
12
12
12
12
12
12
12
12
12
12
12
12
12
12
12
12
12
12
12
12
12
12
12
12
12
12
12
12
12
12
12
12
12
12
12
12
12
12
12
12
12
12
12
12
12
12
12
12
12
12
12
12
12
12
12
12
12
12
12
12
12
12
12
12
12
12
12
12
12
12
12
12
12
12
12
12
12
12
12
12
12
12
12
12
12
12
12
12
12
12
12
12
12
12
12
12
12
12
12
12
12
12
12
12
12
12
12
12
12
12
12
12
12
12
12
12
12
12
12
12
12
12
12
12
12
12
12
12
12
12
12
12
12
12
12
12
12
12
12
12
12
12
12
12
12
12
12
12
12
12
12
12
12
12
12
12
12
12
12
12
12
12
12
12
12
12
12
12
12
12
12
12
12
12
12
12
12
12
12
12
12
12
12
12
12
12
12
12
12
12
12
12
12
12
12
12
12
12
12
12
12
12
12
12
12
12
12
12
12
12
12
12
12
12
12
12
12
12
12
12
12
12
12
12
12
12
12
12
12
12
12
12
12
12
12
12
12
12
12
12
12
12
12
12
12
12
12
12
12
12
12
12
12
12
12
12
12
12
12
12
12
12
12
12
12
12
12
12
12
12
12
12
12
12
12
12
12
12
12
12
12
12
12
12
12
12
12
12
12
12
12
12
12
12
12
12
12
12
12
12
12
12
12
12
12
12
12
12
12
12
12
12
12
12
12
12
12
12
12
12
12
12
12
12
12
12
12
12
12
12
12
12
12
12
12
12
12
12
12
12
12
12
12
12
12
12
12
12
12
12
12
12
12
12
12
12
12
12
12
12
12
12
12
12
12
12
12
12
12
12
12
12
12
12
12
12
12
12
12
12
12
12
12
12
12
12
12
12
12
12
12
12
12
12
12
12
12
12
12
12
12
12
12
12
12
12
12
12
12
12
12
12
12
12
12
12
12
12
12
12
12
12
12
12
12
12
12
12
12
12
12
12
12
12
12
12
12
12
12
12
12
12
12
12
12
12
12
12
12
12
12
12
12
12
12
12
12
12
12
12
12
12
12
12
12
12
12
12
12
12
12
12
12
12
12
12
12
12
12
12
12
12
12
12
12
12
12
12
12
12
12
12
12
12
12
12
12
12
12
12
12
12
12
12
12
12
12
12
12
12
12
12
12
12
12
12
12
12
12
12
12
12
12
12
12
12
12
12
12
12
12
12
12
12
12
12
12
12
12
12
12
12
12
12
12
12
12
12
12
12
12
12
12
12
12
12
12
12
12
12
12
12
12
12
12
12
12
12
12
12
12
12
12
12
12
12
12
12
12
12
12
12
12
12
12
12
12
12
12
12
12
12
12
12
12
12
12
12
12
12
12
12
12
12
12
12
12
12
12
12
12
12
12
12
12
12
12
12
12
12
12
12
12
12
12
12
12
12
12
12
12
12
12
12
12
12
12
12
12
12
12
12
12
12
12
12
12
12
12
12
12
12
12
12
12
12
12
12
12
12
12
12
12
12
12
12
12
12
12
12
12
12
12
12
12
12
12
12
12
12
12
12
12
12
12
12
12
12
12
12
12
12
12
12
12
12
12
12
12
12
12
12
12
12
12
12
12
12
12
12
12
12
12
12
12
12
12
12
12
12
12
12
12
12
12
12
12
12
12
12
12
12
12
12
12
12
12
12
12
12
12
12
12
12
12
12
12
12
12
12
12
12
12
12
12
12
12
12
12
12
12
12
12
12
12
12
12
12
12
12
12
12
12
12
12
12
12
12
12
12
12
12
12
12
12
12
12
12
12
12
12
12
12
12
12
12
12
12
12
12
12
12
12
12
12
12
12
12
12
12
12
12
12
12
12
12
12
12
12
12
12
12
12
12
12
12
12
12
12
12
12
12
12
12
12
12
12
12
12
12
12
12
12
12
12
12
12
12
12
12
12
12
12
12
12
12
12
12
12
12
12
12
12
12
12
12
12
12
12
12
12
12
12
12
12
12
12
12
12
12
12
12
12
12
12
12
12
12
12
12
12
12
12
12
12
12
12
12
12
12
12
12
12
12
12
12
12
12
12
12
12
12
12
12
12
12
12
12
12
12
12
12
12
12
12
12
12
12
12
12
12
12
12
12
12
12
12
12
12
12
12
12
12
12
12
12
12
12
12
12
12
12
12
12
12
12
12
12
12
12
12
12
12
12
12
12
12
12
12
12
12
12
12
12
12
12
12
12
12
12
12
12
12
12
12
12
12
12
12
12
12
12
12
12
12
12
12
12
12
12
12
12
12
12
12
12
12
12
12
12
12
12
12
12
12
12
12
12
12
12
12
12
12
12
12
12
12
12
12
12
12
12
12
12
12
12
12
12
12
12
12
12
12
12
12
12
12
12
12
12
12
12
12
12
12
12
12
12
12
12
12
12
12
12
12
12
12
12
12
12
12
12
12
12
12
12
12
12
12
12
12
12
12
12
12
12
12
12
12
12
12
12
12
12
12
12
12
12
12
12
12
12
12
12
12
12
12
12
12
12
12
12
12
12
12
12
12
12
12
12
12
12
12
12
12
12
12
12
12
12
12
12
12
12
12
12
12
12
12
12
12
12
12
12
12
12
12
12
12
12
12
12
12
12
12
12
12
12
12
12
12
12
12
12
12
12
12
12
12
12
12
12
12
12
12
12
12
12
12
12
12
12
12
12
12
12
12
12
12
12
12
12
12
12
12
12
12
12
12
12
12
12
12
12
12
12
12
12
12
12
12
12
12
12
12
12
12
12
12
12
12
12
12
12
12
12
12
12
12
12
12
12
12
12
12
12
12
12
12
12
12
12
12
12
12
12
12
12
POINT_DATA 3264
SCALARS Temperature float 1
LOOKUP_TABLE default
38
37.9231411
37.6955181
37.3258784
36.8284271
36.2222809
35.5307337
34.7803613
34
33.2196387
32.4692663
31.7777191
31.1715729
30.6741216
30.3044819
30.0768589
30
30.0768589
30.3044819
30.6741216
31.1715729
31.7777191
32.4692663
33.2196387
34
34.7803613
35.5307337
36.2222809
36.8284271
37.3258784
37.6955181
37.9231411
39.3
39.198162
38.8965615
38.4067889
37.7476659
36.9445222
36.0282222
35.0339787
34
32.9660213
31.9717778
31.0554778
30.2523341
29.5932111
29.1034385
28.801838
28.7
28.801838
29.1034385
29.5932111
30.2523341
31.0554778
31.9717778
32.9660213
34
35.0339787
36.0282222
36.9445222
37.7476659
38.4067889
38.8965615
39.198162
40.6
40.4731829
40.0976049
39.4876994
38.6669048
37.6667635
36.5257107
35.2875961
34
32.7124039
31.4742893
30.3332365
29.3330952
28.5123006
27.9023951
27.5268171
27.4
27.5268171
27.9023951
28.5123006
29.3330952
30.3332365
31.4742893
32.7124039
34
35.2875961
36.5257107
37.6667635
38.6669048
39.4876994
40.0976049
40.4731829
41.9
41.7482037
41.2986483
40.5686099
39.5861436
38.3890048
37.0231991
35.5412135
34
32.4587865
30.9768009
29.6109952
28.4138564
27.4313901
26.7013517
26.2517963
26.1
26.2517963
26.7013517
27.4313901
28.4138564
29.6109952
30.9768009
32.4587865
34
35.5412135
37.0231991
38.3890048
39.5861436
40.5686099
41.2986483
41.7482037
43.2
43.0232246
42.4996917
41.6495204
40.5053824
39.1112461
37.5206876
35.794831
34
32.205169
30.4793124
28.8887539
27.4946176
26.3504796
25.5003083
24.9767754
24.8
24.9767754
25.5003083
26.3504796
27.4946176
28.8887539
30.4793124
32.205169
34
35.794831
37.5206876
39.1112461
40.5053824
41.6495204
42.4996917
43.0232246
44.5
44.2982454
43.7007351
42.7304309
41.4246212
39.8334874
38.018176
36.0484484
34
31.9515516
29.981824
28.1665126
26.5753788
25.2695691
24.2992649
23.7017546
23.5
23.7017546
24.2992649
25.2695691
26.5753788
28.1665126
29.981824
31.9515516
34
36.0484484
38.018176
39.8334874
41.4246212
42.7304309
43.7007351
44.2982454
40
39.9231411
39.6955181
39.3258784
38.8284271
38.2222809
37.5307337
36.7803613
36
35.2196387
34.4692663
33.7777191
33.1715729
32.6741216
32.3044819
32.0768589
32
32.0768589
32.3044819
32.6741216
33.1715729
33.7777191
34.4692663
35.2196387
36
36.7803613
37.5307337
38.2222809
38.8284271
39.3258784
39.6955181
39.9231411
41.3
41.198162
40.8965615
40.4067889
39.7476659
38.9445222
38.0282222
37.0339787
36
34.9660213
33.9717778
33.0554778
32.2523341
31.5932111
31.1034385
30.801838
30.7
30.801838
31.1034385
31.5932111
32.2523341
33.0554778
33.9717778
34.9660213
36
37.0339787
38.0282222
38.9445222
39.7476659
40.4067889
40.8965615
41.198162
42.6
42.4731829
42.0976049
41.4876994
40.6669048
39.6667635
38.5257107
37.2875961
36
34.7124039
33.4742893
32.3332365
31.3330952
30.5123006
29.9023951
29.5268171
29.4
29.5268171
29.9023951
30.5123006
31.3330952
32.3332365
33.4742893
34.7124039
36
37.2875961
38.5257107
39.6667635
40.6669048
41.4876994
42.0976049
42.4731829
43.9
43.7482037
43.2986483
42.5686099
41.5861436
40.3890048
39.0231991
37.5412135
36
34.4587865
32.9768009
31.6109952
30.4138564
29.4313901
28.7013517
28.2517963
28.1
28.2517963
28.7013517
29.4313901
30.4138564
31.6109952
32.9768009
34.4587865
36
37.5412135
39.0231991
40.3890048
41.5861436
42.5686099
43.2986483
43.7482037
45.2
45.0232246
44.4996917
43.6495204
42.5053824
41.1112461
39.5206876
37.794831
36
34.205169
32.4793124
30.8887539
29.4946176
28.3504796
27.5003083
26.9767754
26.8
26.9767754
27.5003083
28.3504796
29.4946176
30.8887539
32.4793124
34.205169
36
37.794831
39.5206876
41.1112461
42.5053824
43.6495204
44.4996917
45.0232246
46.5
46.2982454
45.7007351
44.7304309
43.4246212
41.8334874
40.018176
38.0484484
36
33.9515516
31.981824
30.1665126
28.5753788
27.2695691
26.2992649
25.7017546
25.5
25.7017546
26.2992649
27.2695691
28.5753788
30.1665126
31.981824
33.9515516
36
38.0484484
40.018176
41.8334874
43.4246212
44.7304309
45.7007351
46.2982454
42
41.9231411
41.6955181
41.3258784
40.8284271
40.2222809
39.5307337
38.7803613
38
37.2196387
36.4692663
35.7777191
35.1715729
34.6741216
34.3044819
34.0768589
34
34.0768589
34.3044819
34.6741216
35.1715729
35.7777191
36.4692663
37.2196387
38
38.7803613
39.5307337
40.2222809
40.8284271
41.3258784
41.6955181
41.9231411
43.3
43.198162
42.8965615
42.4067889
41.7476659
40.9445222
40.0282222
39.0339787
38
36.9660213
35.9717778
35.0554778
34.2523341
33.5932111
33.1034385
32.801838
32.7
32.801838
33.1034385
33.5932111
34.2523341
35.0554778
35.9717778
36.9660213
38
39.0339787
40.0282222
40.9445222
41.7476659
42.4067889
42.8965615
43.198162
44.6
44.4731829
44.0976049
43.4876994
42.6669048
41.6667635
40.5257107
39.2875961
38
36.7124039
35.4742893
34.3332365
33.3330952
32.5123006
31.9023951
31.5268171
31.4
31.5268171
31.9023951
32.5123006
33.3330952
34.3332365
35.4742893
36.7124039
38
39.2875961
40.5257107
41.6667635
42.6669048
43.4876994
44.0976049
44.4731829
45.9
45.7482037
45.2986483
44.5686099
43.5861436
42.3890048
41.0231991
39.5412135
38
36.4587865
34.9768009
33.6109952
32.4138564
31.4313901
30.7013517
30.2517963
30.1
30.2517963
30.7013517
31.4313901
32.4138564
33.6109952
34.9768009
36.4587865
38
39.5412135
41.0231991
42.3890048
43.5861436
44.5686099
45.2986483
45.7482037
47.2
47.0232246
46.4996917
45.6495204
44.5053824
43.1112461
41.5206876
39.794831
38
36.205169
34.4793124
32.8887539
31.4946176
30.3504796
29.5003083
28.9767754
28.8
28.9767754
29.5003083
30.3504796
31.4946176
32.8887539
34.4793124
36.205169
38
39.794831
41.5206876
43.1112461
44.5053824
45.6495204
46.4996917
47.0232246
48.5
48.2982454
47.7007351
46.7304309
45.4246212
43.8334874
42.018176
40.0484484
38
35.9515516
33.981824
32.1665126
30.5753788
29.2695691
28.2992649
27.7017546
27.5
27.7017546
28.2992649
29.2695691
30.5753788
32.1665126
33.981824
35.9515516
38
40.0484484
42.018176
43.8334874
45.4246212
46.7304309
47.7007351
48.2982454
44
43.9231411
43.6955181
43.3258784
42.8284271
42.2222809
41.5307337
40.7803613
40
39.2196387
38.4692663
37.7777191
37.1715729
36.6741216
36.3044819
36.0768589
36
36.0768589
36.3044819
36.6741216
37.1715729
37.7777191
38.4692663
39.2196387
40
40.7803613
41.5307337
42.2222809
42.8284271
43.3258784
43.6955181
43.9231411
45.05
44.9529657
44.6655916
44.1989215
43.5708892
42.8056297
41.9325513
40.9852061
40
39.0147939
38.0674487
37.1943703
36.4291108
35.8010785
35.3344084
35.0470343
34.95
35.0470343
35.3344084
35.8010785
36.4291108
37.1943703
38.0674487
39.0147939
40
40.9852061
41.9325513
42.8056297
43.5708892
44.1989215
44.6655916
44.9529657
46.1
45.9827902
45.6356651
45.0719646
44.3133514
43.3889784
42.3343689
41.190051
40
38.809949
37.6656311
36.6110216
35.6866486
34.9280354
34.3643349
34.0172098
33.9
34.0172098
34.3643349
34.9280354
35.6866486
36.6110216
37.6656311
38.809949
40
41.190051
42.3343689
43.3889784
44.3133514
45.0719646
45.6356651
45.9827902
47.15
47.0126148
46.6057387
45.9450077
45.0558135
43.9723272
42.7361865
41.3948958
40
38.6051042
37.2638135
36.0276728
34.9441865
34.0549923
33.3942613
32.9873852
32.85
32.9873852
33.3942613
34.0549923
34.9441865
36.0276728
37.2638135
38.6051042
40
41.3948958
42.7361865
43.9723272
45.0558135
45.9450077
46.6057387
47.0126148
48.2
48.0424393
47.5758122
46.8180508
45.7982756
44.5556759
43.1380041
41.5997406
40
38.4002594
36.8619959
35.4443241
34.2017244
33.1819492
32.4241878
31.9575607
31.8
31.9575607
32.4241878
33.1819492
34.2017244
35.4443241
36.8619959
38.4002594
40
41.5997406
43.1380041
44.5556759
45.7982756
46.8180508
47.5758122
48.0424393
49.25
49.0722638
48.5458857
47.6910939
46.5407377
45.1390247
43.5398217
41.8045855
40
38.1954145
36.4601783
34.8609753
33.4592623
32.3089061
31.4541143
30.9277362
30.75
30.9277362
31.4541143
32.3089061
33.4592623
34.8609753
36.4601783
38.1954145
40
41.8045855
43.5398217
45.1390247
46.5407377
47.6910939
48.5458857
49.0722638
46
45.9231411
45.6955181
45.3258784
44.8284271
44.2222809
43.5307337
42.7803613
42
41.2196387
40.4692663
39.7777191
39.1715729
38.6741216
38.3044819
38.0768589
38
38.0768589
38.3044819
38.6741216
39.1715729
39.7777191
40.4692663
41.2196387
42
42.7803613
43.5307337
44.2222809
44.8284271
45.3258784
45.6955181
45.9231411
46.8
46.7077693
46.4346218
45.9910541
45.3941125
44.6667371
43.8368805
42.9364335
42
41.0635665
40.1631195
39.3332629
38.6058875
38.0089459
37.5653782
37.2922307
37.2
37.2922307
37.5653782
38.0089459
38.6058875
39.3332629
40.1631195
41.0635665
42
42.9364335
43.8368805
44.6667371
45.3941125
45.9910541
46.4346218
46.7077693
47.6
47.4923976
47.1737254
46.6562298
45.959798
45.1111933
44.1430272
43.0925058
42
40.9074942
39.8569728
38.8888067
38.040202
37.3437702
36.8262746
36.5076024
36.4
36.5076024
36.8262746
37.3437702
38.040202
38.8888067
39.8569728
40.9074942
42
43.0925058
44.1430272
45.1111933
45.959798
46.6562298
47.1737254
47.4923976
48.4
48.2770258
47.912829
47.3214055
46.5254834
45.5556495
44.449174
43.2485781
42
40.7514219
39.550826
38.4443505
37.4745166
36.6785945
36.087171
35.7229742
35.6
35.7229742
36.087171
36.6785945
37.4745166
38.4443505
39.550826
40.7514219
42
43.2485781
44.449174
45.5556495
46.5254834
47.3214055
47.912829
48.2770258
49.2
49.061654
48.6519326
47.9865812
47.0911688
46.0001057
44.7553207
43.4046503
42
40.5953497
39.2446793
37.9998943
36.9088312
36.0134188
35.3480674
34.938346
34.8
34.938346
35.3480674
36.0134188
36.9088312
37.9998943
39.2446793
40.5953497
42
43.4046503
44.7553207
46.0001057
47.0911688
47.9865812
48.6519326
49.061654
50
49.8462822
49.3910363
48.6517569
47.6568542
46.4445619
45.0614675
43.5607226
42
40.4392774
38.9385325
37.5554381
36.3431458
35.3482431
34.6089637
34.1537178
34
34.1537178
34.6089637
35.3482431
36.3431458
37.5554381
38.9385325
40.4392774
42
43.5607226
45.0614675
46.4445619
47.6568542
48.6517569
49.3910363
49.8462822
48
47.9231411
47.6955181
47.3258784
46.8284271
46.2222809
45.5307337
44.7803613
44
43.2196387
42.4692663
41.7777191
41.1715729
40.6741216
40.3044819
40.0768589
40
40.0768589
40.3044819
40.6741216
41.1715729
41.7777191
42.4692663
43.2196387
44
44.7803613
45.5307337
46.2222809
46.8284271
47.3258784
47.6955181
47.9231411
48.8
48.7077693
48.4346218
47.9910541
47.3941125
46.6667371
45.8368805
44.9364335
44
43.0635665
42.1631195
41.3332629
40.6058875
40.0089459
39.5653782
39.2922307
39.2
39.2922307
39.5653782
40.0089459
40.6058875
41.3332629
42.1631195
43.0635665
44
44.9364335
45.8368805
46.6667371
47.3941125
47.9910541
48.4346218
48.7077693
49.6
49.4923976
49.1737254
48.6562298
47.959798
47.1111933
46.1430272
45.0925058
44
42.9074942
41.8569728
40.8888067
40.040202
39.3437702
38.8262746
38.5076024
38.4
38.5076024
38.8262746
39.3437702
40.040202
40.8888067
41.8569728
42.9074942
44
45.0925058
46.1430272
47.1111933
47.959798
48.6562298
49.1737254
49.4923976
50.4
50.2770258
49.912829
49.3214055
48.5254834
47.5556495
46.449174
45.2485781
44
42.7514219
41.550826
40.4443505
39.4745166
38.6785945
38.087171
37.7229742
37.6
37.7229742
38.087171
38.6785945
39.4745166
40.4443505
41.550826
42.7514219
44
45.2485781
46.449174
47.5556495
48.5254834
49.3214055
49.912829
50.2770258
51.2
51.061654
50.6519326
49.9865812
49.0911688
48.0001057
46.7553207
45.4046503
44
42.5953497
41.2446793
39.9998943
38.9088312
38.0134188
37.3480674
36.938346
36.8
36.938346
37.3480674
38.0134188
38.9088312
39.9998943
41.2446793
42.5953497
44
45.4046503
46.7553207
48.0001057
49.0911688
49.9865812
50.6519326
51.061654
52
51.8462822
51.3910363
50.6517569
49.6568542
48.4445619
47.0614675
45.5607226
44
42.4392774
40.9385325
39.5554381
38.3431458
37.3482431
36.6089637
36.1537178
36
36.1537178
36.6089637
37.3482431
38.3431458
39.5554381
40.9385325
42.4392774
44
45.5607226
47.0614675
48.4445619
49.6568542
50.6517569
51.3910363
51.8462822
50
49.9231411
49.6955181
49.3258784
48.8284271
48.2222809
47.5307337
46.7803613
46
45.2196387
44.4692663
43.7777191
43.1715729
42.6741216
42.3044819
42.0768589
42
42.0768589
42.3044819
42.6741216
43.1715729
43.7777191
44.4692663
45.2196387
46
46.7803613
47.5307337
48.2222809
48.8284271
49.3258784
49.6955181
49.9231411
50.8
50.7077693
50.4346218
49.9910541
49.3941125
48.6667371
47.8368805
46.9364335
46
45.0635665
44.1631195
43.3332629
42.6058875
42.0089459
41.5653782
41.2922307
41.2
41.2922307
41.5653782
42.0089459
42.6058875
43.3332629
44.1631195
45.0635665
46
46.9364335
47.8368805
48.6667371
49.3941125
49.9910541
50.4346218
50.7077693
51.6
51.4923976
51.1737254
50.6562298
49.959798
49.1111933
48.1430272
47.0925058
46
44.9074942
43.8569728
42.8888067
42.040202
41.3437702
40.8262746
40.5076024
40.4
40.5076024
40.8262746
41.3437702
42.040202
42.8888067
43.8569728
44.9074942
46
47.0925058
48.1430272
49.1111933
49.959798
50.6562298
51.1737254
51.4923976
52.4
52.2770258
51.912829
51.3214055
50.5254834
49.5556495
48.449174
47.2485781
46
44.7514219
43.550826
42.4443505
41.4745166
40.6785945
40.087171
39.7229742
39.6
39.7229742
40.087171
40.6785945
41.4745166
42.4443505
43.550826
44.7514219
46
47.2485781
48.449174
49.5556495
50.5254834
51.3214055
51.912829
52.2770258
53.2
53.061654
52.6519326
51.9865812
51.0911688
50.0001057
48.7553207
47.4046503
46
44.5953497
43.2446793
41.9998943
40.9088312
40.0134188
39.3480674
38.938346
38.8
38.938346
39.3480674
40.0134188
40.9088312
41.9998943
43.2446793
44.5953497
46
47.4046503
48.7553207
50.0001057
51.0911688
51.9865812
52.6519326
53.061654
54
53.8462822
53.3910363
52.6517569
51.6568542
50.4445619
49.0614675
47.5607226
46
44.4392774
42.9385325
41.5554381
40.3431458
39.3482431
38.6089637
38.1537178
38
38.1537178
38.6089637
39.3482431
40.3431458
41.5554381
42.9385325
44.4392774
46
47.5607226
49.0614675
50.4445619
51.6568542
52.6517569
53.3910363
53.8462822
52
51.9231411
51.6955181
51.3258784
50.8284271
50.2222809
49.5307337
48.7803613
48
47.2196387
46.4692663
45.7777191
45.1715729
44.6741216
44.3044819
44.0768589
44
44.0768589
44.3044819
44.6741216
45.1715729
45.7777191
46.4692663
47.2196387
48
48.7803613
49.5307337
50.2222809
50.8284271
51.3258784
51.6955181
51.9231411
52.8
52.7077693
52.4346218
51.9910541
51.3941125
50.6667371
49.8368805
48.9364335
48
47.0635665
46.1631195
45.3332629
44.6058875
44.0089459
43.5653782
43.2922307
43.2
43.2922307
43.5653782
44.0089459
44.6058875
45.3332629
46.1631195
47.0635665
48
48.9364335
49.8368805
50.6667371
51.3941125
51.9910541
52.4346218
52.7077693
53.6
53.4923976
53.1737254
52.6562298
51.959798
51.1111933
50.1430272
49.0925058
48
46.9074942
45.8569728
44.8888067
44.040202
43.3437702
42.8262746
42.5076024
42.4
42.5076024
42.8262746
43.3437702
44.040202
44.8888067
45.8569728
46.9074942
48
49.0925058
50.1430272
51.1111933
51.959798
52.6562298
53.1737254
53.4923976
54.4
54.2770258
53.912829
53.3214055
52.5254834
51.5556495
50.449174
49.2485781
48
46.7514219
45.550826
44.4443505
43.4745166
42.6785945
42.087171
41.7229742
41.6
41.7229742
42.087171
42.6785945
43.4745166
44.4443505
45.550826
46.7514219
48
49.2485781
50.449174
51.5556495
52.5254834
53.3214055
53.912829
54.2770258
55.2
55.061654
54.6519326
53.9865812
53.0911688
52.0001057
50.7553207
49.4046503
48
46.5953497
45.2446793
43.9998943
42.9088312
42.0134188
41.3480674
40.938346
40.8
40.938346
41.3480674
42.0134188
42.9088312
43.9998943
45.2446793
46.5953497
48
49.4046503
50.7553207
52.0001057
53.0911688
53.9865812
54.6519326
55.061654
56
55.8462822
55.3910363
54.6517569
53.6568542
52.4445619
51.0614675
49.5607226
48
46.4392774
44.9385325
43.5554381
42.3431458
41.3482431
40.6089637
40.1537178
40
40.1537178
40.6089637
41.3482431
42.3431458
43.5554381
44.9385325
46.4392774
48
49.5607226
51.0614675
52.4445619
53.6568542
54.6517569
55.3910363
55.8462822
54
53.9231411
53.6955181
53.3258784
52.8284271
52.2222809
51.5307337
50.7803613
50
49.2196387
48.4692663
47.7777191
47.1715729
46.6741216
46.3044819
46.0768589
46
46.0768589
46.3044819
46.6741216
47.1715729
47.7777191
48.4692663
49.2196387
50
50.7803613
51.5307337
52.2222809
52.8284271
53.3258784
53.6955181
53.9231411
54.8
54.7077693
54.4346218
53.9910541
53.3941125
52.6667371
51.8368805
50.9364335
50
49.0635665
48.1631195
47.3332629
46.6058875
46.0089459
45.5653782
45.2922307
45.2
45.2922307
45.5653782
46.0089459
46.6058875
47.3332629
48.1631195
49.0635665
50
50.9364335
51.8368805
52.6667371
53.3941125
53.9910541
54.4346218
54.7077693
55.6
55.4923976
55.1737254
54.6562298
53.959798
53.1111933
52.1430272
51.0925058
50
48.9074942
47.8569728
46.8888067
46.040202
45.3437702
44.8262746
44.5076024
44.4
44.5076024
44.8262746
45.3437702
46.040202
46.8888067
47.8569728
48.9074942
50
51.0925058
52.1430272
53.1111933
53.959798
54.6562298
55.1737254
55.4923976
56.4
56.2770258
55.912829
55.3214055
54.5254834
53.5556495
52.449174
51.2485781
50
48.7514219
47.550826
46.4443505
45.4745166
44.6785945
44.087171
43.7229742
43.6
43.7229742
44.087171
44.6785945
45.4745166
46.4443505
47.550826
48.7514219
50
51.2485781
52.449174
53.5556495
54.5254834
55.3214055
55.912829
56.2770258
57.2
57.061654
56.6519326
55.9865812
55.0911688
54.0001057
52.7553207
51.4046503
50
48.5953497
47.2446793
45.9998943
44.9088312
44.0134188
43.3480674
42.938346
42.8
42.938346
43.3480674
44.0134188
44.9088312
45.9998943
47.2446793
48.5953497
50
51.4046503
52.7553207
54.0001057
55.0911688
55.9865812
56.6519326
57.061654
58
57.8462822
57.3910363
56.6517569
55.6568542
54.4445619
53.0614675
51.5607226
50
48.4392774
46.9385325
45.5554381
44.3431458
43.3482431
42.6089637
42.1537178
42
42.1537178
42.6089637
43.3482431
44.3431458
45.5554381
46.9385325
48.4392774
50
51.5607226
53.0614675
54.4445619
55.6568542
56.6517569
57.3910363
57.8462822
56
55.9231411
55.6955181
55.3258784
54.8284271
54.2222809
53.5307337
52.7803613
52
51.2196387
50.4692663
49.7777191
49.1715729
48.6741216
48.3044819
48.0768589
48
48.0768589
48.3044819
48.6741216
49.1715729
49.7777191
50.4692663
51.2196387
52
52.7803613
53.5307337
54.2222809
54.8284271
55.3258784
55.6955181
55.9231411
56.8
56.7077693
56.4346218
55.9910541
55.3941125
54.6667371
53.8368805
52.9364335
52
51.0635665
50.1631195
49.3332629
48.6058875
48.0089459
47.5653782
47.2922307
47.2
47.2922307
47.5653782
48.0089459
48.6058875
49.3332629
50.1631195
51.0635665
52
52.9364335
53.8368805
54.6667371
55.3941125
55.9910541
56.4346218
56.7077693
57.6
57.4923976
57.1737254
56.6562298
55.959798
55.1111933
54.1430272
53.0925058
52
50.9074942
49.8569728
48.8888067
48.040202
47.3437702
46.8262746
46.5076024
46.4
46.5076024
46.8262746
47.3437702
48.040202
48.8888067
49.8569728
50.9074942
52
53.0925058
54.1430272
55.1111933
55.959798
56.6562298
57.1737254
57.4923976
58.4
58.2770258
57.912829
57.3214055
56.5254834
55.5556495
54.449174
53.2485781
52
50.7514219
49.550826
48.4443505
47.4745166
46.6785945
46.087171
45.7229742
45.6
45.7229742
46.087171
46.6785945
47.4745166
48.4443505
49.550826
50.7514219
52
53.2485781
54.449174
55.5556495
56.5254834
57.3214055
57.912829
58.2770258
59.2
59.061654
58.6519326
57.9865812
57.0911688
56.0001057
54.7553207
53.4046503
52
50.5953497
49.2446793
47.9998943
46.9088312
46.0134188
45.3480674
44.938346
44.8
44.938346
45.3480674
46.0134188
46.9088312
47.9998943
49.2446793
50.5953497
52
53.4046503
54.7553207
56.0001057
57.0911688
57.9865812
58.6519326
59.061654
60
59.8462822
59.3910363
58.6517569
57.6568542
56.4445619
55.0614675
53.5607226
52
50.4392774
48.9385325
47.5554381
46.3431458
45.3482431
44.6089637
44.1537178
44
44.1537178
44.6089637
45.3482431
46.3431458
47.5554381
48.9385325
50.4392774
52
53.5607226
55.0614675
56.4445619
57.6568542
58.6517569
59.3910363
59.8462822
58
57.9231411
57.6955181
57.3258784
56.8284271
56.2222809
55.5307337
54.7803613
54
53.2196387
52.4692663
51.7777191
51.1715729
50.6741216
50.3044819
50.0768589
50
50.0768589
50.3044819
50.6741216
51.1715729
51.7777191
52.4692663
53.2196387
54
54.7803613
55.5307337
56.2222809
56.8284271
57.3258784
57.6955181
57.9231411
58.8
58.7077693
58.4346218
57.9910541
57.3941125
56.6667371
55.8368805
54.9364335
54
53.0635665
52.1631195
51.3332629
50.6058875
50.0089459
49.5653782
49.2922307
49.2
49.2922307
49.5653782
50.0089459
50.6058875
51.3332629
52.1631195
53.0635665
54
54.9364335
55.8368805
56.6667371
57.3941125
57.9910541
58.4346218
58.7077693
59.6
59.4923976
59.1737254
58.6562298
57.959798
57.1111933
56.1430272
55.0925058
54
52.9074942
51.8569728
50.8888067
50.040202
49.3437702
48.8262746
48.5076024
48.4
48.5076024
48.8262746
49.3437702
50.040202
50.8888067
51.8569728
52.9074942
54
55.0925058
56.1430272
57.1111933
57.959798
58.6562298
59.1737254
59.4923976
60.4
60.2770258
59.912829
59.3214055
58.5254834
57.5556495
56.449174
55.2485781
54
52.7514219
51.550826
50.4443505
49.4745166
48.6785945
48.087171
47.7229742
47.6
47.7229742
48.087171
48.6785945
49.4745166
50.4443505
51.550826
52.7514219
54
55.2485781
56.449174
57.5556495
58.5254834
59.3214055
59.912829
60.2770258
61.2
61.061654
60.6519326
59.9865812
59.0911688
58.0001057
56.7553207
55.4046503
54
52.5953497
51.2446793
49.9998943
48.9088312
48.0134188
47.3480674
46.938346
46.8
46.938346
47.3480674
48.0134188
48.9088312
49.9998943
51.2446793
52.5953497
54
55.4046503
56.7553207
58.0001057
59.0911688
59.9865812
60.6519326
61.061654
62
61.8462822
61.3910363
60.6517569
59.6568542
58.4445619
57.0614675
55.5607226
54
52.4392774
50.9385325
49.5554381
48.3431458
47.3482431
46.6089637
46.1537178
46
46.1537178
46.6089637
47.3482431
48.3431458
49.5554381
50.9385325
52.4392774
54
55.5607226
57.0614675
58.4445619
59.6568542
60.6517569
61.3910363
61.8462822
60
59.9231411
59.6955181
59.3258784
58.8284271
58.2222809
57.5307337
56.7803613
56
55.2196387
54.4692663
53.7777191
53.1715729
52.6741216
52.3044819
52.0768589
52
52.0768589
52.3044819
52.6741216
53.1715729
53.7777191
54.4692663
55.2196387
56
56.7803613
57.5307337
58.2222809
58.8284271
59.3258784
59.6955181
59.9231411
60.8
60.7077693
60.4346218
59.9910541
59.3941125
58.6667371
57.8368805
56.9364335
56
55.0635665
54.1631195
53.3332629
52.6058875
52.0089459
51.5653782
51.2922307
51.2
51.2922307
51.5653782
52.0089459
52.6058875
53.3332629
54.1631195
55.0635665
56
56.9364335
57.8368805
58.6667371
59.3941125
59.9910541
60.4346218
60.7077693
61.6
61.4923976
61.1737254
60.6562298
59.959798
59.1111933
58.1430272
57.0925058
56
54.9074942
53.8569728
52.8888067
52.040202
51.3437702
50.8262746
50.5076024
50.4
50.5076024
50.8262746
51.3437702
52.040202
52.8888067
53.8569728
54.9074942
56
57.0925058
58.1430272
59.1111933
59.959798
60.6562298
61.1737254
61.4923976
62.4
62.2770258
61.912829
61.3214055
60.5254834
59.5556495
58.449174
57.2485781
56
54.7514219
53.550826
52.4443505
51.4745166
50.6785945
50.087171
49.7229742
49.6
49.7229742
50.087171
50.6785945
51.4745166
52.4443505
53.550826
54.7514219
56
57.2485781
58.449174
59.5556495
60.5254834
61.3214055
61.912829
62.2770258
63.2
63.061654
62.6519326
61.9865812
61.0911688
60.0001057
58.7553207
57.4046503
56
54.5953497
53.2446793
51.9998943
50.9088312
50.0134188
49.3480674
48.938346
48.8
48.938346
49.3480674
50.0134188
50.9088312
51.9998943
53.2446793
54.5953497
56
57.4046503
58.7553207
60.0001057
61.0911688
61.9865812
62.6519326
63.061654
64
63.8462822
63.3910363
62.6517569
61.6568542
60.4445619
59.0614675
57.5607226
56
54.4392774
52.9385325
51.5554381
50.3431458
49.3482431
48.6089637
48.1537178
48
48.1537178
48.6089637
49.3482431
50.3431458
51.5554381
52.9385325
54.4392774
56
57.5607226
59.0614675
60.4445619
61.6568542
62.6517569
63.3910363
63.8462822
62
61.9231411
61.6955181
61.3258784
60.8284271
60.2222809
59.5307337
58.7803613
58
57.2196387
56.4692663
55.7777191
55.1715729
54.6741216
54.3044819
54.0768589
54
54.0768589
54.3044819
54.6741216
55.1715729
55.7777191
56.4692663
57.2196387
58
58.7803613
59.5307337
60.2222809
60.8284271
61.3258784
61.6955181
61.9231411
62.8
62.7077693
62.4346218
61.9910541
61.3941125
60.6667371
59.8368805
58.9364335
58
57.0635665
56.1631195
55.3332629
54.6058875
54.0089459
53.5653782
53.2922307
53.2
53.2922307
53.5653782
54.0089459
54.6058875
55.3332629
56.1631195
57.0635665
58
58.9364335
59.8368805
60.6667371
61.3941125
61.9910541
62.4346218
62.7077693
63.6
63.4923976
63.1737254
62.6562298
61.959798
61.1111933
60.1430272
59.0925058
58
56.9074942
55.8569728
54.8888067
54.040202
53.3437702
52.8262746
52.5076024
52.4
52.5076024
52.8262746
53.3437702
54.040202
54.8888067
55.8569728
56.9074942
58
59.0925058
60.1430272
61.1111933
61.959798
62.6562298
63.1737254
63.4923976
64.4
64.2770258
63.912829
63.3214055
62.5254834
61.5556495
60.449174
59.2485781
58
56.7514219
55.550826
54.4443505
53.4745166
52.6785945
52.087171
51.7229742
51.6
51.7229742
52.087171
52.6785945
53.4745166
54.4443505
55.550826
56.7514219
58
59.2485781
60.449174
61.5556495
62.5254834
63.3214055
63.912829
64.2770258
65.2
65.061654
64.6519326
63.9865812
63.0911688
62.0001057
60.7553207
59.4046503
58
56.5953497
55.2446793
53.9998943
52.9088312
52.0134188
51.3480674
50.938346
50.8
50.938346
51.3480674
52.0134188
52.9088312
53.9998943
55.2446793
56.5953497
58
59.4046503
60.7553207
62.0001057
63.0911688
63.9865812
64.6519326
65.061654
66
65.8462822
65.3910363
64.6517569
63.6568542
62.4445619
61.0614675
59.5607226
58
56.4392774
54.9385325
53.5554381
52.3431458
51.3482431
50.6089637
50.1537178
50
50.1537178
50.6089637
51.3482431
52.3431458
53.5554381
54.9385325
56.4392774
58
59.5607226
61.0614675
62.4445619
63.6568542
64.6517569
65.3910363
65.8462822
64
63.9231411
63.6955181
63.3258784
62.8284271
62.2222809
61.5307337
60.7803613
60
59.2196387
58.4692663
57.7777191
57.1715729
56.6741216
56.3044819
56.0768589
56
56.0768589
56.3044819
56.6741216
57.1715729
57.7777191
58.4692663
59.2196387
60
60.7803613
61.5307337
62.2222809
62.8284271
63.3258784
63.6955181
63.9231411
65.05
64.9529657
64.6655916
64.1989215
63.5708892
62.8056297
61.9325513
60.9852061
60
59.0147939
58.0674487
57.1943703
56.4291108
55.8010785
55.3344084
55.0470343
54.95
55.0470343
55.3344084
55.8010785
56.4291108
57.1943703
58.0674487
59.0147939
60
60.9852061
61.9325513
62.8056297
63.5708892
64.1989215
64.6655916
64.9529657
66.1
65.9827902
65.6356651
65.0719646
64.3133514
63.3889784
62.3343689
61.190051
60
58.809949
57.6656311
56.6110216
55.6866486
54.9280354
54.3643349
54.0172098
53.9
54.0172098
54.3643349
54.9280354
55.6866486
56.6110216
57.6656311
58.809949
60
61.190051
62.3343689
63.3889784
64.3133514
65.0719646
65.6356651
65.9827902
67.15
67.0126148
66.6057387
65.9450077
65.0558135
63.9723272
62.7361865
61.3948958
60
58.6051042
57.2638135
56.0276728
54.9441865
54.0549923
53.3942613
52.9873852
52.85
52.9873852
53.3942613
54.0549923
54.9441865
56.0276728
57.2638135
58.6051042
60
61.3948958
62.7361865
63.9723272
65.0558135
65.9450077
66.6057387
67.0126148
68.2
68.0424393
67.5758122
66.8180508
65.7982756
64.5556759
63.1380041
61.5997406
60
58.4002594
56.8619959
55.4443241
54.2017244
53.1819492
52.4241878
51.9575607
51.8
51.9575607
52.4241878
53.1819492
54.2017244
55.4443241
56.8619959
58.4002594
60
61.5997406
63.1380041
64.5556759
65.7982756
66.8180508
67.5758122
68.0424393
69.25
69.0722638
68.5458857
67.6910939
66.5407377
65.1390247
63.5398217
61.8045855
60
58.1954145
56.4601783
54.8609753
53.4592623
52.3089061
51.4541143
50.9277362
50.75
50.9277362
51.4541143
52.3089061
53.4592623
54.8609753
56.4601783
58.1954145
60
61.8045855
63.5398217
65.1390247
66.5407377
67.6910939
68.5458857
69.0722638
66
65.9231411
65.6955181
65.3258784
64.8284271
64.2222809
63.5307337
62.7803613
62
61.2196387
60.4692663
59.7777191
59.1715729
58.6741216
58.3044819
58.0768589
58
58.0768589
58.3044819
58.6741216
59.1715729
59.7777191
60.4692663
61.2196387
62
62.7803613
63.5307337
64.2222809
64.8284271
65.3258784
65.6955181
65.9231411
67.3
67.198162
66.8965615
66.4067889
65.7476659
64.9445222
64.0282222
63.0339787
62
60.9660213
59.9717778
59.0554778
58.2523341
57.5932111
57.1034385
56.801838
56.7
56.801838
57.1034385
57.5932111
58.2523341
59.0554778
59.9717778
60.9660213
62
63.0339787
64.0282222
64.9445222
65.7476659
66.4067889
66.8965615
67.198162
68.6
68.4731829
68.0976049
67.4876994
66.6669048
65.6667635
64.5257107
63.2875961
62
60.7124039
59.4742893
58.3332365
57.3330952
56.5123006
55.9023951
55.5268171
55.4
55.5268171
55.9023951
56.5123006
57.3330952
58.3332365
59.4742893
60.7124039
62
63.2875961
64.5257107
65.6667635
66.6669048
67.4876994
68.0976049
68.4731829
69.9
69.7482037
69.2986483
68.5686099
67.5861436
66.3890048
65.0231991
63.5412135
62
60.4587865
58.9768009
57.6109952
56.4138564
55.4313901
54.7013517
54.2517963
54.1
54.2517963
54.7013517
55.4313901
56.4138564
57.6109952
58.9768009
60.4587865
62
63.5412135
65.0231991
66.3890048
67.5861436
68.5686099
69.2986483
69.7482037
71.2
71.0232246
70.4996917
69.6495204
68.5053824
67.1112461
65.5206876
63.794831
62
60.205169
58.4793124
56.8887539
55.4946176
54.3504796
53.5003083
52.9767754
52.8
52.9767754
53.5003083
54.3504796
55.4946176
56.8887539
58.4793124
60.205169
62
63.794831
65.5206876
67.1112461
68.5053824
69.6495204
70.4996917
71.0232246
72.5
72.2982454
71.7007351
70.7304309
69.4246212
67.8334874
66.018176
64.0484484
62
59.9515516
57.981824
56.1665126
54.5753788
53.2695691
52.2992649
51.7017546
51.5
51.7017546
52.2992649
53.2695691
54.5753788
56.1665126
57.981824
59.9515516
62
64.0484484
66.018176
67.8334874
69.4246212
70.7304309
71.7007351
72.2982454
68
67.9231411
67.6955181
67.3258784
66.8284271
66.2222809
65.5307337
64.7803613
64
63.2196387
62.4692663
61.7777191
61.1715729
60.6741216
60.3044819
60.0768589
60
60.0768589
60.3044819
60.6741216
61.1715729
61.7777191
62.4692663
63.2196387
64
64.7803613
65.5307337
66.2222809
66.8284271
67.3258784
67.6955181
67.9231411
69.3
69.198162
68.8965615
68.4067889
67.7476659
66.9445222
66.0282222
65.0339787
64
62.9660213
61.9717778
61.0554778
60.2523341
59.5932111
59.1034385
58.801838
58.7
58.801838
59.1034385
59.5932111
60.2523341
61.0554778
61.9717778
62.9660213
64
65.0339787
66.0282222
66.9445222
67.7476659
68.4067889
68.8965615
69.198162
70.6
70.4731829
70.0976049
69.4876994
68.6669048
67.6667635
66.5257107
65.2875961
64
62.7124039
61.4742893
60.3332365
59.3330952
58.5123006
57.9023951
57.5268171
57.4
57.5268171
57.9023951
58.5123006
59.3330952
60.3332365
61.4742893
62.7124039
64
65.2875961
66.5257107
67.6667635
68.6669048
69.4876994
70.0976049
70.4731829
71.9
71.7482037
71.2986483
70.5686099
69.5861436
68.3890048
67.0231991
65.5412135
64
62.4587865
60.9768009
59.6109952
58.4138564
57.4313901
56.7013517
56.2517963
56.1
56.2517963
56.7013517
57.4313901
58.4138564
59.6109952
60.9768009
62.4587865
64
65.5412135
67.0231991
68.3890048
69.5861436
70.5686099
71.2986483
71.7482037
73.2
73.0232246
72.4996917
71.6495204
70.5053824
69.1112461
67.5206876
65.794831
64
62.205169
60.4793124
58.8887539
57.4946176
56.3504796
55.5003083
54.9767754
54.8
54.9767754
55.5003083
56.3504796
57.4946176
58.8887539
60.4793124
62.205169
64
65.794831
67.5206876
69.1112461
70.5053824
71.6495204
72.4996917
73.0232246
74.5
74.2982454
73.7007351
72.7304309
71.4246212
69.8334874
68.018176
66.0484484
64
61.9515516
59.981824
58.1665126
56.5753788
55.2695691
54.2992649
53.7017546
53.5
53.7017546
54.2992649
55.2695691
56.5753788
58.1665126
59.981824
61.9515516
64
66.0484484
68.018176
69.8334874
71.4246212
72.7304309
73.7007351
74.2982454
70
69.9231411
69.6955181
69.3258784
68.8284271
68.2222809
67.5307337
66.7803613
66
65.2196387
64.4692663
63.7777191
63.1715729
62.6741216
62.3044819
62.0768589
62
62.0768589
62.3044819
62.6741216
63.1715729
63.7777191
64.4692663
65.2196387
66
66.7803613
67.5307337
68.2222809
68.8284271
69.3258784
69.6955181
69.9231411
71.3
71.198162
70.8965615
70.4067889
69.7476659
68.9445222
68.0282222
67.0339787
66
64.9660213
63.9717778
63.0554778
62.2523341
61.5932111
61.1034385
60.801838
60.7
60.801838
61.1034385
61.5932111
62.2523341
63.0554778
63.9717778
64.9660213
66
67.0339787
68.0282222
68.9445222
69.7476659
70.4067889
70.8965615
71.198162
72.6
72.4731829
72.0976049
71.4876994
70.6669048
69.6667635
68.5257107
67.2875961
66
64.7124039
63.4742893
62.3332365
61.3330952
60.5123006
59.9023951
59.5268171
59.4
59.5268171
59.9023951
60.5123006
61.3330952
62.3332365
63.4742893
64.7124039
66
67.2875961
68.5257107
69.6667635
70.6669048
71.4876994
72.0976049
72.4731829
73.9
73.7482037
73.2986483
72.5686099
71.5861436
70.3890048
69.0231991
67.5412135
66
64.4587865
62.9768009
61.6109952
60.4138564
59.4313901
58.7013517
58.2517963
58.1
58.2517963
58.7013517
59.4313901
60.4138564
61.6109952
62.9768009
64.4587865
66
67.5412135
69.0231991
70.3890048
71.5861436
72.5686099
73.2986483
73.7482037
75.2
75.0232246
74.4996917
73.6495204
72.5053824
71.1112461
69.5206876
67.794831
66
64.205169
62.4793124
60.8887539
59.4946176
58.3504796
57.5003083
56.9767754
56.8
56.9767754
57.5003083
58.3504796
59.4946176
60.8887539
62.4793124
64.205169
66
67.794831
69.5206876
71.1112461
72.5053824
73.6495204
74.4996917
75.0232246
76.5
76.2982454
75.7007351
74.7304309
73.4246212
71.8334874
70.018176
68.0484484
66
63.9515516
61.981824
60.1665126
58.5753788
57.2695691
56.2992649
55.7017546
55.5
55.7017546
56.2992649
57.2695691
58.5753788
60.1665126
61.981824
63.9515516
66
68.0484484
70.018176
71.8334874
73.4246212
74.7304309
75.7007351
76.2982454
